provider,pincode,city,state,cod_delivery,prepaid_delivery,pickup,zone_group,zone_code
,193223,Kupwara,JAMMU AND KASHMIR,Y,Y,Y,,
,248121,Dehradun,UTTARAKHAND,Y,Y,N,,
,535101,CHEEPURUPALLI,ANDHRA PRADESH,Y,Y,Y,,
,535128,CHEEPURUPALLI,ANDHRA PRADESH,Y,Y,Y,,
,535220,CHEEPURUPALLI,ANDHRA PRADESH,Y,Y,Y,,
,535102,CHEEPURUPALLI,ANDHRA PRADESH,Y,Y,Y,,
,524222,UDAYAGIRI,ANDHRA PRADESH,Y,Y,Y,,
,535125,CHEEPURUPALLI,ANDHRA PRADESH,Y,Y,Y,,
,679576,EDAPPAL,KERALA,Y,Y,Y,,
,679578,EDAPPAL,KERALA,Y,Y,Y,,
,403110,Goa,GOA,Y,Y,N,,
,422202,Dindori MH,MADHYA PRADESH,Y,Y,Y,,
,851225,Bakhri,BIHAR,Y,Y,Y,,
,712121,MOGRA,WEST BENGAL,N,N,N,,
,731131,Rajnagar WB,BIHAR,N,N,N,,
,999491,Nagpur,MAHARASHTRA,N,N,N,,
,712502,MOGRA,WEST BENGAL,N,N,N,,
,845412,Motihari,BIHAR,N,N,N,,
,800000,Patna,BIHAR,N,N,N,,
,999469,Kolkata,WEST BENGAL,N,N,N,,
,721172,Nimtouri,WEST BENGAL,N,N,N,,
,735134,Fulbari Hat,WEST BENGAL,N,N,N,,
,169349,Jaipur,RAJASTHAN,N,N,N,,
,713147,Mangalkot,WEST BENGAL,N,N,N,,
,721153,Sonakhali,WEST BENGAL,N,N,N,,
,805133,NAWADA,BIHAR,N,N,N,,
,845416,Motihari,BIHAR,N,N,N,,
,845429,Motihari,BIHAR,N,N,N,,
,723126,Para,WEST BENGAL,N,N,N,,
,762002,Phulbani,Odisha,N,N,N,,
,711320,Kolkata,WEST BENGAL,N,N,N,,
,805143,NAWADA,BIHAR,N,N,N,,
,743373,Gangasagar,WEST BENGAL,N,N,N,,
,768032,Barpali,Odisha,N,N,N,,
,844113,Fakuli,BIHAR,N,N,N,,
,770012,SUNDERGARH,Odisha,N,N,N,,
,721649,Nimtouri,WEST BENGAL,N,N,N,,
,852124,Saharsa,BIHAR,N,N,N,,
,844111,Fakuli,BIHAR,N,N,N,,
,734312,RAMBI BAZAR,WEST BENGAL,N,N,N,,
,855102,Barsoi,BIHAR,N,N,N,,
,805109,Hisua,BIHAR,N,N,N,,
,743355,Mathurapur,WEST BENGAL,N,N,N,,
,847231,MADHUBANI,BIHAR,N,N,N,,
,732204,Ratua,WEST BENGAL,N,N,N,,
,847409,Khutauna,BIHAR,N,N,N,,
,761032,KODALA,Odisha,N,N,N,,
,721630,Nimtouri,WEST BENGAL,N,N,N,,
,761035,KODALA,Odisha,N,N,N,,
,999548,Kolkata,WEST BENGAL,N,N,N,,
,999460,Telegaon,MAHARASHTRA,N,N,N,,
,402115,Mangaon,MAHARASHTRA,N,N,N,,
,402303,Mangaon,MAHARASHTRA,N,N,N,,
,403407,Goa,GOA,N,N,N,,
,413306,Piliv,MAHARASHTRA,N,N,N,,
,424311,Nashik,MAHARASHTRA,N,N,N,,
,403115,Goa,GOA,N,N,N,,
,411110,PUNE,MAHARASHTRA,N,N,N,,
,382705,Kadi GJ,GUJARAT,N,N,N,,
,431130,Gevrai,MAHARASHTRA,N,N,N,,
,413609,Andur,MAHARASHTRA,N,N,N,,
,431708,Loha,MAHARASHTRA,N,N,N,,
,413328,Piliv,MAHARASHTRA,N,N,N,,
,410406,Lonavala,MAHARASHTRA,N,N,N,,
,401205,Vasai,MAHARASHTRA,N,N,N,,
,416413,Walwa,MAHARASHTRA,N,N,N,,
,423403,Yeola,MAHARASHTRA,N,N,N,,
,413311,Piliv,MAHARASHTRA,N,N,N,,
,999459,PUNE,MAHARASHTRA,N,N,N,,
,999457,PUNE,MAHARASHTRA,N,N,N,,
,425414,Nandurbar,MAHARASHTRA,N,N,N,,
,999461,PUNE,MAHARASHTRA,N,N,N,,
,365410,Jasdan,GUJARAT,N,N,N,,
,445306,Wadki,MAHARASHTRA,N,N,N,,
,391330,VADODARA,GUJARAT,N,N,N,,
,999462,PUNE,MAHARASHTRA,N,N,N,,
,413104,Baramati,MAHARASHTRA,N,N,N,,
,999455,PUNE,MAHARASHTRA,N,N,N,,
,414605,NEWASA,MAHARASHTRA,N,N,N,,
,999466,LONI,MAHARASHTRA,N,N,N,,
,999464,PUNE,MAHARASHTRA,N,N,N,,
,431205,Pachod,MAHARASHTRA,N,N,N,,
,431118,FARDAPUR,MAHARASHTRA,N,N,N,,
,413312,Piliv,MAHARASHTRA,N,N,N,,
,413329,Piliv,MAHARASHTRA,N,N,N,,
,413611,Andur,MAHARASHTRA,N,N,N,,
,403107,Goa,GOA,N,N,N,,
,423208,Dabhadi Malegaon,MAHARASHTRA,N,N,N,,
,999456,PUNE,MAHARASHTRA,N,N,N,,
,999463,PUNE,MAHARASHTRA,N,N,N,,
,603305,Chengalpet,TAMIL NADU,N,N,N,,
,532201,TEKKALI,ANDHRA PRADESH,N,N,N,,
,621651,Trichy,TAMIL NADU,N,N,N,,
,642204,PALLIVASAL,TAMIL NADU,N,N,N,,
,509411,MADDURTG,TELANGANA,N,N,N,,
,638664,Palladam,TAMIL NADU,N,N,N,,
,621722,Trichy,TAMIL NADU,N,N,N,,
,515122,PENUKONDA,ANDHRA PRADESH,N,N,N,,
,532195,TEKKALI,ANDHRA PRADESH,N,N,N,,
,534208,Bhimavaram,ANDHRA PRADESH,N,N,N,,
,535558,Salur,ANDHRA PRADESH,N,N,N,,
,509416,MADDURTG,TELANGANA,N,N,N,,
,522604,Narasaraopet,ANDHRA PRADESH,N,N,N,,
,509413,MADDURTG,TELANGANA,N,N,N,,
,522609,Narasaraopet,ANDHRA PRADESH,N,N,N,,
,534426,Jangareddy Gudem,ANDHRA PRADESH,N,N,N,,
,603302,Chengalpet,TAMIL NADU,N,N,N,,
,500101,Shamirpet,TELANGANA,N,N,N,,
,621851,Trichy,TAMIL NADU,N,N,N,,
,523327,YERRAGONDAPALEM,ANDHRA PRADESH,N,N,N,,
,523320,Donakonda,ANDHRA PRADESH,N,N,N,,
,603401,Chengalpet,TAMIL NADU,N,N,N,,
,638011,Erode,TAMIL NADU,Y,Y,Y,,
,603313,Chengalpet,TAMIL NADU,N,N,N,,
,532203,TEKKALI,ANDHRA PRADESH,N,N,N,,
,535573,Salur,ANDHRA PRADESH,N,N,N,,
,534239,Bhimavaram,ANDHRA PRADESH,N,N,N,,
,638403,Palladam,TAMIL NADU,N,N,N,,
,621715,Trichy,TAMIL NADU,N,N,N,,
,608801,Cuddalore,TAMIL NADU,N,N,N,,
,621705,Trichy,TAMIL NADU,N,N,N,,
,533454,NAGULAPALLE,ANDHRA PRADESH,N,N,N,,
,522607,Narasaraopet,ANDHRA PRADESH,N,N,N,,
,621653,Trichy,TAMIL NADU,N,N,N,,
,502371,NARAYANKHED,TELANGANA,N,N,N,,
,523111,KANIGIRI,ANDHRA PRADESH,N,N,N,,
,641671,Palladam,TAMIL NADU,N,N,N,,
,522649,Vinukonda,ANDHRA PRADESH,N,N,N,,
,524417,OZILI,ANDHRA PRADESH,N,N,N,,
,522610,Narasaraopet,ANDHRA PRADESH,N,N,N,,
,506330,Warangal,TELANGANA,N,N,N,,
,621707,Trichy,TAMIL NADU,N,N,N,,
,509414,MADDURTG,TELANGANA,N,N,N,,
,609107,SIRKAZHI,TAMIL NADU,N,N,N,,
,603312,Chengalpet,TAMIL NADU,N,N,N,,
,506244,Jangaon,TELANGANA,N,N,N,,
,508117,Bhongir,TELANGANA,N,N,N,,
,502287,NARAYANKHED,TELANGANA,N,N,N,,
,524424,OZILI,ANDHRA PRADESH,N,N,N,,
,506223,Parkal,TELANGANA,N,N,N,,
,522510,Tadikonda,ANDHRA PRADESH,N,N,N,,
,638005,Erode,TAMIL NADU,N,N,N,,
,515124,PENUKONDA,ANDHRA PRADESH,N,N,N,,
,523306,KURICHEDU,ANDHRA PRADESH,N,N,N,,
,524418,OZILI,ANDHRA PRADESH,N,N,N,,
,515501,MUDDIGUBA,ANDHRA PRADESH,N,N,N,,
,621718,Trichy,TAMIL NADU,N,N,N,,
,533561,NAGULAPALLE,ANDHRA PRADESH,N,N,N,,
,621652,Trichy,TAMIL NADU,N,N,N,,
,603304,Chengalpet,TAMIL NADU,N,N,N,,
,621711,Trichy,TAMIL NADU,N,N,N,,
,631307,Ranipet,TAMIL NADU,N,N,N,,
,501511,Hyderabad,TELANGANA,N,N,N,,
,523307,KURICHEDU,ANDHRA PRADESH,N,N,N,,
,533453,NAGULAPALLE,ANDHRA PRADESH,N,N,N,,
,494347,Keshkal,CHHATTISGARH,N,N,N,,
,483773,Katni,MADHYA PRADESH,N,N,N,,
,491331,Dhamdha,CHHATTISGARH,N,N,N,,
,999533,Bhopal,MADHYA PRADESH,N,N,N,,
,999527,Katni,MADHYA PRADESH,N,N,N,,
,999530,Indore,MADHYA PRADESH,N,N,N,,
,999529,BUDBUDA,MADHYA PRADESH,N,N,N,,
,999528,Rewa,MADHYA PRADESH,N,N,N,,
,999538,Jabalpur,MADHYA PRADESH,N,N,N,,
,341532,DEGANA,RAJASTHAN,N,N,N,,
,125133,TOHANA,HARYANA,N,N,N,,
,224158,Milkipur,UTTAR PRADESH,N,N,N,,
,176316,CHAMBA,HIMACHAL PRADESH,N,N,N,,
,250612,BAGHPAT,UTTAR PRADESH,N,N,N,,
,209859,Lucknow,UTTAR PRADESH,N,N,N,,
,123053,Delhi NCR,DELHI,N,N,N,,
,312626,DEGANA,RAJASTHAN,N,N,N,,
,283126,Agra,UTTAR PRADESH,N,N,N,,
,227407,TIKARMAFI,UTTAR PRADESH,N,N,N,,
,203412,Siyana,UTTAR PRADESH,N,N,N,,
,203201,Jhajhar UP,UTTAR PRADESH,N,N,N,,
,999480,Jaipur,RAJASTHAN,N,N,N,,
,201203,Delhi NCR,DELHI,N,N,N,,
,250621,BAGHPAT,UTTAR PRADESH,N,N,N,,
,272203,Naugarh,UTTAR PRADESH,N,N,N,,
,341259,DEGANA,RAJASTHAN,N,N,N,,
,272208,Naugarh,UTTAR PRADESH,N,N,N,,
,344034,Baytu,RAJASTHAN,N,N,N,,
,341541,DEGANA,RAJASTHAN,N,N,N,,
,174035,Ghumarwin,HIMACHAL PRADESH,N,N,N,,
,283101,Agra,UTTAR PRADESH,N,N,N,,
,136128,Pehwa,HARYANA,Y,Y,N,,
,203135,Jhajhar UP,UTTAR PRADESH,N,N,N,,
,335062,SANGARIA,HARYANA,N,N,N,,
,341549,DEGANA,RAJASTHAN,N,N,N,,
,283115,Agra,UTTAR PRADESH,N,N,N,,
,342022,Balesar,RAJASTHAN,N,N,N,,
,246424,Chamoli,UTTARAKHAND,N,N,N,,
,312624,DEGANA,RAJASTHAN,N,N,N,,
,283104,Agra,UTTAR PRADESH,N,N,N,,
,283124,Agra,UTTAR PRADESH,N,N,N,,
,203209,Jhajhar UP,UTTAR PRADESH,N,N,N,,
,176319,Sundla,HIMACHAL PRADESH,N,N,N,,
,302009,Jaipur,RAJASTHAN,N,N,N,,
,176321,CHAMBA,HIMACHAL PRADESH,N,N,N,,
,999999,Surat,GUJARAT,N,N,N,,
,312627,DEGANA,RAJASTHAN,N,N,N,,
,246401,Chamoli,UTTARAKHAND,N,N,N,,
,203403,Siyana,UTTAR PRADESH,N,N,N,,
,132107,Madlauda HR,HARYANA,N,N,N,,
,303209,DEGANA,RAJASTHAN,N,N,N,,
,301412,Bansur,RAJASTHAN,N,N,N,,
,176032,Jawali,HIMACHAL PRADESH,N,N,N,,
,203202,Jhajhar UP,UTTAR PRADESH,N,N,N,,
,243633,BISAULI,UTTAR PRADESH,N,N,N,,
,151507,Talwandi,PUNJAB,N,N,N,,
,203141,Jhajhar UP,UTTAR PRADESH,N,N,N,,
,272204,Naugarh,UTTAR PRADESH,N,N,N,,
,250606,BAGHPAT,UTTAR PRADESH,N,N,N,,
,152113,MALOUT,PUNJAB,N,N,N,,
,999471,Jaipur,RAJASTHAN,N,N,N,,
,999485,Jaipur,RAJASTHAN,N,N,N,,
,192231,Anantnag,JAMMU AND KASHMIR,N,N,N,,
,331029,Taranagar,RAJASTHAN,N,N,N,,
,283102,Agra,UTTAR PRADESH,N,N,N,,
,152115,MALOUT,PUNJAB,N,N,N,,
,221006,VARANASI,UTTAR PRADESH,N,N,N,,
,274203,Bharkulwa,UTTAR PRADESH,N,N,N,,
,176317,Sundla,HIMACHAL PRADESH,N,N,N,,
,272207,Naugarh,UTTAR PRADESH,N,N,N,,
,202281,Atrauli,UTTAR PRADESH,N,N,N,,
,341531,DEGANA,RAJASTHAN,N,N,N,,
,335027,Keshrisinghpur,RAJASTHAN,N,N,N,,
,250619,BAGHPAT,UTTAR PRADESH,N,N,N,,
,176030,Jawali,HIMACHAL PRADESH,N,N,N,,
,341534,DEGANA,RAJASTHAN,N,N,N,,
,999477,Delhi NCR,DELHI,N,N,N,,
,203402,Siyana,UTTAR PRADESH,N,N,N,,
,283111,Agra,UTTAR PRADESH,N,N,N,,
,136129,Pehwa,HARYANA,N,N,N,,
,250620,BAGHPAT,UTTAR PRADESH,N,N,N,,
,341530,DEGANA,RAJASTHAN,N,N,N,,
,243723,BISAULI,UTTAR PRADESH,N,N,N,,
,192232,Anantnag,JAMMU AND KASHMIR,N,N,N,,
,250615,BAGHPAT,UTTAR PRADESH,N,N,N,,
,272127,Harraiya,UTTAR PRADESH,N,N,N,,
,203203,Jhajhar UP,UTTAR PRADESH,N,N,N,,
,151111,Barnala,PUNJAB,N,N,N,,
,233226,ZANGIPUR,UTTAR PRADESH,N,N,N,,
,203155,Jhajhar UP,UTTAR PRADESH,N,N,N,,
,250623,BAGHPAT,UTTAR PRADESH,N,N,N,,
,176312,Sundla,HIMACHAL PRADESH,N,N,N,,
,342312,Osian,RAJASTHAN,N,N,N,,
,999044,Hyderabad,TELANGANA,N,N,N,,
,232001,Bundi,RAJASTHAN,N,N,N,,
,222143,Mungra Badshahpur,UTTAR PRADESH,N,N,N,,
,999475,Jaipur,RAJASTHAN,N,N,N,,
,127309,Charkhi Dadri,HARYANA,N,N,N,,
,176308,Sundla,HIMACHAL PRADESH,N,N,N,,
,136136,KURUKSHETRA,HARYANA,N,N,N,,
,121011,Delhi NCR,DELHI,N,N,N,,
,312625,DEGANA,RAJASTHAN,N,N,N,,
,673516,Kuttiady,KERALA,N,N,N,,
,639136,Karur,TAMIL NADU,N,N,N,,
,591262,ATHANI,KARNATAKA,N,N,N,,
,682029,THOPPUMPADI,KERALA,N,N,N,,
,571121,H D KOTE,KARNATAKA,N,N,N,,
,673542,AYANCHERY,KERALA,N,N,N,,
,586210,Korthi Kolar,KARNATAKA,N,N,N,,
,573159,Channarayapatna,KARNATAKA,N,N,N,,
,586154,ATHANI,KARNATAKA,N,N,N,,
,587301,Jamkhandi,KARNATAKA,N,N,N,,
,591256,ATHANI,KARNATAKA,N,N,N,,
,673544,AYANCHERY,KERALA,N,N,N,,
,583217,Holala,KARNATAKA,N,N,N,,
,626119,Muthuramanapatti,TAMIL NADU,N,N,N,,
,626104,Muthuramanapatti,TAMIL NADU,N,N,N,,
,583126,HOSAHALLI,KARNATAKA,N,N,N,,
,686605,Kottayam,KERALA,N,N,N,,
,572218,HULIYAR,KARNATAKA,N,N,N,,
,682006,THOPPUMPADI,KERALA,N,N,N,,
,682004,THOPPUMPADI,KERALA,N,N,N,,
,583122,Sirguppa,KARNATAKA,N,N,N,,
,638752,Erode,TAMIL NADU,N,N,N,,
,591327,ATHANI,KARNATAKA,N,N,N,,
,606109,Ulundurpettai,TAMIL NADU,N,N,N,,
,591184,ATHANI,KARNATAKA,N,N,N,,
,591248,ATHANI,KARNATAKA,N,N,N,,
,591501,ATHANI,KARNATAKA,N,N,N,,
,639113,Karur,TAMIL NADU,N,N,N,,
,572113,BANGALORE,KARNATAKA,N,N,N,,
,591322,ATHANI,KARNATAKA,N,N,N,,
,673511,Kuttiady,KERALA,N,N,N,,
,591230,ATHANI,KARNATAKA,N,N,N,,
,670614,Valiyannur,KERALA,N,N,N,,
,682008,THOPPUMPADI,KERALA,N,N,N,,
,562104,BANGALORE,KARNATAKA,N,N,N,,
,606205,KALLAKURUCHI,TAMIL NADU,N,N,N,,
,562121,Harohalli,KARNATAKA,N,N,N,,
,591147,BAILHONGAL,KARNATAKA,N,N,N,,
,682003,THOPPUMPADI,KERALA,N,N,N,,
,673518,Kuttiady,KERALA,N,N,N,,
,587206,Ramdurg,KARNATAKA,N,N,N,,
,591265,ATHANI,KARNATAKA,N,N,N,,
,638055,VIJAYAMANGALAM,TAMIL NADU,N,N,N,,
,639109,Karur,TAMIL NADU,N,N,N,,
,591328,ATHANI,KARNATAKA,N,N,N,,
,673512,Kuttiady,KERALA,N,N,N,,
,673309,Mahe,KERALA,N,N,N,,
,591121,BAILHONGAL,KARNATAKA,N,N,N,,
,562300,DEVANAHALLI,KARNATAKA,N,N,N,,
,591249,ATHANI,KARNATAKA,N,N,N,,
,673027,KOZHIKODE,KERALA,N,N,N,,
,591341,ATHANI,KARNATAKA,N,N,N,,
,625701,Muthuramanapatti,TAMIL NADU,N,N,N,,
,636303,METTUR,TAMIL NADU,N,N,N,,
,571114,H D KOTE,KARNATAKA,N,N,N,,
,682010,THOPPUMPADI,KERALA,N,N,N,,
,577245,Bhadravathi,KARNATAKA,N,N,N,,
,625707,Muthuramanapatti,TAMIL NADU,N,N,N,,
,572135,BANGALORE,KARNATAKA,N,N,N,,
,682007,THOPPUMPADI,KERALA,N,N,N,,
,574253,Vitla,KARNATAKA,N,N,N,,
,683582,Karukutty,KERALA,N,N,N,,
,591261,ATHANI,KARNATAKA,N,N,N,,
,591503,ATHANI,KARNATAKA,N,N,N,,
,572228,HULIYAR,KARNATAKA,N,N,N,,
,573220,Hassan,KARNATAKA,N,N,N,,
,626109,Muthuramanapatti,TAMIL NADU,N,N,N,,
,626103,SIVAKASI,TAMIL NADU,N,N,N,,
,562222,BANGALORE,KARNATAKA,N,N,N,,
,680546,Wadakkanchery,KERALA,N,N,N,,
,626005,Virudhunagar,TAMIL NADU,N,N,N,,
,639118,Karur,TAMIL NADU,N,N,N,,
,626106,Muthuramanapatti,TAMIL NADU,N,N,N,,
,591258,ATHANI,KARNATAKA,N,N,N,,
,573151,Channarayapatna,KARNATAKA,N,N,N,,
,638151,Karur,TAMIL NADU,N,N,N,,
,591257,ATHANI,KARNATAKA,N,N,N,,
,577116,Kadur,KARNATAKA,N,N,N,,
,691560,Pathanamthitta,KERALA,N,N,N,,
,574225,Moodabidri,KARNATAKA,N,N,N,,
,591260,ATHANI,KARNATAKA,N,N,N,,
,695510,Trivandrum,KERALA,N,N,N,,
,585413,Bidar,KARNATAKA,N,N,N,,
,574325,Vitla,KARNATAKA,N,N,N,,
,562103,BANGALORE,KARNATAKA,N,N,N,,
,574234,Belthangady,KARNATAKA,N,N,N,,
,562152,BANGALORE,KARNATAKA,N,N,N,,
,673510,Kuttiady,KERALA,N,N,N,,
,587155,Ramdurg,KARNATAKA,N,N,N,,
,577138,Kadur,KARNATAKA,N,N,N,,
,673500,Kuttiady,KERALA,N,N,N,,
,586146,ATHANI,KARNATAKA,N,N,N,,
,691566,Pathanamthitta,KERALA,N,N,N,,
,799125,SABROOM,TRIPURA,N,N,N,,
,788113,Meherpur,ASSAM,N,N,N,,
,799142,SABROOM,TRIPURA,N,N,N,,
,781127,Goalpara,ASSAM,N,N,N,,
,783130,Goalpara,ASSAM,N,N,N,,
,799202,KHOWAI,TRIPURA,N,N,N,,
,787032,NOWBOICHA,ASSAM,N,N,N,,
,900063,Bhiwandi,MAHARASHTRA,N,N,N,,
,799141,SABROOM,TRIPURA,N,N,N,,
,798620,Zunheboto,NAGALAND,N,N,N,,
,799144,SABROOM,TRIPURA,N,N,N,,
,788117,Meherpur,ASSAM,N,N,N,,
,781135,Goalpara,ASSAM,N,N,N,,
,788816,Silchar,ASSAM,N,N,N,,
,100000,Delhi NCR,DELHI,N,N,N,,
,794106,Mahendraganj,MEGHALAYA,N,N,N,,
,799207,KHOWAI,TRIPURA,N,N,N,,
,791112,Naharlagun,ARUNACHAL PRADESH,N,N,N,,
,783123,Goalpara,ASSAM,N,N,N,,
,900023,Bhiwandi,MAHARASHTRA,N,N,N,,
,781123,Goalpara,ASSAM,N,N,N,,
,799201,KHOWAI,TRIPURA,N,N,N,,
,791109,Naharlagun,ARUNACHAL PRADESH,N,N,N,,
,403001,Panjim,GOA,Y,Y,N,,
,411042,PUNE,MAHARASHTRA,Y,Y,N,,
,403002,Panjim,GOA,Y,Y,N,,
,127030,Badhara,HARYANA,Y,Y,N,,
,151201,Jaitu,PUNJAB,N,N,N,,
,127310,Badhara,HARYANA,Y,Y,N,,
,127308,Badhara,HARYANA,Y,Y,N,,
,151202,Jaitu,PUNJAB,Y,Y,Y,,
,151205,Jaitu,PUNJAB,N,N,N,,
,331002,Churu,RAJASTHAN,Y,Y,N,,
,249301,DEV PRAYAG,UTTARAKHAND,Y,Y,Y,,
,151208,Jaitu,PUNJAB,N,N,N,,
,604405,Tiruvannamalai,TAMIL NADU,N,N,N,,
,604505,Tiruvannamalai,TAMIL NADU,N,N,N,,
,504309,Adilabad,TELANGANA,Y,Y,N,,
,604408,Tiruvannamalai,TAMIL NADU,N,N,N,,
,604406,Tiruvannamalai,TAMIL NADU,N,N,N,,
,604404,Tiruvannamalai,TAMIL NADU,N,N,N,,
,604403,Tiruvannamalai,TAMIL NADU,N,N,N,,
,797111,Wokha,NAGALAND,Y,Y,Y,,
,382305,Jamnagar,GUJARAT,Y,Y,N,,
,328022,BARI RJ,RAJASTHAN,Y,Y,N,,
,312623,Arnod,RAJASTHAN,Y,Y,N,,
,250101,BAGHPAT,UTTAR PRADESH,Y,Y,Y,,
,250601,BAGHPAT,UTTAR PRADESH,Y,Y,Y,,
,209306,AKBARPUR KANPUR DEHAT,UTTAR PRADESH,Y,Y,N,,
,221404,Bhadohi,UTTAR PRADESH,Y,Y,N,,
,209302,AKBARPUR KANPUR DEHAT,UTTAR PRADESH,Y,Y,N,,
,143602,Fatehgarh Churiyan,PUNJAB,N,N,N,,
,281504,CHHATA,UTTAR PRADESH,Y,Y,Y,,
,191111,BUDGAM,JAMMU AND KASHMIR,Y,Y,N,,
,143601,Fatehgarh Churiyan,PUNJAB,Y,Y,Y,,
,281503,CHHATA,UTTAR PRADESH,Y,Y,Y,,
,501501,PARGI,TELANGANA,Y,Y,Y,,
,795132,Imphal,MANIPUR,Y,Y,Y,,
,795127,Kakching,MANIPUR,Y,Y,Y,,
,563160,BANGALORE,KARNATAKA,N,N,Y,,
,387120,Ahmedabad,GUJARAT,N,N,N,,
,495118,Pendra,CHHATTISGARH,Y,Y,Y,,
,532458,Srikakulam,ANDHRA PRADESH,Y,Y,N,,
,532459,Srikakulam,ANDHRA PRADESH,Y,Y,N,,
,532190,Srikakulam,ANDHRA PRADESH,Y,Y,Y,,
,574222,BC Road,KARNATAKA,N,N,N,,
,581196,Kalghatgi,KARNATAKA,Y,Y,N,,
,416116,Ichalkaranji,MAHARASHTRA,Y,Y,N,,
,303329,Jobner,RAJASTHAN,Y,Y,N,,
,230142,Madhavganj,UTTAR PRADESH,Y,Y,N,,
,202138,Khair UP,UTTAR PRADESH,Y,Y,Y,,
,193222,Kupwara,JAMMU AND KASHMIR,Y,Y,Y,,
,193224,Kupwara,JAMMU AND KASHMIR,Y,Y,Y,,
,192126,Anantnag,JAMMU AND KASHMIR,Y,Y,Y,,
,333516,Buhana,RAJASTHAN,Y,Y,N,,
,231208,Renukoot,UTTAR PRADESH,Y,Y,Y,,
,333504,Buhana,RAJASTHAN,Y,Y,N,,
,142038,Bagha Purana,PUNJAB,Y,Y,Y,,
,243637,Badayun,UTTAR PRADESH,Y,Y,N,,
,144411,PHAGWARA,PUNJAB,Y,Y,N,,
,144402,PHAGWARA,PUNJAB,Y,Y,N,,
,392230,BHAVNAGAR,GUJARAT,N,N,N,,
,824234,Gaya,BIHAR,N,N,Y,,
,403109,Goa,GOA,Y,Y,Y,,
,370140,Bhachau,GUJARAT,Y,Y,N,,
,400704,Navi Mumbai,MAHARASHTRA,Y,Y,N,,
,370141,Bhachau,GUJARAT,Y,Y,N,,
,403406,Goa,GOA,N,N,N,,
,422208,Peint,MAHARASHTRA,N,N,N,,
,403105,Goa,GOA,N,N,N,,
,281502,CHHATA,UTTAR PRADESH,Y,Y,Y,,
,303505,Nangal Rajawthan,RAJASTHAN,Y,Y,N,,
,182320,Katra,JAMMU AND KASHMIR,Y,Y,Y,,
,192401,Awantipur,JAMMU AND KASHMIR,Y,Y,Y,,
,209731,Chibramau,UTTAR PRADESH,Y,Y,Y,,
,322703,Chouth Ka Barwara,RAJASTHAN,Y,Y,N,,
,151207,Bagha Purana,PUNJAB,Y,Y,Y,,
,193401,Magam,JAMMU AND KASHMIR,Y,Y,Y,,
,276405,Azamgarh,UTTAR PRADESH,N,N,N,,
,192303,Pulwama,JAMMU AND KASHMIR,Y,Y,Y,,
,322701,Chouth Ka Barwara,RAJASTHAN,N,N,N,,
,322704,Chouth Ka Barwara,RAJASTHAN,Y,Y,N,,
,276403,Azamgarh,UTTAR PRADESH,N,N,N,,
,244411,BILLARI,UTTAR PRADESH,N,N,N,,
,182301,Katra,JAMMU AND KASHMIR,Y,Y,Y,,
,209303,AKBARPUR KANPUR DEHAT,UTTAR PRADESH,N,N,N,,
,281501,CHHATA,UTTAR PRADESH,Y,Y,Y,,
,209721,Chibramau,UTTAR PRADESH,Y,Y,Y,,
,193404,Magam,JAMMU AND KASHMIR,Y,Y,Y,,
,151102,Bhatinda,PUNJAB,Y,Y,Y,,
,244413,BILLARI,UTTAR PRADESH,N,N,N,,
,209728,Chibramau,UTTAR PRADESH,Y,Y,Y,,
,193402,Magam,JAMMU AND KASHMIR,Y,Y,Y,,
,695020,Trivandrum,KERALA,Y,Y,Y,,
,682510,Vypin,KERALA,N,N,N,,
,682501,Vypin,KERALA,Y,Y,Y,,
,682502,Vypin,KERALA,Y,Y,Y,,
,742136,KANDI,WEST BENGAL,N,N,N,,
,825106,Dhawatand,JHARKHAND,Y,Y,N,,
,742172,KANDI,WEST BENGAL,N,N,N,,
,759126,Angul,Odisha,Y,Y,Y,,
,854330,Purnia,BIHAR,Y,Y,Y,,
,759127,Angul,Odisha,N,N,N,,
,742137,KANDI,WEST BENGAL,N,N,N,,
,742161,KANDI,WEST BENGAL,N,N,N,,
,852125,SUPAUL,BIHAR,N,N,N,,
,852137,SUPAUL,BIHAR,Y,Y,Y,,
,742138,KANDI,WEST BENGAL,N,N,N,,
,766015,Jeypore,Odisha,N,N,N,,
,759015,DHENKANAL,Odisha,N,N,N,,
,768202,Jharsuguda,Odisha,Y,Y,Y,,
,742301,KANDI,WEST BENGAL,N,N,N,,
,854327,Purnia,BIHAR,N,N,N,,
,768201,Jharsuguda,Odisha,Y,Y,Y,,
,768212,Rengali,Odisha,N,N,N,,
,768200,Rengali,Odisha,N,N,N,,
,754030,Athagarh,Odisha,N,N,N,,
,735122,MEKHLIGANJ,WEST BENGAL,Y,Y,Y,,
,742139,KANDI,WEST BENGAL,N,N,N,,
,742168,KANDI,WEST BENGAL,N,N,N,,
,825329,Dhawatand,JHARKHAND,Y,Y,Y,,
,742140,KANDI,WEST BENGAL,N,N,N,,
,829204,Barwadih,JHARKHAND,N,N,N,,
,847306,BENIPATTI,BIHAR,N,N,N,,
,766014,Jeypore,Odisha,N,N,N,,
,825167,Dhawatand,JHARKHAND,Y,Y,Y,,
,735301,MEKHLIGANJ,WEST BENGAL,Y,Y,Y,,
,742170,KANDI,WEST BENGAL,N,N,N,,
,822111,Barwadih,JHARKHAND,N,N,N,,
,742132,KANDI,WEST BENGAL,N,N,N,,
,742171,KANDI,WEST BENGAL,N,N,N,,
,813201,Sultanganj,BIHAR,Y,Y,Y,,
,754006,Cuttack,Odisha,Y,Y,Y,,
,721659,Bhagabanpur,WEST BENGAL,Y,Y,Y,,
,754035,Athagarh,Odisha,N,N,N,,
,523157,Chirala,ANDHRA PRADESH,Y,Y,Y,,
,631605,KANCHIPURAM,TAMIL NADU,Y,Y,Y,,
,533401,Tuni,ANDHRA PRADESH,Y,Y,N,,
,524226,UDAYAGIRI,ANDHRA PRADESH,Y,Y,Y,,
,533124,Rajahmundry,ANDHRA PRADESH,N,N,N,,
,509360,KALWAKURTHY,TELANGANA,N,N,N,,
,535527,Parvathipuram,ANDHRA PRADESH,N,N,N,,
,631561,KANCHIPURAM,TAMIL NADU,Y,Y,Y,,
,631552,KANCHIPURAM,TAMIL NADU,Y,Y,Y,,
,523245,Ongole,ANDHRA PRADESH,N,N,N,,
,534313,DEVARAPALLI,ANDHRA PRADESH,N,N,N,,
,535501,Parvathipuram,ANDHRA PRADESH,Y,Y,Y,,
,523155,Chirala,ANDHRA PRADESH,Y,Y,Y,,
,509321,KALWAKURTHY,TELANGANA,N,N,N,,
,508221,Suryapet,TELANGANA,Y,Y,N,,
,534341,DEVARAPALLI,ANDHRA PRADESH,N,N,N,,
,531126,Tuni,ANDHRA PRADESH,Y,Y,N,,
,535522,Parvathipuram,ANDHRA PRADESH,Y,Y,Y,,
,523240,PODILI,ANDHRA PRADESH,Y,Y,Y,,
,535502,Parvathipuram,ANDHRA PRADESH,Y,Y,Y,,
,632203,AMBUR,TAMIL NADU,N,N,Y,,
,508280,Suryapet,TELANGANA,Y,Y,N,,
,502276,Siddipet,TELANGANA,N,N,N,,
,631551,KANCHIPURAM,TAMIL NADU,Y,Y,Y,,
,524310,UDAYAGIRI,ANDHRA PRADESH,Y,Y,N,,
,509358,KALWAKURTHY,TELANGANA,N,N,N,,
,631502,KANCHIPURAM,TAMIL NADU,Y,Y,Y,,
,523165,Chirala,ANDHRA PRADESH,Y,Y,Y,,
,631601,KANCHIPURAM,TAMIL NADU,Y,Y,Y,,
,523156,Chirala,ANDHRA PRADESH,Y,Y,Y,,
,531127,Tuni,ANDHRA PRADESH,Y,Y,N,,
,535521,Parvathipuram,ANDHRA PRADESH,Y,Y,Y,,
,533107,Rajahmundry,ANDHRA PRADESH,N,N,N,,
,534316,DEVARAPALLI,ANDHRA PRADESH,N,N,N,,
,497118,Baikunthpur,CHHATTISGARH,N,N,N,,
,122107,Gurgaon,HARYANA,N,N,Y,,
,795126,Nambol,MANIPUR,Y,Y,Y,,
,781306,Barama,ASSAM,Y,Y,Y,,
,795133,Moirang,MANIPUR,Y,Y,Y,,
,795011,Moirang,MANIPUR,Y,Y,Y,,
,848160,Begusarai,BIHAR,N,N,N,,
,803116,NAWADA,BIHAR,N,N,N,,
,713428,Purba Bardhaman,WEST BENGAL,Y,Y,N,,
,802183,Bihia,BIHAR,N,N,N,,
,713406,Purba Bardhaman,WEST BENGAL,Y,Y,N,,
,803121,NAWADA,BIHAR,N,N,N,,
,723214,JHALDA,WEST BENGAL,Y,Y,N,,
,802205,Motihari,BIHAR,N,N,N,,
,722149,Bankadaha,WEST BENGAL,Y,Y,N,,
,802154,Bihia,BIHAR,N,N,N,,
,803232,NAWADA,BIHAR,N,N,N,,
,803117,NAWADA,BIHAR,N,N,N,,
,142041,Bagha Purana,PUNJAB,Y,Y,Y,,
,233302,Ghazipur,UTTAR PRADESH,N,N,N,,
,142042,Bagha Purana,PUNJAB,Y,Y,Y,,
,332002,Losal,RAJASTHAN,N,N,N,,
,142043,Bagha Purana,PUNJAB,Y,Y,Y,,
,243504,Bareilly,UTTAR PRADESH,N,N,N,,
,142049,MALOUT,PUNJAB,Y,Y,Y,,
,142058,Bagha Purana,PUNJAB,Y,Y,Y,,
,630562,SHIVAGANGAI,TAMIL NADU,Y,Y,N,,
,583131,Harapanahalli,KARNATAKA,N,N,N,,
,630561,SHIVAGANGAI,TAMIL NADU,Y,Y,N,,
,642205,Pollachi,TAMIL NADU,Y,Y,N,,
,500114,Hyderabad,TELANGANA,Y,Y,N,,
,642710,Vedasanthur,TAMIL NADU,N,N,N,,
,691014,Kollam,KERALA,Y,Y,Y,,
,577415,Thirthahalli,KARNATAKA,Y,Y,N,,
,642709,Vedasanthur,TAMIL NADU,N,N,N,,
,691601,Kollam,KERALA,Y,Y,Y,,
,691501,Kollam,KERALA,Y,Y,Y,,
,642032,Palladam,TAMIL NADU,Y,Y,Y,,
,686517,Kottayam,KERALA,Y,Y,N,,
,691511,Kollam,KERALA,Y,Y,Y,,
,691503,Kollam,KERALA,Y,Y,Y,,
,642711,Vedasanthur,TAMIL NADU,N,N,N,,
,583280,ILKAL,KARNATAKA,N,N,N,,
,508256,Nalgonda,TELANGANA,N,N,N,,
,522438,PERECHARLA,ANDHRA PRADESH,N,N,N,,
,506332,NARSAMPET,TELANGANA,Y,Y,Y,,
,509202,BALANAGAR TG,TELANGANA,N,N,N,,
,522009,PERECHARLA,ANDHRA PRADESH,N,N,N,,
,506350,NARSAMPET,TELANGANA,Y,Y,Y,,
,508250,MALLEPALLY,TELANGANA,Y,Y,Y,,
,507121,Khammam,TELANGANA,N,N,N,,
,506132,NARSAMPET,TELANGANA,Y,Y,Y,,
,508234,Khammam,TELANGANA,N,N,N,,
,506122,DORNAKAL,TELANGANA,N,N,N,,
,506333,NARSAMPET,TELANGANA,Y,Y,Y,,
,522005,PERECHARLA,ANDHRA PRADESH,N,N,N,,
,506331,NARSAMPET,TELANGANA,Y,Y,Y,,
,521172,Jaggaiahpeta,ANDHRA PRADESH,Y,Y,Y,,
,506318,THORRUR,TELANGANA,N,N,N,,
,403404,Goa,GOA,N,N,N,,
,415613,Ratnagiri,MAHARASHTRA,N,N,N,,
,391775,Savli,GUJARAT,N,N,N,,
,395025,Surat,GUJARAT,Y,Y,N,,
,395026,Surat,GUJARAT,Y,Y,N,,
,391780,Savli,GUJARAT,N,N,N,,
,413218,Akkalkot,MAHARASHTRA,Y,Y,N,,
,999110,PUNE,MAHARASHTRA,Y,Y,Y,,
,412201,LONI,MAHARASHTRA,Y,Y,N,,
,395024,Surat,GUJARAT,Y,Y,N,,
,413227,Akkalkot,MAHARASHTRA,Y,Y,N,,
,224230,TANDA,UTTAR PRADESH,Y,Y,Y,,
,243403,AONLA,UTTAR PRADESH,Y,Y,N,,
,202134,KASGANJ,UTTAR PRADESH,Y,Y,Y,,
,274405,Deoria,UTTAR PRADESH,N,N,N,,
,134202,Naraingarh,HARYANA,Y,Y,N,,
,224210,TANDA,UTTAR PRADESH,Y,Y,Y,,
,207403,KASGANJ,UTTAR PRADESH,Y,Y,Y,,
,202130,Atrauli,UTTAR PRADESH,Y,Y,Y,,
,274404,Deoria,UTTAR PRADESH,N,N,N,,
,134201,Naraingarh,HARYANA,Y,Y,N,,
,335707,GHARSANA,RAJASTHAN,N,N,N,,
,243401,AONLA,UTTAR PRADESH,Y,Y,N,,
,224238,TANDA,UTTAR PRADESH,Y,Y,Y,,
,271824,Chandpara,UTTAR PRADESH,N,N,N,,
,224145,TANDA,UTTAR PRADESH,Y,Y,Y,,
,202280,Atrauli,UTTAR PRADESH,Y,Y,Y,,
,134203,Naraingarh,HARYANA,Y,Y,N,,
,276123,Azamgarh,UTTAR PRADESH,N,N,N,,
,335021,Raisinghnagar,RAJASTHAN,Y,Y,Y,,
,207401,KASGANJ,UTTAR PRADESH,Y,Y,Y,,
,334603,LUNKARANSAR,RAJASTHAN,N,N,N,,
,335711,GHARSANA,RAJASTHAN,N,N,N,,
,848201,Bakhri,BIHAR,Y,Y,N,,
,722150,DURGAPUR,WEST BENGAL,Y,Y,Y,,
,722175,Bankura,WEST BENGAL,Y,Y,Y,,
,844125,Sarai,BIHAR,N,N,N,,
,844131,Sarai,BIHAR,N,N,N,,
,722139,Bankura,WEST BENGAL,Y,Y,Y,,
,816101,BARHARWA,JHARKHAND,N,N,N,,
,722182,Bankura,WEST BENGAL,Y,Y,Y,,
,845419,Areraj,BIHAR,Y,Y,Y,,
,811314,Jhajha,BIHAR,N,N,N,,
,845417,Areraj,BIHAR,Y,Y,Y,,
,755035,Jajpur Town,Odisha,Y,Y,Y,,
,848204,Bakhri,BIHAR,Y,Y,Y,,
,845458,Areraj,BIHAR,N,N,N,,
,844117,Sarai,BIHAR,N,N,N,,
,844114,Sarai,BIHAR,N,N,N,,
,722151,DURGAPUR,WEST BENGAL,Y,Y,Y,,
,821112,Dinara,BIHAR,N,N,N,,
,851128,Begusarai,BIHAR,N,N,N,,
,845434,Areraj,BIHAR,Y,Y,Y,,
,734204,Kursheong,WEST BENGAL,Y,Y,N,,
,851111,Begusarai,BIHAR,N,N,N,,
,734201,Darjeeling,WEST BENGAL,Y,Y,N,,
,851131,Banka,BIHAR,N,N,N,,
,802213,Dinara,BIHAR,N,N,N,,
,848203,Bakhri,BIHAR,N,N,N,,
,855106,Thakurganj,BIHAR,N,N,N,,
,851120,Begusarai,BIHAR,N,N,N,,
,761055,Digapahandi,Odisha,Y,Y,Y,,
,734220,Kursheong,WEST BENGAL,N,N,N,,
,816105,BARHARWA,JHARKHAND,N,N,N,,
,722134,DURGAPUR,WEST BENGAL,Y,Y,Y,,
,811305,Jhajha,BIHAR,Y,Y,N,,
,848114,Begusarai,BIHAR,N,N,N,,
,816110,BARHARWA,JHARKHAND,N,N,N,,
,722160,DURGAPUR,WEST BENGAL,Y,Y,Y,,
,845422,Areraj,BIHAR,N,N,N,,
,721643,Shrirampur WB,WEST BENGAL,Y,Y,N,,
,851133,Begusarai,BIHAR,N,N,N,,
,848202,Bakhri,BIHAR,Y,Y,N,,
,802128,Dinara,BIHAR,N,N,N,,
,845425,Areraj,BIHAR,Y,Y,Y,,
,721632,Shrirampur WB,WEST BENGAL,Y,Y,N,,
,722156,DURGAPUR,WEST BENGAL,Y,Y,Y,,
,845411,Areraj,BIHAR,Y,Y,Y,,
,796310,Khawzawl,MIZORAM,Y,Y,Y,,
,473865,Dabra,MADHYA PRADESH,N,N,N,,
,785636,TEOK,ASSAM,Y,Y,N,,
,783330,Goalpara,ASSAM,Y,Y,N,,
,782107,Morigaon,ASSAM,Y,Y,Y,,
,785682,TEOK,ASSAM,Y,Y,N,,
,788126,Fulertal,ASSAM,Y,Y,N,,
,785611,Dergaon,ASSAM,Y,Y,Y,,
,785010,Jorhat,ASSAM,Y,Y,Y,,
,788808,Badarpur,ASSAM,Y,Y,N,,
,786612,TINGKHONG,ASSAM,Y,Y,N,,
,793103,Shillong,MEGHALAYA,Y,Y,N,,
,788101,Silchar,ASSAM,N,N,N,,
,784502,Tezpur,ASSAM,Y,Y,Y,,
,781040,Guwahati,ASSAM,Y,Y,Y,,
,793109,Jowai,MEGHALAYA,Y,Y,N,,
,785690,Sonari,ASSAM,Y,Y,Y,,
,784153,Tezpur,ASSAM,Y,Y,Y,,
,782123,Morigaon,ASSAM,Y,Y,N,,
,788103,Fulertal,ASSAM,Y,Y,N,,
,795138,THOUBAL,MANIPUR,Y,Y,Y,,
,782427,Nagaon,ASSAM,N,N,N,,
,793210,Khliehriat,MEGHALAYA,Y,Y,N,,
,788737,Hailakandi,ASSAM,Y,Y,N,,
,799035,AGARTALA,TRIPURA,Y,Y,N,,
,781303,Barama,ASSAM,Y,Y,N,,
,784110,DHEKIAJULI,ASSAM,Y,Y,Y,,
,786150,Doomdooma,ASSAM,Y,Y,N,,
,781364,Tamulpur,ASSAM,Y,Y,Y,,
,784181,Tezpur,ASSAM,Y,Y,Y,,
,788729,Karimganj,ASSAM,Y,Y,N,,
,781344,Tamulpur,ASSAM,Y,Y,Y,,
,782106,Morigaon,ASSAM,Y,Y,N,,
,785692,SAPEKHATI,ASSAM,Y,Y,Y,,
,786003,Dibrugarh,ASSAM,Y,Y,N,,
,785647,SIVSAGAR,ASSAM,Y,Y,N,,
,796017,AIZAWL,MIZORAM,Y,Y,N,,
,784145,MONGOLDOI,ASSAM,Y,Y,Y,,
,798627,Mokokchung,NAGALAND,Y,Y,Y,,
,799280,Kailashahar,TRIPURA,Y,Y,N,,
,799045,AGARTALA,TRIPURA,Y,Y,N,,
,785669,Dibrugarh,ASSAM,Y,Y,Y,,
,799266,Pencharthal,TRIPURA,Y,Y,N,,
,797106,Chumukidima,NAGALAND,Y,Y,Y,,
,781350,Barama,ASSAM,N,N,N,,
,788111,Silchar,ASSAM,Y,Y,N,,
,781150,Chandrapur,MANIPUR,Y,Y,Y,,
,796082,Kolasib,MIZORAM,Y,Y,N,,
,788709,Karimganj,ASSAM,Y,Y,N,,
,788817,Silchar,ASSAM,N,N,N,,
,795140,Nambol,MANIPUR,Y,Y,Y,,
,783351,Bilashipara,ASSAM,N,N,N,,
,796014,AIZAWL,MIZORAM,Y,Y,N,,
,798618,TULI,NAGALAND,Y,Y,N,,
,793017,Shillong,MEGHALAYA,Y,Y,N,,
,783345,Bilashipara,ASSAM,Y,Y,Y,,
,796007,AIZAWL,MIZORAM,Y,Y,N,,
,783344,Bilashipara,ASSAM,Y,Y,Y,,
,788716,Karimganj,ASSAM,Y,Y,N,,
,796009,AIZAWL,MIZORAM,Y,Y,N,,
,782003,Nagaon,ASSAM,Y,Y,N,,
,786191,Duliajan,ASSAM,Y,Y,Y,,
,785609,BOKAKHAT,ASSAM,Y,Y,N,,
,781355,Barama,ASSAM,N,N,N,,
,788706,Badarpur,ASSAM,N,N,N,,
,781101,Baihata,ASSAM,Y,Y,Y,,
,781325,BARPETA,ASSAM,Y,Y,N,,
,785685,SIVSAGAR,ASSAM,Y,Y,Y,,
,784175,BISWANATH CHARIALI,ASSAM,Y,Y,Y,,
,785107,TEOK,ASSAM,Y,Y,N,,
,781130,Bijaynagar,ASSAM,Y,Y,N,,
,786190,Doomdooma,ASSAM,Y,Y,N,,
,786052,Dibrugarh,ASSAM,Y,Y,Y,,
,786101,Dibrugarh,ASSAM,Y,Y,Y,,
,786153,Doomdooma,ASSAM,Y,Y,N,,
,781015,Bijaynagar,ASSAM,Y,Y,N,,
,785673,SIVSAGAR,ASSAM,Y,Y,N,,
,796006,AIZAWL,MIZORAM,Y,Y,N,,
,781022,Guwahati,ASSAM,Y,Y,Y,,
,785700,Jorhat,ASSAM,Y,Y,Y,,
,785020,Jorhat,ASSAM,Y,Y,N,,
,799289,Ambasa,TRIPURA,Y,Y,Y,,
,788031,Silchar,ASSAM,Y,Y,Y,,
,798623,TULI,NAGALAND,Y,Y,Y,,
,794001,Tura,MEGHALAYA,Y,Y,Y,,
,799102,Bishalgarh,TRIPURA,N,N,N,,
,795010,Imphal,MANIPUR,Y,Y,Y,,
,784168,GOHPUR,ASSAM,Y,Y,Y,,
,784001,Tezpur,ASSAM,Y,Y,N,,
,796003,AIZAWL,MIZORAM,Y,Y,N,,
,795004,Imphal,MANIPUR,Y,Y,Y,,
,785643,SIVSAGAR,ASSAM,N,N,N,,
,797103,Chumukidima,NAGALAND,Y,Y,Y,,
,799277,Kailashahar,TRIPURA,Y,Y,N,,
,781346,Barama,ASSAM,Y,Y,Y,,
,784176,BISWANATH CHARIALI,ASSAM,Y,Y,N,,
,785640,SIVSAGAR,ASSAM,Y,Y,N,,
,788006,Silchar,ASSAM,Y,Y,N,,
,781033,Guwahati,ASSAM,Y,Y,Y,,
,793004,Shillong,MEGHALAYA,Y,Y,Y,,
,786010,Dibrugarh,ASSAM,Y,Y,Y,,
,781005,Guwahati,ASSAM,Y,Y,Y,,
,785105,Majuli,ASSAM,Y,Y,N,,
,784028,Tezpur,ASSAM,Y,Y,Y,,
,799150,AGARTALA,TRIPURA,Y,Y,N,,
,785675,Dibrugarh,ASSAM,Y,Y,Y,,
,785003,Jorhat,ASSAM,N,N,N,,
,784026,Tezpur,ASSAM,N,N,N,,
,784003,Tezpur,ASSAM,Y,Y,Y,,
,788805,Badarpur,ASSAM,Y,Y,N,,
,781024,Guwahati,ASSAM,Y,Y,Y,,
,783131,Hatsingimari,ASSAM,Y,Y,Y,,
,785667,SIVSAGAR,ASSAM,Y,Y,Y,,
,799262,Dharmanagar,TRIPURA,Y,Y,N,,
,781132,Bijaynagar,ASSAM,Y,Y,N,,
,785654,SIVSAGAR,ASSAM,Y,Y,N,,
,793161,Jowai,MEGHALAYA,Y,Y,N,,
,781068,Guwahati,ASSAM,Y,Y,N,,
,784172,GOHPUR,ASSAM,Y,Y,Y,,
,788713,Karimganj,ASSAM,Y,Y,N,,
,781330,BARPETA,ASSAM,N,N,N,,
,785013,Jorhat,ASSAM,Y,Y,Y,,
,783375,Bengtol,ASSAM,Y,Y,Y,,
,788106,Fulertal,ASSAM,Y,Y,N,,
,785653,SIVSAGAR,ASSAM,Y,Y,N,,
,781001,Guwahati,ASSAM,Y,Y,Y,,
,783372,Basugaon,ASSAM,N,N,N,,
,781016,Guwahati,ASSAM,Y,Y,Y,,
,795107,Kangpopki,MANIPUR,Y,Y,Y,,
,788002,Silchar,ASSAM,Y,Y,N,,
,781025,Guwahati,ASSAM,Y,Y,Y,,
,781316,BARPETA,ASSAM,Y,Y,Y,,
,781007,Guwahati,ASSAM,Y,Y,Y,,
,785641,SIVSAGAR,ASSAM,N,N,N,,
,788166,Hailakandi,ASSAM,Y,Y,N,,
,782403,Sonapur,ASSAM,Y,Y,N,,
,791113,ITANAGAR,ARUNACHAL PRADESH,Y,Y,Y,,
,784150,Tezpur,ASSAM,Y,Y,Y,,
,787059,Dhemaji,ASSAM,N,N,N,,
,793108,Cherrapunji,MEGHALAYA,Y,Y,Y,,
,791001,Khonsa,ARUNACHAL PRADESH,Y,Y,Y,,
,784104,Tezpur,ASSAM,Y,Y,Y,,
,796001,AIZAWL,MIZORAM,Y,Y,N,,
,788781,Karimganj,ASSAM,Y,Y,N,,
,788156,Hailakandi,ASSAM,N,N,N,,
,799014,AGARTALA,TRIPURA,Y,Y,N,,
,782124,Nagaon,ASSAM,Y,Y,N,,
,786185,Tinsukia,ASSAM,N,N,N,,
,786189,Dibrugarh,ASSAM,Y,Y,Y,,
,785663,SIVSAGAR,ASSAM,Y,Y,Y,,
,786156,Doomdooma,ASSAM,Y,Y,N,,
,781103,Hajo,ASSAM,Y,Y,N,,
,781021,Guwahati,ASSAM,Y,Y,Y,,
,788802,Badarpur,ASSAM,Y,Y,N,,
,783128,Hatsingimari,ASSAM,Y,Y,Y,,
,783135,Hatsingimari,ASSAM,Y,Y,Y,,
,793119,NONGSTOIN,MEGHALAYA,Y,Y,Y,,
,785657,SIVSAGAR,ASSAM,Y,Y,N,,
,785649,SIVSAGAR,ASSAM,Y,Y,N,,
,786183,Dibrugarh,ASSAM,Y,Y,Y,,
,783374,Kokrajhar,ASSAM,Y,Y,N,,
,781030,Baihata,ASSAM,Y,Y,N,,
,781010,Guwahati,ASSAM,Y,Y,Y,,
,784154,Tezpur,ASSAM,Y,Y,N,,
,781333,Barama,ASSAM,Y,Y,Y,,
,785113,TEOK,ASSAM,Y,Y,N,,
,784101,Tezpur,ASSAM,N,N,N,,
,782141,Nagaon,ASSAM,Y,Y,N,,
,785016,Jorhat,ASSAM,Y,Y,Y,,
,795104,Senapati,MANIPUR,Y,Y,Y,,
,792124,MIAO,ARUNACHAL PRADESH,N,N,N,,
,799204,Ambasa,TRIPURA,Y,Y,Y,,
,785678,Dibrugarh,ASSAM,N,N,N,,
,786602,Duliajan,ASSAM,Y,Y,N,,
,784525,MONGOLDOI,ASSAM,Y,Y,Y,,
,786159,Doomdooma,ASSAM,Y,Y,N,,
,766692,Duliajan,ASSAM,Y,Y,Y,,
,785660,SIVSAGAR,ASSAM,Y,Y,N,,
,785686,SIVSAGAR,ASSAM,Y,Y,Y,,
,788130,Fulertal,ASSAM,Y,Y,N,,
,795115,Imphal,MANIPUR,N,N,N,,
,784004,Tezpur,ASSAM,Y,Y,Y,,
,791104,Pashighat,ASSAM,N,N,N,,
,781013,Guwahati,ASSAM,Y,Y,Y,,
,785697,SIVSAGAR,ASSAM,Y,Y,Y,,
,786145,Tinsukia,ASSAM,Y,Y,Y,,
,786053,Dibrugarh,ASSAM,Y,Y,Y,,
,784178,GOHPUR,ASSAM,Y,Y,Y,,
,788118,Meherpur,ASSAM,Y,Y,N,,
,786601,Tinsukia,ASSAM,Y,Y,Y,,
,784117,DHEKIAJULI,ASSAM,Y,Y,Y,,
,786125,Tinsukia,ASSAM,Y,Y,N,,
,785613,BOKAKHAT,ASSAM,Y,Y,N,,
,788110,Silchar,ASSAM,Y,Y,N,,
,788710,Karimganj,ASSAM,Y,Y,N,,
,785650,SIVSAGAR,ASSAM,Y,Y,N,,
,788734,Hailakandi,ASSAM,Y,Y,N,,
,788727,BAZARICHERRA,ASSAM,N,N,N,,
,781121,Baihata,ASSAM,Y,Y,N,,
,784182,Tezpur,ASSAM,Y,Y,Y,,
,782122,Morigaon,ASSAM,Y,Y,Y,,
,799260,Dharmanagar,TRIPURA,Y,Y,N,,
,790001,Bomdila,ARUNACHAL PRADESH,N,N,N,,
,781004,Guwahati,ASSAM,Y,Y,Y,,
,786154,Doomdooma,ASSAM,Y,Y,N,,
,793013,Shillong,MEGHALAYA,Y,Y,Y,,
,782101,Nagaon,ASSAM,Y,Y,N,,
,781368,Tamulpur,ASSAM,Y,Y,Y,,
,797114,Phek,NAGALAND,Y,Y,Y,,
,799145,SABROOM,TRIPURA,N,N,N,,
,799104,Amarpur,TRIPURA,N,N,N,,
,784505,Tezpur,ASSAM,N,N,N,,
,781369,Barama,ASSAM,Y,Y,Y,,
,785622,Dergaon,ASSAM,Y,Y,Y,,
,783349,Bilashipara,ASSAM,Y,Y,Y,,
,784162,Narayanpur,ASSAM,Y,Y,Y,,
,786187,DIGBOI,ASSAM,Y,Y,Y,,
,785006,Jorhat,ASSAM,Y,Y,N,,
,781343,Barama,ASSAM,Y,Y,Y,,
,788812,Badarpur,ASSAM,Y,Y,N,,
,785111,Jorhat,ASSAM,Y,Y,Y,,
,785637,TEOK,ASSAM,Y,Y,N,,
,796081,Kolasib,MIZORAM,Y,Y,N,,
,786611,TINGKHONG,ASSAM,Y,Y,N,,
,781365,Rangiya,ASSAM,N,N,N,,
,795130,LILONG,MANIPUR,Y,Y,Y,,
,784025,Tezpur,ASSAM,Y,Y,Y,,
,786179,JAGUN,ASSAM,Y,Y,Y,,
,793018,Shillong,MEGHALAYA,Y,Y,Y,,
,791101,BasarAR,ARUNACHAL PRADESH,Y,Y,N,,
,788702,Badarpur,ASSAM,Y,Y,N,,
,781313,BARPETA,ASSAM,Y,Y,Y,,
,795003,Imphal,MANIPUR,Y,Y,Y,,
,785104,Majuli,ASSAM,Y,Y,N,,
,783124,DUDHNOI,ASSAM,N,N,N,,
,781385,Rangiya,ASSAM,Y,Y,N,,
,785664,SIVSAGAR,ASSAM,Y,Y,Y,,
,788102,Fulertal,ASSAM,N,N,N,,
,784169,GOHPUR,ASSAM,Y,Y,Y,,
,784151,Tezpur,ASSAM,Y,Y,Y,,
,785626,GOLAGHAT,ASSAM,N,N,N,,
,785057,Jorhat,ASSAM,Y,Y,N,,
,793003,Shillong,MEGHALAYA,Y,Y,Y,,
,799284,Amarpur,TRIPURA,Y,Y,Y,,
,781337,Barama,ASSAM,Y,Y,Y,,
,781141,Bijaynagar,ASSAM,Y,Y,Y,,
,782103,Morigaon,ASSAM,Y,Y,N,,
,781037,Guwahati,ASSAM,Y,Y,Y,,
,781315,BARPETA,ASSAM,Y,Y,Y,,
,781366,Rangiya,ASSAM,N,N,N,,
,781309,Bhella,ASSAM,Y,Y,Y,,
,786182,DIGBOI,ASSAM,Y,Y,N,,
,796901,Saiha,MIZORAM,N,N,N,,
,783348,Bilashipara,ASSAM,Y,Y,N,,
,788108,Silchar,ASSAM,Y,Y,Y,,
,788169,Hailakandi,ASSAM,Y,Y,N,,
,784185,Tezpur,ASSAM,Y,Y,Y,,
,799130,AGARTALA,TRIPURA,Y,Y,N,,
,785646,SIVSAGAR,ASSAM,Y,Y,N,,
,781335,Barama,ASSAM,Y,Y,Y,,
,781124,Bijaynagar,ASSAM,Y,Y,Y,,
,788152,Hailakandi,ASSAM,Y,Y,N,,
,784190,MONGOLDOI,ASSAM,Y,Y,Y,,
,785621,GOLAGHAT,ASSAM,Y,Y,N,,
,785661,SIVSAGAR,ASSAM,Y,Y,Y,,
,797109,TSEMINYU,NAGALAND,Y,Y,Y,,
,799287,Halahali,TRIPURA,N,N,N,,
,785666,SIVSAGAR,ASSAM,Y,Y,Y,,
,785630,Jorhat,ASSAM,Y,Y,Y,,
,798625,LONGLENG,NAGALAND,Y,Y,N,,
,799270,Kanchanpur,TRIPURA,N,N,N,,
,799263,Pencharthal,TRIPURA,Y,Y,N,,
,785102,Majuli,ASSAM,Y,Y,N,,
,781032,Guwahati,ASSAM,Y,Y,Y,,
,786006,Dibrugarh,ASSAM,Y,Y,Y,,
,782144,Nagaon,ASSAM,Y,Y,Y,,
,781028,Guwahati,ASSAM,Y,Y,Y,,
,781354,Rangiya,ASSAM,Y,Y,Y,,
,781133,Baihata,ASSAM,Y,Y,Y,,
,793105,Shillong,MEGHALAYA,Y,Y,N,,
,781367,Tamulpur,ASSAM,Y,Y,Y,,
,781378,Barama,ASSAM,Y,Y,Y,,
,785110,Majuli,ASSAM,Y,Y,N,,
,786151,Doomdooma,ASSAM,Y,Y,N,,
,788801,Badarpur,ASSAM,Y,Y,N,,
,795116,Fulertal,ASSAM,Y,Y,Y,,
,797123,DIMAPUR,NAGALAND,N,N,N,,
,785671,SIVSAGAR,ASSAM,Y,Y,Y,,
,793009,Shillong,MEGHALAYA,Y,Y,Y,,
,791122,Daporijo,ARUNACHAL PRADESH,Y,Y,Y,,
,797112,DIMAPUR,NAGALAND,Y,Y,N,,
,781019,Guwahati,ASSAM,Y,Y,Y,,
,799156,SABROOM,TRIPURA,N,N,N,,
,798612,Tuensang,NAGALAND,Y,Y,Y,,
,788001,Silchar,ASSAM,Y,Y,N,,
,785670,Dibrugarh,ASSAM,Y,Y,Y,,
,788735,Hailakandi,ASSAM,Y,Y,N,,
,785698,SIVSAGAR,ASSAM,Y,Y,N,,
,781380,Baihata,ASSAM,Y,Y,N,,
,799210,AGARTALA,TRIPURA,Y,Y,N,,
,788160,Hailakandi,ASSAM,Y,Y,N,,
,786147,Tinsukia,ASSAM,Y,Y,Y,,
,784115,MONGOLDOI,ASSAM,N,N,N,,
,784103,Tezpur,ASSAM,N,N,N,,
,799281,Kailashahar,TRIPURA,Y,Y,N,,
,784027,Tezpur,ASSAM,Y,Y,N,,
,788712,Karimganj,ASSAM,Y,Y,N,,
,785633,Jorhat,ASSAM,Y,Y,Y,,
,788015,Meherpur,ASSAM,Y,Y,N,,
,785699,BOKAKHAT,ASSAM,Y,Y,N,,
,785658,SIVSAGAR,ASSAM,Y,Y,N,,
,785691,Sonari,ASSAM,Y,Y,N,,
,785684,SIVSAGAR,ASSAM,N,N,N,,
,793150,Jowai,MEGHALAYA,Y,Y,N,,
,796101,Kolasib,MIZORAM,Y,Y,N,,
,791102,Pashighat,ASSAM,N,N,N,,
,781402,Sonapur,ASSAM,Y,Y,Y,,
,795009,Imphal,MANIPUR,Y,Y,Y,,
,791120,ZIRO,ARUNACHAL PRADESH,Y,Y,Y,,
,788012,Meherpur,ASSAM,N,N,N,,
,782460,Diphu,ASSAM,N,N,N,,
,785644,SIVSAGAR,ASSAM,N,N,N,,
,785676,Dibrugarh,ASSAM,Y,Y,N,,
,791110,Naharlagun,ARUNACHAL PRADESH,Y,Y,N,,
,781326,BARPETA,ASSAM,Y,Y,N,,
,781372,Barama,ASSAM,Y,Y,Y,,
,785011,Jorhat,ASSAM,N,N,N,,
,781026,Guwahati,ASSAM,Y,Y,Y,,
,787033,Narayanpur,ASSAM,Y,Y,Y,,
,784105,Tezpur,ASSAM,Y,Y,Y,,
,796070,KAWNPUI,MIZORAM,Y,Y,N,,
,782138,KALIABOR,ASSAM,Y,Y,N,,
,795001,Imphal,MANIPUR,Y,Y,Y,,
,781008,Guwahati,ASSAM,Y,Y,Y,,
,781341,Barama,ASSAM,Y,Y,Y,,
,793006,Shillong,MEGHALAYA,Y,Y,Y,,
,799022,AGARTALA,TRIPURA,Y,Y,N,,
,785014,Jorhat,ASSAM,Y,Y,Y,,
,781310,Barama,ASSAM,Y,Y,Y,,
,786102,Dibrugarh,ASSAM,Y,Y,Y,,
,783331,Dhuburi,ASSAM,Y,Y,N,,
,781006,Guwahati,ASSAM,Y,Y,Y,,
,785619,BOKAKHAT,ASSAM,Y,Y,N,,
,799159,AGARTALA,TRIPURA,Y,Y,N,,
,786173,DIGBOI,ASSAM,N,N,N,,
,783134,DUDHNOI,ASSAM,N,N,N,,
,788163,Hailakandi,ASSAM,Y,Y,N,,
,786613,Dibrugarh,ASSAM,Y,Y,Y,,
,781000,Guwahati,ASSAM,Y,Y,Y,,
,784112,DHEKIAJULI,ASSAM,Y,Y,Y,,
,781018,Guwahati,ASSAM,Y,Y,Y,,
,786146,Tinsukia,ASSAM,Y,Y,Y,,
,785655,SIVSAGAR,ASSAM,Y,Y,N,,
,784165,Narayanpur,ASSAM,Y,Y,Y,,
,785694,Sonari,ASSAM,Y,Y,N,,
,788804,Badarpur,ASSAM,Y,Y,N,,
,799003,AGARTALA,TRIPURA,Y,Y,N,,
,781360,Tamulpur,ASSAM,Y,Y,Y,,
,786188,JAGUN,ASSAM,Y,Y,Y,,
,785677,Dibrugarh,ASSAM,Y,Y,Y,,
,799251,Dharmanagar,TRIPURA,Y,Y,N,,
,781012,Guwahati,ASSAM,Y,Y,Y,,
,785112,TEOK,ASSAM,Y,Y,Y,,
,782480,BOKAJAN,ASSAM,N,N,N,,
,785665,SIVSAGAR,ASSAM,Y,Y,Y,,
,793151,Jowai,MEGHALAYA,Y,Y,Y,,
,786005,Dibrugarh,ASSAM,Y,Y,Y,,
,784174,BISWANATH CHARIALI,ASSAM,Y,Y,Y,,
,788803,Badarpur,ASSAM,Y,Y,N,,
,790115,Bomdila,ARUNACHAL PRADESH,N,N,N,,
,781035,Guwahati,ASSAM,Y,Y,Y,,
,788004,Silchar,ASSAM,Y,Y,N,,
,793002,Shillong,MEGHALAYA,Y,Y,Y,,
,781125,Bijaynagar,ASSAM,Y,Y,N,,
,785103,Majuli,ASSAM,Y,Y,N,,
,785617,Jorhat,ASSAM,Y,Y,Y,,
,797107,Phek,NAGALAND,Y,Y,Y,,
,786692,Duliajan,ASSAM,Y,Y,Y,,
,781377,BARPETA,ASSAM,N,N,N,,
,783325,Dhuburi,ASSAM,Y,Y,N,,
,781349,Tamulpur,ASSAM,Y,Y,Y,,
,799211,Mohanpur,Odisha,Y,Y,N,,
,799005,AGARTALA,TRIPURA,Y,Y,N,,
,782126,Morigaon,ASSAM,Y,Y,N,,
,785618,Dergaon,ASSAM,Y,Y,Y,,
,781003,Guwahati,ASSAM,Y,Y,Y,,
,798602,TIZIT,NAGALAND,Y,Y,Y,,
,785652,SIVSAGAR,ASSAM,Y,Y,N,,
,784504,Tezpur,ASSAM,N,N,N,,
,783382,Bongaigaon,ASSAM,N,N,N,,
,787031,Lakhimpur,ASSAM,Y,Y,N,,
,781305,Bhella,ASSAM,Y,Y,Y,,
,792130,Khonsa,ARUNACHAL PRADESH,Y,Y,N,,
,796012,AIZAWL,MIZORAM,Y,Y,N,,
,781171,Guwahati,ASSAM,Y,Y,Y,,
,785642,SIVSAGAR,ASSAM,Y,Y,N,,
,799015,AGARTALA,TRIPURA,Y,Y,N,,
,788007,Silchar,ASSAM,Y,Y,N,,
,785018,Jorhat,ASSAM,N,N,N,,
,796004,AIZAWL,MIZORAM,Y,Y,N,,
,799264,KUMARGHAT,TRIPURA,Y,Y,N,,
,786008,Dibrugarh,ASSAM,Y,Y,Y,,
,782448,LANKA,ASSAM,Y,Y,Y,,
,781376,Rangiya,ASSAM,Y,Y,N,,
,799001,AGARTALA,TRIPURA,Y,Y,N,,
,782439,Howraghat,ASSAM,Y,Y,Y,,
,798617,Mokokchung,NAGALAND,Y,Y,Y,,
,797117,DIMAPUR,NAGALAND,Y,Y,N,,
,788711,Karimganj,ASSAM,Y,Y,N,,
,788728,BAZARICHERRA,ASSAM,N,N,N,,
,784161,Narayanpur,ASSAM,Y,Y,N,,
,785695,Sonari,ASSAM,N,N,N,,
,793012,Shillong,MEGHALAYA,Y,Y,Y,,
,799254,Dharmanagar,TRIPURA,Y,Y,N,,
,781023,Sonapur,ASSAM,Y,Y,N,,
,787051,Lakhimpur,ASSAM,Y,Y,N,,
,785701,SIVSAGAR,ASSAM,Y,Y,Y,,
,782401,Sonapur,ASSAM,Y,Y,Y,,
,782435,Hojai,ASSAM,N,N,N,,
,791111,ITANAGAR,ARUNACHAL PRADESH,Y,Y,N,,
,782139,KALIABOR,ASSAM,Y,Y,Y,,
,785616,Jorhat,ASSAM,Y,Y,Y,,
,785005,Jorhat,ASSAM,Y,Y,N,,
,799115,BELONIA,TRIPURA,Y,Y,N,,
,782402,Sonapur,ASSAM,Y,Y,N,,
,790003,Bomdila,ARUNACHAL PRADESH,N,N,N,,
,799012,AGARTALA,TRIPURA,Y,Y,N,,
,795136,Imphal,MANIPUR,N,N,N,,
,781328,BARPETA,ASSAM,Y,Y,N,,
,785688,Sonari,ASSAM,N,N,N,,
,786124,Tinsukia,ASSAM,Y,Y,Y,,
,785687,SIVSAGAR,ASSAM,Y,Y,N,,
,782142,Nagaon,ASSAM,Y,Y,Y,,
,785015,Jorhat,ASSAM,Y,Y,Y,,
,799261,Dharmanagar,TRIPURA,Y,Y,N,,
,785639,SIVSAGAR,ASSAM,Y,Y,N,,
,782137,KALIABOR,ASSAM,Y,Y,Y,,
,799002,AGARTALA,TRIPURA,Y,Y,N,,
,782441,Howraghat,ASSAM,Y,Y,Y,,
,782102,Nagaon,ASSAM,N,N,N,,
,781071,Guwahati,ASSAM,Y,Y,Y,,
,799004,AGARTALA,TRIPURA,Y,Y,N,,
,781319,BARPETA,ASSAM,Y,Y,Y,,
,788109,Silchar,ASSAM,Y,Y,Y,,
,781375,Barama,ASSAM,N,N,N,,
,793011,Shillong,MEGHALAYA,Y,Y,Y,,
,795103,Kakching,MANIPUR,Y,Y,N,,
,781347,Barama,ASSAM,Y,Y,Y,,
,783388,Bongaigaon,ASSAM,N,N,N,,
,796015,AIZAWL,MIZORAM,Y,Y,N,,
,785662,SIVSAGAR,ASSAM,Y,Y,N,,
,788011,Meherpur,ASSAM,Y,Y,N,,
,795149,THOUBAL,MANIPUR,Y,Y,Y,,
,793160,Khliehriat,MEGHALAYA,Y,Y,Y,,
,782411,Chandrapur,MANIPUR,Y,Y,Y,,
,799290,KUMARGHAT,TRIPURA,Y,Y,N,,
,786012,Dibrugarh,ASSAM,Y,Y,Y,,
,785680,TEOK,ASSAM,Y,Y,N,,
,787001,Lakhimpur,ASSAM,Y,Y,N,,
,782001,Nagaon,ASSAM,Y,Y,N,,
,781382,Rangiya,ASSAM,Y,Y,N,,
,781102,Hajo,ASSAM,Y,Y,N,,
,791304,Shillong,MEGHALAYA,Y,Y,N,,
,788790,Karimganj,ASSAM,Y,Y,N,,
,788151,Hailakandi,ASSAM,Y,Y,N,,
,782127,Morigaon,ASSAM,N,N,N,,
,781340,Barama,ASSAM,Y,Y,Y,,
,788806,Badarpur,ASSAM,Y,Y,N,,
,794105,AMPATI,MEGHALAYA,N,N,N,,
,793022,Shillong,MEGHALAYA,Y,Y,Y,,
,781374,Barama,ASSAM,Y,Y,Y,,
,782136,KALIABOR,ASSAM,Y,Y,Y,,
,783380,Bongaigaon,ASSAM,Y,Y,N,,
,786054,Dibrugarh,ASSAM,Y,Y,Y,,
,781334,Barama,ASSAM,Y,Y,Y,,
,786171,DIGBOI,ASSAM,Y,Y,Y,,
,793007,Shillong,MEGHALAYA,Y,Y,Y,,
,782426,Nagaon,ASSAM,N,N,N,,
,788010,Meherpur,ASSAM,Y,Y,N,,
,784125,MONGOLDOI,ASSAM,Y,Y,Y,,
,799132,BELONIA,TRIPURA,Y,Y,N,,
,783323,Dhuburi,ASSAM,Y,Y,N,,
,785624,GOLAGHAT,ASSAM,Y,Y,N,,
,788104,Fulertal,ASSAM,Y,Y,Y,,
,786148,Tinsukia,ASSAM,Y,Y,Y,,
,799007,AGARTALA,TRIPURA,Y,Y,N,,
,788155,Hailakandi,ASSAM,Y,Y,N,,
,781128,Bijaynagar,ASSAM,Y,Y,Y,,
,786181,DIGBOI,ASSAM,Y,Y,Y,,
,785012,Jorhat,ASSAM,Y,Y,N,,
,785610,GOLAGHAT,ASSAM,N,N,N,,
,799278,Ambasa,TRIPURA,Y,Y,Y,,
,785672,SIVSAGAR,ASSAM,Y,Y,Y,,
,785002,Jorhat,ASSAM,Y,Y,Y,,
,781370,Barama,ASSAM,Y,Y,Y,,
,781311,Bhella,ASSAM,Y,Y,Y,,
,783394,Bengtol,ASSAM,Y,Y,N,,
,785009,Jorhat,ASSAM,Y,Y,Y,,
,782010,Nagaon,ASSAM,Y,Y,Y,,
,781112,Bijaynagar,ASSAM,N,N,N,,
,794101,Tura,MEGHALAYA,Y,Y,Y,,
,781131,Bijaynagar,ASSAM,Y,Y,N,,
,799010,AGARTALA,TRIPURA,Y,Y,N,,
,784184,BISWANATH CHARIALI,ASSAM,Y,Y,Y,,
,793005,Shillong,MEGHALAYA,Y,Y,Y,,
,785634,Jorhat,ASSAM,Y,Y,Y,,
,788014,Meherpur,ASSAM,Y,Y,N,,
,798614,Changtongya,NAGALAND,Y,Y,Y,,
,794115,AMPATI,MEGHALAYA,N,N,N,,
,783122,DUDHNOI,ASSAM,N,N,N,,
,781301,BARPETA,ASSAM,Y,Y,N,,
,785631,Jorhat,ASSAM,Y,Y,Y,,
,782104,Nagaon,ASSAM,Y,Y,N,,
,793200,Khliehriat,MEGHALAYA,Y,Y,N,,
,796005,AIZAWL,MIZORAM,Y,Y,N,,
,795114,Imphal,MANIPUR,Y,Y,Y,,
,793014,Shillong,MEGHALAYA,Y,Y,N,,
,784177,BISWANATH CHARIALI,ASSAM,Y,Y,Y,,
,781348,Barama,ASSAM,Y,Y,N,,
,781304,Barama,ASSAM,Y,Y,N,,
,799286,Halahali,TRIPURA,N,N,N,,
,781351,Barama,ASSAM,Y,Y,Y,,
,785689,Sonari,ASSAM,Y,Y,N,,
,781137,Bijaynagar,ASSAM,N,N,N,,
,782482,Howraghat,ASSAM,Y,Y,Y,,
,788720,Karimganj,ASSAM,Y,Y,N,,
,797110,Chumukidima,NAGALAND,Y,Y,Y,,
,782413,Nagaon,ASSAM,Y,Y,N,,
,786192,Tinsukia,ASSAM,Y,Y,Y,,
,799271,Kanchanpur,TRIPURA,N,N,N,,
,782429,Hojai,ASSAM,N,N,N,,
,793008,Shillong,MEGHALAYA,Y,Y,Y,,
,785627,GOLAGHAT,ASSAM,Y,Y,N,,
,793021,Shillong,MEGHALAYA,Y,Y,Y,,
,790101,DIRANG,ARUNACHAL PRADESH,Y,Y,Y,,
,796025,AIZAWL,MIZORAM,Y,Y,N,,
,782410,Sonapur,ASSAM,Y,Y,Y,,
,788168,Hailakandi,ASSAM,Y,Y,N,,
,797118,DIMAPUR,NAGALAND,N,N,N,,
,788733,Hailakandi,ASSAM,Y,Y,N,,
,799288,KUMARGHAT,TRIPURA,Y,Y,N,,
,781352,BARPETA,ASSAM,N,N,N,,
,785656,SIVSAGAR,ASSAM,Y,Y,N,,
,785679,SIVSAGAR,ASSAM,Y,Y,N,,
,781104,Hajo,ASSAM,Y,Y,Y,,
,785696,SIVSAGAR,ASSAM,Y,Y,N,,
,785001,Jorhat,ASSAM,Y,Y,N,,
,784010,Tezpur,ASSAM,Y,Y,Y,,
,785614,Dergaon,ASSAM,Y,Y,N,,
,782446,LANKA,ASSAM,Y,Y,Y,,
,799279,Kailashahar,TRIPURA,Y,Y,N,,
,781345,Barama,ASSAM,Y,Y,Y,,
,785651,SIVSAGAR,ASSAM,Y,Y,N,,
,796008,AIZAWL,MIZORAM,Y,Y,N,,
,785704,Jorhat,ASSAM,Y,Y,Y,,
,781327,BARPETA,ASSAM,N,N,N,,
,783369,Basugaon,ASSAM,N,N,N,,
,799006,AGARTALA,TRIPURA,Y,Y,N,,
,784146,MONGOLDOI,ASSAM,Y,Y,Y,,
,788003,Silchar,ASSAM,Y,Y,N,,
,782125,Nagaon,ASSAM,Y,Y,N,,
,785615,BOKAKHAT,ASSAM,Y,Y,N,,
,791119,ZIRO,ARUNACHAL PRADESH,Y,Y,Y,,
,784152,Tezpur,ASSAM,Y,Y,Y,,
,783132,Goalpara,ASSAM,Y,Y,Y,,
,783381,Bongaigaon,ASSAM,Y,Y,N,,
,781039,Baihata,ASSAM,Y,Y,Y,,
,790116,Bomdila,ARUNACHAL PRADESH,N,N,N,,
,796701,Lunglei,MIZORAM,Y,Y,N,,
,793001,Shillong,MEGHALAYA,Y,Y,N,,
,781029,Guwahati,ASSAM,Y,Y,Y,,
,784180,Tezpur,ASSAM,Y,Y,Y,,
,793016,Shillong,MEGHALAYA,Y,Y,Y,,
,793101,Sonapur,ASSAM,Y,Y,N,,
,785101,Jorhat,ASSAM,Y,Y,Y,,
,788008,Silchar,ASSAM,Y,Y,N,,
,788107,Fulertal,ASSAM,N,N,N,,
,798601,Mokokchung,NAGALAND,Y,Y,N,,
,781373,BARPETA,ASSAM,N,N,N,,
,783370,Kokrajhar,ASSAM,Y,Y,N,,
,782462,Diphu,ASSAM,N,N,N,,
,784529,MONGOLDOI,ASSAM,Y,Y,Y,,
,781034,Guwahati,ASSAM,Y,Y,Y,,
,799009,AGARTALA,TRIPURA,Y,Y,N,,
,795150,Senapati,MANIPUR,Y,Y,Y,,
,785693,SAPEKHATI,ASSAM,Y,Y,N,,
,785681,TEOK,ASSAM,N,N,N,,
,788815,Silchar,ASSAM,N,N,N,,
,784113,MONGOLDOI,ASSAM,N,N,N,,
,785702,GOLAGHAT,ASSAM,Y,Y,N,,
,798613,Changtongya,NAGALAND,Y,Y,N,,
,795005,Imphal,MANIPUR,Y,Y,Y,,
,782412,Nagaon,ASSAM,Y,Y,N,,
,799046,AGARTALA,TRIPURA,Y,Y,N,,
,784503,Tezpur,ASSAM,N,N,N,,
,786007,Dibrugarh,ASSAM,Y,Y,Y,,
,797108,Phek,NAGALAND,Y,Y,Y,,
,791125,Dhemaji,ASSAM,N,N,N,,
,786103,Dibrugarh,ASSAM,N,N,N,,
,785659,SIVSAGAR,ASSAM,Y,Y,N,,
,784116,MONGOLDOI,ASSAM,N,N,N,,
,785683,TEOK,ASSAM,Y,Y,N,,
,795008,Imphal,MANIPUR,Y,Y,Y,,
,799285,Halahali,TRIPURA,N,N,N,,
,785628,GOLAGHAT,ASSAM,Y,Y,N,,
,794109,Goalpara,ASSAM,Y,Y,Y,,
,788164,Hailakandi,ASSAM,Y,Y,N,,
,786126,Tinsukia,ASSAM,Y,Y,Y,,
,786172,DIGBOI,ASSAM,N,N,N,,
,782105,Nagaon,ASSAM,Y,Y,N,,
,784164,Narayanpur,ASSAM,Y,Y,Y,,
,786121,Tinsukia,ASSAM,Y,Y,Y,,
,786152,Doomdooma,ASSAM,Y,Y,N,,
,792122,MIAO,ARUNACHAL PRADESH,N,N,N,,
,788167,Hailakandi,ASSAM,N,N,N,,
,795146,Imphal,MANIPUR,N,N,N,,
,781031,Baihata,ASSAM,Y,Y,Y,,
,786009,Dibrugarh,ASSAM,Y,Y,Y,,
,799282,Kailashahar,TRIPURA,Y,Y,N,,
,782447,Lumding,ASSAM,Y,Y,N,,
,786615,NAHARKATIA,ASSAM,Y,Y,N,,
,799212,Mohanpur,Odisha,Y,Y,N,,
,786001,Dibrugarh,ASSAM,Y,Y,N,,
,782481,Howraghat,ASSAM,Y,Y,N,,
,781038,Guwahati,ASSAM,Y,Y,Y,,
,784183,Tezpur,ASSAM,Y,Y,Y,,
,788005,Silchar,ASSAM,Y,Y,N,,
,781134,Bijaynagar,ASSAM,Y,Y,Y,,
,781009,Guwahati,ASSAM,Y,Y,Y,,
,785635,Jorhat,ASSAM,Y,Y,Y,,
,793010,Shillong,MEGHALAYA,Y,Y,Y,,
,781371,Barama,ASSAM,Y,Y,Y,,
,781027,Guwahati,ASSAM,Y,Y,Y,,
,799269,Kanchanpur,TRIPURA,N,N,N,,
,782143,KALIABOR,ASSAM,Y,Y,Y,,
,785625,GOLAGHAT,ASSAM,Y,Y,N,,
,782120,KALIABOR,ASSAM,Y,Y,Y,,
,781120,Bijaynagar,ASSAM,Y,Y,N,,
,781017,Bijaynagar,ASSAM,Y,Y,N,,
,785008,Jorhat,ASSAM,Y,Y,N,,
,786184,Dibrugarh,ASSAM,Y,Y,Y,,
,799100,Bishalgarh,TRIPURA,N,N,N,,
,782442,LANKA,ASSAM,Y,Y,Y,,
,783324,Dhuburi,ASSAM,Y,Y,Y,,
,799155,AGARTALA,TRIPURA,Y,Y,N,,
,781020,Guwahati,ASSAM,Y,Y,Y,,
,781036,Guwahati,ASSAM,Y,Y,Y,,
,795002,Imphal,MANIPUR,N,N,N,,
,788708,Karimganj,ASSAM,Y,Y,N,,
,781111,Bijaynagar,ASSAM,Y,Y,Y,,
,785638,TEOK,ASSAM,N,N,N,,
,795135,Kakching,MANIPUR,Y,Y,Y,,
,785648,SIVSAGAR,ASSAM,N,N,N,,
,781014,Guwahati,ASSAM,Y,Y,Y,,
,783301,Dhuburi,ASSAM,Y,Y,N,,
,784501,Tezpur,ASSAM,Y,Y,Y,,
,785612,BOKAKHAT,ASSAM,Y,Y,N,,
,781381,Baihata,ASSAM,Y,Y,N,,
,785668,SIVSAGAR,ASSAM,N,N,N,,
,785632,Jorhat,ASSAM,Y,Y,Y,,
,781317,BARPETA,ASSAM,Y,Y,Y,,
,795122,Kangpopki,MANIPUR,Y,Y,Y,,
,786170,Tinsukia,ASSAM,Y,Y,Y,,
,786180,DIGBOI,ASSAM,Y,Y,Y,,
,793102,NONGPOH,MEGHALAYA,Y,Y,Y,,
,784147,MONGOLDOI,ASSAM,Y,Y,N,,
,793120,Mairangbah,MEGHALAYA,Y,Y,Y,,
,788731,Hailakandi,ASSAM,Y,Y,N,,
,799143,SABROOM,TRIPURA,N,N,N,,
,783392,BARPETA,ASSAM,Y,Y,Y,,
,788736,Hailakandi,ASSAM,Y,Y,N,,
,797113,DIMAPUR,NAGALAND,Y,Y,Y,,
,784173,DHEKIAJULI,ASSAM,Y,Y,Y,,
,795148,THOUBAL,MANIPUR,Y,Y,Y,,
,786186,DIGBOI,ASSAM,Y,Y,Y,,
,799253,Dharmanagar,TRIPURA,Y,Y,N,,
,785007,Jorhat,ASSAM,Y,Y,Y,,
,796321,Champhai,MIZORAM,Y,Y,N,,
,796181,Serchip,MIZORAM,Y,Y,N,,
,786610,NAHARKATIA,ASSAM,Y,Y,N,,
,784102,Tezpur,ASSAM,N,N,N,,
,781011,Guwahati,ASSAM,Y,Y,Y,,
,785674,SIVSAGAR,ASSAM,Y,Y,N,,
,781339,Barama,ASSAM,Y,Y,Y,,
,783129,Goalpara,ASSAM,Y,Y,Y,,
,793019,Shillong,MEGHALAYA,Y,Y,Y,,
,785629,Jorhat,ASSAM,Y,Y,Y,,
,781122,Bijaynagar,ASSAM,Y,Y,Y,,
,788030,Silchar,ASSAM,Y,Y,Y,,
,781353,Barama,ASSAM,Y,Y,N,,
,784002,Tezpur,ASSAM,Y,Y,Y,,
,799131,BELONIA,TRIPURA,Y,Y,N,,
,796002,AIZAWL,MIZORAM,Y,Y,N,,
,799008,AGARTALA,TRIPURA,Y,Y,N,,
,786004,Dibrugarh,ASSAM,Y,Y,Y,,
,788098,Fulertal,ASSAM,Y,Y,N,,
,788814,Badarpur,ASSAM,Y,Y,N,,
,798621,MON,NAGALAND,Y,Y,Y,,
,788705,Karimganj,ASSAM,Y,Y,N,,
,795113,LANGJING,MANIPUR,Y,Y,Y,,
,786002,Dibrugarh,ASSAM,Y,Y,N,,
,784189,Tezpur,ASSAM,Y,Y,Y,,
,785645,SIVSAGAR,ASSAM,Y,Y,N,,
,799103,Bishalgarh,TRIPURA,N,N,N,,
,785703,Dergaon,ASSAM,Y,Y,Y,,
,785106,Majuli,ASSAM,Y,Y,N,,
,782002,Nagaon,ASSAM,Y,Y,N,,
,799101,Amarpur,TRIPURA,Y,Y,N,,
,781329,BARPETA,ASSAM,Y,Y,N,,
,788009,Silchar,ASSAM,Y,Y,Y,,
,784144,MONGOLDOI,ASSAM,Y,Y,Y,,
,781336,Barama,ASSAM,Y,Y,N,,
,795134,Nambol,MANIPUR,Y,Y,Y,,
,782108,Morigaon,ASSAM,Y,Y,N,,
,781002,Guwahati,ASSAM,Y,Y,N,,
,785004,Jorhat,ASSAM,Y,Y,Y,,
,799250,Dharmanagar,TRIPURA,Y,Y,N,,
,803129,BiharSharif,BIHAR,Y,Y,Y,,
,848183,Samastipur,BIHAR,Y,Y,Y,,
,741181,Plassey,WEST BENGAL,Y,Y,N,,
,700011,Kolkata,WEST BENGAL,Y,Y,Y,,
,845485,Bettiah,BIHAR,Y,Y,Y,,
,742121,Hariharpara,WEST BENGAL,Y,Y,Y,,
,741123,Dhubulia,WEST BENGAL,Y,Y,N,,
,826004,Dhanbad,JHARKHAND,Y,Y,Y,,
,812001,Bhagalpur,BIHAR,Y,Y,Y,,
,847428,Simri,BIHAR,Y,Y,Y,,
,752066,RAJSUNAKHALA,Odisha,Y,Y,N,,
,742308,DURGAPUR,WEST BENGAL,Y,Y,Y,,
,851122,Begusarai,BIHAR,Y,Y,N,,
,756036,Chandaneswar,Odisha,N,N,N,,
,754284,Nischintakoili,Odisha,Y,Y,Y,,
,768038,Bargarh,Odisha,Y,Y,Y,,
,756048,Khaira,Odisha,Y,Y,Y,,
,852136,SUPAUL,BIHAR,N,N,N,,
,735225,BANARHAT,WEST BENGAL,N,N,N,,
,712616,GOGHAT,WEST BENGAL,Y,Y,Y,,
,841316,Chhapra,BIHAR,N,N,N,,
,822112,Nagaruntari,JHARKHAND,N,N,N,,
,843342,SITAMARHI,BIHAR,Y,Y,Y,,
,814119,DUMKA,JHARKHAND,N,N,N,,
,843110,Patepur,BIHAR,N,N,N,,
,743702,Barasat,WEST BENGAL,Y,Y,N,,
,829137,Ramgarh,JHARKHAND,Y,Y,Y,,
,721504,Binpur,WEST BENGAL,Y,Y,N,,
,751017,Bhubaneswar,Odisha,Y,Y,Y,,
,736167,Sitalkuchi,WEST BENGAL,N,N,N,,
,815353,Madhupur,JHARKHAND,Y,Y,Y,,
,711202,HOWRAH,WEST BENGAL,Y,Y,Y,,
,814152,Deoghar,JHARKHAND,Y,Y,Y,,
,754217,Kendrapara,Odisha,Y,Y,Y,,
,743504,Diamond Harbour,WEST BENGAL,N,N,N,,
,757002,BARIPADA,Odisha,Y,Y,Y,,
,731133,PANDAVESWAR  WB,WEST BENGAL,Y,Y,N,,
,743135,KALYANI,WEST BENGAL,Y,Y,Y,,
,723151,MANBAZAR,WEST BENGAL,Y,Y,N,,
,834010,Ranchi,JHARKHAND,Y,Y,Y,,
,811313,JAMUI,BIHAR,N,N,N,,
,843142,Muzaffarpur,BIHAR,Y,Y,Y,,
,829210,KHALARI,JHARKHAND,Y,Y,Y,,
,770075,Belpahar,Odisha,Y,Y,Y,,
,711323,HOWRAH,WEST BENGAL,Y,Y,Y,,
,735228,Birpara,WEST BENGAL,Y,Y,Y,,
,812008,Bhagalpur,BIHAR,N,N,N,,
,756133,CHANDBALI,Odisha,Y,Y,Y,,
,700107,Kolkata,WEST BENGAL,Y,Y,Y,,
,760001,Berhampur,Odisha,Y,Y,Y,,
,829131,Ramgarh,JHARKHAND,Y,Y,N,,
,742230,JANGIPUR,WEST BENGAL,Y,Y,N,,
,754100,Nanpur,Odisha,Y,Y,Y,,
,732215,Kaliachak,WEST BENGAL,Y,Y,N,,
,831019,Jamshedpur,JHARKHAND,Y,Y,Y,,
,736207,Barobisha,WEST BENGAL,Y,Y,Y,,
,734012,SILIGURI,WEST BENGAL,Y,Y,Y,,
,833201,CHAIBASA,JHARKHAND,Y,Y,Y,,
,752046,Delang,Odisha,N,N,N,,
,743381,Diamond Harbour,WEST BENGAL,N,N,N,,
,736180,Cooch Behar,WEST BENGAL,Y,Y,Y,,
,844511,SARAIYA,BIHAR,Y,Y,N,,
,742180,Murshidabad,WEST BENGAL,N,N,N,,
,721465,CONTAI,WEST BENGAL,Y,Y,N,,
,743388,Diamond Harbour,WEST BENGAL,N,N,N,,
,768221,Bamra,Odisha,Y,Y,Y,,
,742173,Murshidabad,WEST BENGAL,N,N,N,,
,700040,Kolkata,WEST BENGAL,Y,Y,Y,,
,844518,SARAIYA,BIHAR,Y,Y,N,,
,752002,Puri,Odisha,Y,Y,Y,,
,825409,JHUMRITILEIYA,JHARKHAND,Y,Y,Y,,
,829203,LATEHAR,JHARKHAND,N,N,N,,
,845476,Bettiah,BIHAR,Y,Y,Y,,
,734009,SILIGURI,WEST BENGAL,Y,Y,Y,,
,734422,SILIGURI,WEST BENGAL,Y,Y,Y,,
,852233,Purnia,BIHAR,Y,Y,Y,,
,832111,Ghatshila,JHARKHAND,Y,Y,N,,
,711206,HOWRAH,WEST BENGAL,Y,Y,N,,
,848130,Samastipur,BIHAR,Y,Y,N,,
,848102,Samastipur,BIHAR,Y,Y,N,,
,743262,BONGAON,WEST BENGAL,Y,Y,Y,,
,743146,Chandannagar,WEST BENGAL,Y,Y,Y,,
,841241,Siwan,BIHAR,Y,Y,N,,
,700155,Barasat,WEST BENGAL,Y,Y,Y,,
,828104,Dhanbad,JHARKHAND,Y,Y,Y,,
,742157,Nagar,WEST BENGAL,Y,Y,Y,,
,734002,SILIGURI,WEST BENGAL,Y,Y,Y,,
,800013,Patna,BIHAR,Y,Y,Y,,
,700109,Kolkata,WEST BENGAL,Y,Y,Y,,
,796016,AIZAWL,MIZORAM,Y,Y,Y,,
,741135,Dhubulia,WEST BENGAL,Y,Y,Y,,
,713151,Memari,WEST BENGAL,Y,Y,N,,
,711305,Fuleswar,WEST BENGAL,Y,Y,N,,
,821301,ROHTAS,BIHAR,Y,Y,Y,,
,829124,Ramgarh,JHARKHAND,Y,Y,Y,,
,722207,SONAMUKHI,WEST BENGAL,Y,Y,N,,
,752107,Konark,Odisha,Y,Y,Y,,
,712705,Dankuni,WEST BENGAL,Y,Y,N,,
,759133,Angul,Odisha,Y,Y,N,,
,851115,Begusarai,BIHAR,Y,Y,Y,,
,700144,Baruipur,WEST BENGAL,Y,Y,Y,,
,845117,Katihar,BIHAR,Y,Y,Y,,
,844141,Khalispur,BIHAR,Y,Y,Y,,
,755020,Jajpur Road,Odisha,Y,Y,Y,,
,761018,Purshotampur,Odisha,Y,Y,Y,,
,827001,Bokaro,JHARKHAND,Y,Y,Y,,
,732157,Malda,WEST BENGAL,Y,Y,N,,
,751024,Bhubaneswar,Odisha,Y,Y,Y,,
,761111,Aska,Odisha,Y,Y,N,,
,811205,Munger,BIHAR,Y,Y,Y,,
,845462,Bettiah,BIHAR,Y,Y,Y,,
,852212,Saharsa,BIHAR,Y,Y,N,,
,841302,Chhapra,BIHAR,N,N,N,,
,754220,CHANDBALI,Odisha,Y,Y,Y,,
,712310,Dankuni,WEST BENGAL,Y,Y,Y,,
,813112,Bhagalpur,BIHAR,Y,Y,Y,,
,843364,Muzaffarpur,BIHAR,Y,Y,Y,,
,734407,SILIGURI,WEST BENGAL,Y,Y,Y,,
,758043,Anandapur,Odisha,Y,Y,N,,
,742166,Hariharpara,WEST BENGAL,Y,Y,N,,
,700083,Kolkata,WEST BENGAL,Y,Y,Y,,
,737128,Melli,SIKKIM,Y,Y,Y,,
,829301,PETARBAR,JHARKHAND,Y,Y,Y,,
,752044,Puri,Odisha,Y,Y,Y,,
,712155,Chandannagar,WEST BENGAL,Y,Y,Y,,
,999001,PUNE,MAHARASHTRA,Y,Y,Y,,
,758001,KEONJHAR,Odisha,Y,Y,Y,,
,827003,Bokaro,JHARKHAND,Y,Y,Y,,
,841429,Gopalganj,BIHAR,Y,Y,Y,,
,760008,Berhampur,Odisha,Y,Y,Y,,
,844136,SARAIYA,BIHAR,Y,Y,N,,
,700140,BATANAGAR,WEST BENGAL,Y,Y,Y,,
,759001,DHENKANAL,Odisha,Y,Y,N,,
,700152,Kolkata,WEST BENGAL,Y,Y,Y,,
,743360,Diamond Harbour,WEST BENGAL,N,N,N,,
,743252,Habra,WEST BENGAL,Y,Y,N,,
,712424,Haripal,WEST BENGAL,Y,Y,Y,,
,755013,JAJPUR ORISSA,Odisha,Y,Y,Y,,
,830000,Ranchi,JHARKHAND,Y,Y,N,,
,756083,Baliapal,Odisha,Y,Y,N,,
,755012,Jajpur Town,Odisha,Y,Y,Y,,
,754158,Jagatsinghpur,Odisha,N,N,N,,
,743201,Barasat,WEST BENGAL,N,N,N,,
,700063,Amtala,WEST BENGAL,Y,Y,Y,,
,713360,KULTI,WEST BENGAL,Y,Y,N,,
,845514,Motihari,BIHAR,Y,Y,Y,,
,743398,Amtala,WEST BENGAL,Y,Y,N,,
,700077,Kolkata,WEST BENGAL,Y,Y,Y,,
,756033,JALESWAR,Odisha,Y,Y,N,,
,732150,ITAHAR,WEST BENGAL,Y,Y,Y,,
,713216,DURGAPUR,WEST BENGAL,Y,Y,Y,,
,741163,Betai,WEST BENGAL,Y,Y,Y,,
,721653,Mecheda,WEST BENGAL,Y,Y,Y,,
,723164,PURULIA,WEST BENGAL,N,N,N,,
,713362,Haripur,WEST BENGAL,Y,Y,N,,
,712602,GOGHAT,WEST BENGAL,Y,Y,Y,,
,822199,Dhanbad,JHARKHAND,Y,Y,Y,,
,754163,Amberi,Odisha,Y,Y,N,,
,722138,Bankadaha,WEST BENGAL,Y,Y,N,,
,843100,SARAIYA,BIHAR,Y,Y,N,,
,761026,CHHATRAPUR,Odisha,Y,Y,N,,
,713346,PANDAVESWAR  WB,WEST BENGAL,Y,Y,Y,,
,743274,Barasat,WEST BENGAL,Y,Y,Y,,
,721152,Panskura,WEST BENGAL,N,N,N,,
,828123,Dhanbad,JHARKHAND,Y,Y,Y,,
,713202,DURGAPUR,WEST BENGAL,Y,Y,Y,,
,770036,ROURKELA,Odisha,N,N,N,,
,770020,SUNDERGARH,Odisha,Y,Y,Y,,
,757021,BARIPADA,Odisha,N,N,Y,,
,721305,Kharagpur,WEST BENGAL,Y,Y,Y,,
,801303,Hilsa,BIHAR,Y,Y,Y,,
,712104,Chandannagar,WEST BENGAL,Y,Y,Y,,
,843147,Muzaffarpur,BIHAR,Y,Y,N,,
,734003,SILIGURI,WEST BENGAL,Y,Y,Y,,
,847102,BENIPATTI,BIHAR,Y,Y,Y,,
,756139,TIHIDI,Odisha,N,N,N,,
,759021,Hindol,Odisha,Y,Y,Y,,
,851136,Begusarai,BIHAR,Y,Y,Y,,
,853203,Nagarpara,BIHAR,N,N,N,,
,848159,BiharSharif,BIHAR,Y,Y,Y,,
,721442,CONTAI,WEST BENGAL,Y,Y,N,,
,825308,Ramgarh,JHARKHAND,Y,Y,Y,,
,851211,KHAGARIA,BIHAR,N,N,N,,
,845480,Bettiah,BIHAR,Y,Y,Y,,
,800003,Patna,BIHAR,Y,Y,Y,,
,733148,Fulbari WB,WEST BENGAL,Y,Y,Y,,
,826007,Dhanbad,JHARKHAND,Y,Y,Y,,
,800028,Patna,BIHAR,Y,Y,Y,,
,743188,Barrackpore,WEST BENGAL,Y,Y,Y,,
,700037,Kolkata,WEST BENGAL,Y,Y,Y,,
,825107,Dhawatand,JHARKHAND,Y,Y,Y,,
,734227,MIRIK,WEST BENGAL,Y,Y,Y,,
,845494,Bettiah,BIHAR,Y,Y,Y,,
,713148,Budbud,WEST BENGAL,Y,Y,Y,,
,742185,LALGOLA,WEST BENGAL,N,N,N,,
,721103,MIDNAPORE,WEST BENGAL,Y,Y,N,,
,754028,Cuttack,Odisha,N,N,N,,
,722205,Burdwan,WEST BENGAL,Y,Y,N,,
,758014,KEONJHAR,Odisha,Y,Y,Y,,
,753005,Cuttack,Odisha,Y,Y,Y,,
,735226,Kalchini,WEST BENGAL,Y,Y,Y,,
,742189,Beldanga,WEST BENGAL,Y,Y,N,,
,754261,Kendrapara,Odisha,Y,Y,Y,,
,765015,Tikiri,Odisha,Y,Y,Y,,
,700042,Kolkata,WEST BENGAL,Y,Y,Y,,
,741222,Chakdah,WEST BENGAL,Y,Y,Y,,
,757028,BETNOTI,Odisha,Y,Y,N,,
,741250,KALYANI,WEST BENGAL,Y,Y,Y,,
,841501,Gopalganj,BIHAR,N,N,N,,
,828404,Dhanbad,JHARKHAND,N,N,N,,
,756136,BASUDEVPUR,Odisha,Y,Y,Y,,
,847214,MADHUBANI,BIHAR,Y,Y,Y,,
,713160,PANDAVESWAR  WB,WEST BENGAL,Y,Y,Y,,
,764036,Sunabeda,Odisha,Y,Y,Y,,
,854368,SITAMARHI,BIHAR,Y,Y,Y,,
,768004,Sambalpur,Odisha,Y,Y,Y,,
,743372,JOYNAGAR,WEST BENGAL,Y,Y,Y,,
,753008,Cuttack,Odisha,Y,Y,Y,,
,768020,Goshala,Odisha,Y,Y,Y,,
,741150,Plassey,WEST BENGAL,Y,Y,N,,
,700001,Kolkata,WEST BENGAL,Y,Y,Y,,
,845315,Dhaka,BIHAR,Y,Y,N,,
,731222,MURARAI,WEST BENGAL,Y,Y,N,,
,769008,ROURKELA,Odisha,Y,Y,Y,,
,723152,Balarampur,WEST BENGAL,Y,Y,Y,,
,700151,Baruipur,WEST BENGAL,Y,Y,Y,,
,751019,Bhubaneswar,Odisha,Y,Y,Y,,
,841237,Siwan,BIHAR,Y,Y,N,,
,752021,Nirakarpur,Odisha,Y,Y,N,,
,712408,Haripal,WEST BENGAL,Y,Y,Y,,
,758038,Barbil,Odisha,N,N,N,,
,761101,Hinjilicut,Odisha,Y,Y,Y,,
,842003,Muzaffarpur,BIHAR,Y,Y,N,,
,752032,BALUGAON,Odisha,Y,Y,Y,,
,733129,KALIAGANJ,WEST BENGAL,Y,Y,N,,
,814149,SARATH,JHARKHAND,Y,Y,N,,
,743287,Thakurnagar,WEST BENGAL,Y,Y,Y,,
,755006,JAJPUR ORISSA,Odisha,Y,Y,N,,
,828207,Dhanbad,JHARKHAND,Y,Y,Y,,
,847212,MADHUBANI,BIHAR,Y,Y,Y,,
,743330,Baruipur,WEST BENGAL,Y,Y,Y,,
,700133,Kolkata,WEST BENGAL,Y,Y,Y,,
,734016,SILIGURI,WEST BENGAL,Y,Y,N,,
,741405,Santipur,WEST BENGAL,N,N,Y,,
,736102,Alipurduar,WEST BENGAL,N,N,N,,
,845418,Dhaka,BIHAR,Y,Y,N,,
,751029,Bhubaneswar,Odisha,Y,Y,Y,,
,756118,DHAMNAGAR,Odisha,N,N,N,,
,765033,Gunupur,Odisha,N,N,N,,
,743211,Barrackpore,WEST BENGAL,Y,Y,N,,
,841227,Siwan,BIHAR,Y,Y,Y,,
,756135,BHADRAK,Odisha,Y,Y,Y,,
,736169,Dinhata,WEST BENGAL,Y,Y,N,,
,764059,Nabarangpur,Odisha,N,N,N,,
,770039,ROURKELA,Odisha,N,N,N,,
,712139,Chandannagar,WEST BENGAL,Y,Y,Y,,
,700033,Kolkata,WEST BENGAL,Y,Y,Y,,
,700060,BATANAGAR,WEST BENGAL,Y,Y,Y,,
,828309,Dhanbad,JHARKHAND,Y,Y,Y,,
,741504,Hanskhali,WEST BENGAL,Y,Y,N,,
,764055,Borigumma,Odisha,Y,Y,Y,,
,736136,Dinhata,WEST BENGAL,Y,Y,Y,,
,711313,HOWRAH,WEST BENGAL,Y,Y,Y,,
,735138,Jalpaiguri,WEST BENGAL,Y,Y,N,,
,828302,Dhanbad,JHARKHAND,Y,Y,Y,,
,733132,KALIAGANJ,WEST BENGAL,Y,Y,N,,
,743413,Basirhat,WEST BENGAL,Y,Y,N,,
,743711,Nadia,WEST BENGAL,N,N,N,,
,828111,Dhanbad,JHARKHAND,Y,Y,Y,,
,762015,Boudh,Odisha,Y,Y,N,,
,733143,ITAHAR,WEST BENGAL,Y,Y,Y,,
,828121,Dhanbad,JHARKHAND,Y,Y,Y,,
,741233,Gopalnagar,WEST BENGAL,N,N,N,,
,743178,Barrackpore,WEST BENGAL,Y,Y,Y,,
,722136,Bankura,WEST BENGAL,Y,Y,N,,
,756111,BHADRAK,Odisha,Y,Y,Y,,
,768001,Sambalpur,Odisha,Y,Y,Y,,
,760033,Berhampur,Odisha,Y,Y,Y,,
,721601,Bhagabanpur,WEST BENGAL,Y,Y,Y,,
,721430,CONTAI,WEST BENGAL,Y,Y,N,,
,743348,Kakdwip,WEST BENGAL,N,N,N,,
,700126,Barasat,WEST BENGAL,Y,Y,Y,,
,743203,Barasat,WEST BENGAL,Y,Y,Y,,
,742303,Kaladanga,WEST BENGAL,Y,Y,N,,
,827013,Bokaro,JHARKHAND,Y,Y,Y,,
,713305,Asansol,WEST BENGAL,Y,Y,N,,
,733141,Fulbari WB,WEST BENGAL,Y,Y,Y,,
,756078,Chandaneswar,Odisha,N,N,N,,
,852160,SUPAUL,BIHAR,N,N,N,,
,756074,Balasore,Odisha,Y,Y,Y,,
,757014,BARIPADA,Odisha,N,N,N,,
,700121,Barrackpore,WEST BENGAL,Y,Y,Y,,
,734318,SILIGURI,WEST BENGAL,Y,Y,N,,
,700129,Barasat,WEST BENGAL,Y,Y,Y,,
,751008,Bhubaneswar,Odisha,Y,Y,Y,,
,752054,Jatni,Odisha,Y,Y,Y,,
,845457,Dhaka,BIHAR,Y,Y,N,,
,712221,Hooghly,WEST BENGAL,Y,Y,Y,,
,831009,Jamshedpur,JHARKHAND,Y,Y,Y,,
,743425,Bokchora,WEST BENGAL,Y,Y,Y,,
,731202,Rampurhat,WEST BENGAL,Y,Y,N,,
,847237,Darbhanga,BIHAR,N,N,N,,
,753001,Cuttack,Odisha,Y,Y,Y,,
,733125,ITAHAR,WEST BENGAL,Y,Y,N,,
,742236,Dhulian,WEST BENGAL,Y,Y,Y,,
,768211,Belpahar,Odisha,Y,Y,N,,
,767051,KANTABANJI,Odisha,Y,Y,Y,,
,737134,Singtam,SIKKIM,Y,Y,N,,
,713322,Haripur,WEST BENGAL,Y,Y,Y,,
,735103,Jalpaiguri,WEST BENGAL,Y,Y,N,,
,741125,Dhubulia,WEST BENGAL,Y,Y,N,,
,759123,Angul,Odisha,Y,Y,N,,
,756077,Balasore,Odisha,Y,Y,Y,,
,742404,Salar,WEST BENGAL,N,N,N,,
,721422,EGRA,WEST BENGAL,Y,Y,N,,
,825316,Ramgarh,JHARKHAND,Y,Y,Y,,
,834003,Ranchi,JHARKHAND,Y,Y,Y,,
,756024,Baliapal,Odisha,Y,Y,Y,,
,805130,Pakribarawan,BIHAR,N,N,N,,
,768228,Kuchinda,Odisha,N,N,N,,
,835304,LOHARDAGA,JHARKHAND,N,N,N,,
,741157,Plassey,WEST BENGAL,Y,Y,N,,
,712302,Hooghly,WEST BENGAL,Y,Y,Y,,
,761053,Berhampur,Odisha,Y,Y,Y,,
,841318,Chhapra,BIHAR,Y,Y,Y,,
,754285,Kendrapara,Odisha,Y,Y,Y,,
,757083,BETNOTI,Odisha,Y,Y,N,,
,845473,Bettiah,BIHAR,Y,Y,Y,,
,700132,Barasat,WEST BENGAL,Y,Y,Y,,
,713514,KATWA,WEST BENGAL,Y,Y,N,,
,801106,Naubatpur,BIHAR,N,N,N,,
,844140,SARAIYA,BIHAR,Y,Y,N,,
,769005,ROURKELA,Odisha,Y,Y,Y,,
,743322,Diamond Harbour,WEST BENGAL,N,N,N,,
,711301,Shyampur,WEST BENGAL,Y,Y,Y,,
,804422,JEHANABAD,BIHAR,N,N,N,,
,852157,SUPAUL,BIHAR,N,N,N,,
,754282,Kendrapara,Odisha,Y,Y,Y,,
,756018,Balasore,Odisha,Y,Y,Y,,
,853204,Naugachia,BIHAR,Y,Y,N,,
,802102,Buxar,BIHAR,Y,Y,Y,,
,735206,Malbazar,WEST BENGAL,N,N,N,,
,854206,Purnia,BIHAR,N,N,N,,
,735204,Birpara,WEST BENGAL,Y,Y,N,,
,764021,Koraput,Odisha,Y,Y,Y,,
,844102,Hajipur Town,BIHAR,Y,Y,N,,
,754102,Jagatsinghpur,Odisha,Y,Y,Y,,
,737139,Ravangla,SIKKIM,N,N,N,,
,756163,TIHIDI,Odisha,N,N,N,,
,827010,Bokaro,JHARKHAND,Y,Y,Y,,
,735224,Maynaguri,WEST BENGAL,Y,Y,N,,
,700118,Barrackpore,WEST BENGAL,Y,Y,Y,,
,758072,KEONJHAR,Odisha,Y,Y,N,,
,754296,Chandikhole,Odisha,N,N,N,,
,734101,Darjeeling,WEST BENGAL,Y,Y,Y,,
,833214,CHAIBASA,JHARKHAND,N,N,N,,
,847119,Darbhanga,BIHAR,Y,Y,Y,,
,761124,Bhanjanagar,Odisha,Y,Y,N,,
,756027,BASTA,Odisha,N,N,N,,
,721466,EGRA,WEST BENGAL,Y,Y,N,,
,736130,Alipurduar,WEST BENGAL,Y,Y,N,,
,721449,CONTAI,WEST BENGAL,Y,Y,Y,,
,732101,Malda,WEST BENGAL,Y,Y,Y,,
,754007,Banki,Odisha,Y,Y,Y,,
,843368,Muzaffarpur,BIHAR,Y,Y,Y,,
,802222,Motihari,BIHAR,N,N,N,,
,721424,Paschim Medinipur,WEST BENGAL,N,N,N,,
,843312,Runni Saidpur,BIHAR,Y,Y,Y,,
,825406,Barhi JH,JHARKHAND,Y,Y,Y,,
,831018,Jamshedpur,JHARKHAND,Y,Y,Y,,
,845423,Sahebganj,BIHAR,Y,Y,Y,,
,743244,BONGAON,WEST BENGAL,Y,Y,Y,,
,841243,Nautan,BIHAR,N,N,N,,
,757036,Karanjia,Odisha,N,N,N,,
,815357,JAMTARA,JHARKHAND,N,N,Y,,
,743331,Diamond Harbour,WEST BENGAL,N,N,N,,
,999111,Gurgaon,HARYANA,Y,Y,N,,
,848129,Samastipur,BIHAR,Y,Y,Y,,
,760004,Berhampur,Odisha,Y,Y,Y,,
,732144,Malda,WEST BENGAL,Y,Y,Y,,
,700161,Kolkata,WEST BENGAL,Y,Y,Y,,
,841223,Chhapra,BIHAR,N,N,N,,
,761122,Aska,Odisha,Y,Y,N,,
,735234,Jalpaiguri,WEST BENGAL,N,N,N,,
,845406,Kanti,BIHAR,Y,Y,Y,,
,713380,NANOOR,WEST BENGAL,N,N,N,,
,721636,Mecheda,WEST BENGAL,Y,Y,Y,,
,752094,NAYAGARH,Odisha,Y,Y,Y,,
,816116,Tinpahar,JHARKHAND,N,N,N,,
,803302,Mokama,BIHAR,Y,Y,N,,
,845466,Bettiah,BIHAR,Y,Y,Y,,
,758030,GHATAGAON,Odisha,N,N,N,,
,700084,Kolkata,WEST BENGAL,Y,Y,Y,,
,700020,Kolkata,WEST BENGAL,Y,Y,Y,,
,844515,SARAIYA,BIHAR,Y,Y,N,,
,743130,KALYANI,WEST BENGAL,Y,Y,Y,,
,848101,Samastipur,BIHAR,Y,Y,N,,
,803119,BiharSharif,BIHAR,N,N,N,,
,742104,Azimganj,WEST BENGAL,N,N,N,,
,767043,Titlagarh,Odisha,Y,Y,Y,,
,734005,SILIGURI,WEST BENGAL,Y,Y,Y,,
,731235,BOLPUR,WEST BENGAL,Y,Y,Y,,
,759101,TALCHER,Odisha,Y,Y,Y,,
,814101,DUMKA,JHARKHAND,Y,Y,N,,
,756053,Bahanaga,Odisha,Y,Y,N,,
,713513,PARULIA WB,WEST BENGAL,Y,Y,Y,,
,712216,Hooghly,WEST BENGAL,Y,Y,Y,,
,825223,Barakatha,JHARKHAND,N,N,N,,
,754120,Jagatsinghpur,Odisha,Y,Y,Y,,
,700067,Kolkata,WEST BENGAL,Y,Y,Y,,
,767035,SINDHEKELA,Odisha,Y,Y,N,,
,732212,Kaliachak,WEST BENGAL,Y,Y,N,,
,757084,BARIPADA,Odisha,N,N,Y,,
,767066,Titlagarh,Odisha,N,N,N,,
,852130,SUPAUL,BIHAR,N,N,N,,
,743221,Barasat,WEST BENGAL,Y,Y,Y,,
,721605,Haldia,WEST BENGAL,Y,Y,Y,,
,851132,Banka,BIHAR,Y,Y,N,,
,731218,Mohammad Bazar,WEST BENGAL,Y,Y,Y,,
,835223,Simdega,JHARKHAND,Y,Y,N,,
,804425,JEHANABAD,BIHAR,Y,Y,Y,,
,742187,Murshidabad,WEST BENGAL,Y,Y,Y,,
,768028,Bargarh,Odisha,Y,Y,Y,,
,756080,BASTA,Odisha,N,N,N,,
,754294,Jagatsinghpur,Odisha,N,N,N,,
,743250,Barasat,WEST BENGAL,Y,Y,Y,,
,855120,KISHANGANJ,WEST BENGAL,N,N,N,,
,832113,GOVINDPUR,JHARKHAND,Y,Y,Y,,
,801304,Khusrupur,BIHAR,Y,Y,N,,
,713303,Asansol,WEST BENGAL,Y,Y,Y,,
,767017,Sonepur,Odisha,Y,Y,Y,,
,846004,Darbhanga,BIHAR,Y,Y,Y,,
,722142,Bankura,WEST BENGAL,Y,Y,Y,,
,733101,Balurghat,WEST BENGAL,Y,Y,Y,,
,741402,Santipur,WEST BENGAL,Y,Y,Y,,
,831013,Jamshedpur,JHARKHAND,Y,Y,Y,,
,741256,Ranaghat,WEST BENGAL,Y,Y,N,,
,756039,Chandaneswar,Odisha,N,N,N,,
,712415,Pursurah,WEST BENGAL,Y,Y,Y,,
,711104,HOWRAH,WEST BENGAL,Y,Y,Y,,
,827006,Bokaro,JHARKHAND,Y,Y,Y,,
,767065,Balangir,Odisha,Y,Y,N,,
,854338,FORBESGANJ,BIHAR,N,N,N,,
,713379,Rupnarayanpur,WEST BENGAL,Y,Y,N,,
,803218,Patna,BIHAR,Y,Y,Y,,
,743145,KALYANI,WEST BENGAL,Y,Y,Y,,
,752110,Konark,Odisha,Y,Y,Y,,
,844521,SARAIYA,BIHAR,Y,Y,N,,
,732146,Malda,WEST BENGAL,Y,Y,N,,
,741225,Nadia,WEST BENGAL,N,N,N,,
,712512,GUPTIPARA,WEST BENGAL,Y,Y,Y,,
,823003,Gaya,BIHAR,Y,Y,Y,,
,713102,Burdwan,WEST BENGAL,Y,Y,Y,,
,744107,Port Blair,ANDAMAN AND NICOBAR,Y,Y,N,,
,700082,Kolkata,WEST BENGAL,Y,Y,Y,,
,761028,Keshpur,Odisha,Y,Y,N,,
,825326,Charhi,JHARKHAND,Y,Y,N,,
,754101,Nanpur,Odisha,N,N,N,,
,754202,Salepur OR,Odisha,Y,Y,Y,,
,741236,KALYANI,WEST BENGAL,N,N,N,,
,841305,Chhapra,BIHAR,N,N,N,,
,745428,Dhaka,BIHAR,Y,Y,N,,
,824211,Sherghati,BIHAR,Y,Y,Y,,
,759144,Angul,Odisha,Y,Y,N,,
,758034,Barbil,Odisha,Y,Y,Y,,
,721464,CONTAI,WEST BENGAL,N,N,N,,
,900013,Kolkata,WEST BENGAL,Y,Y,N,,
,713517,KATWA,WEST BENGAL,Y,Y,Y,,
,752089,DASPALLA,Odisha,Y,Y,Y,,
,768225,Belpahar,Odisha,Y,Y,Y,,
,743601,Baruipur,WEST BENGAL,N,N,N,,
,734405,SILIGURI,WEST BENGAL,Y,Y,Y,,
,743294,Barasat,WEST BENGAL,Y,Y,N,,
,752080,NAYAGARH,Odisha,Y,Y,Y,,
,700016,Kolkata,WEST BENGAL,Y,Y,Y,,
,700089,Kolkata,WEST BENGAL,Y,Y,Y,,
,722206,SONAMUKHI,WEST BENGAL,Y,Y,N,,
,758022,HATADIHI,Odisha,N,N,N,,
,828101,Dhanbad,JHARKHAND,Y,Y,Y,,
,713205,DURGAPUR,WEST BENGAL,Y,Y,Y,,
,713156,Burdwan,WEST BENGAL,Y,Y,Y,,
,713371,Asansol,WEST BENGAL,Y,Y,Y,,
,843366,SITAMARHI,BIHAR,Y,Y,Y,,
,844133,SARAIYA,BIHAR,Y,Y,N,,
,722146,Bankura,WEST BENGAL,Y,Y,Y,,
,822118,Leshliganj,JHARKHAND,Y,Y,N,,
,845508,Bettiah,BIHAR,Y,Y,Y,,
,721455,Pichaboni,WEST BENGAL,N,N,N,,
,801118,Naubatpur,BIHAR,N,N,N,,
,841211,Chhapra,BIHAR,N,N,N,,
,743133,Barrackpore,WEST BENGAL,Y,Y,Y,,
,711401,HOWRAH,WEST BENGAL,Y,Y,Y,,
,700163,Kolkata,WEST BENGAL,Y,Y,N,,
,752062,RAJSUNAKHALA,Odisha,Y,Y,Y,,
,835227,Torpa,JHARKHAND,Y,Y,N,,
,743249,Habra,WEST BENGAL,Y,Y,Y,,
,835222,Ranchi,JHARKHAND,Y,Y,Y,,
,835214,Bijupara,JHARKHAND,Y,Y,Y,,
,760005,Berhampur,Odisha,Y,Y,Y,,
,712708,Dankuni,WEST BENGAL,Y,Y,N,,
,713213,DURGAPUR,WEST BENGAL,Y,Y,Y,,
,712414,Pursurah,WEST BENGAL,Y,Y,N,,
,743301,BATANAGAR,WEST BENGAL,Y,Y,Y,,
,756162,BASUDEVPUR,Odisha,Y,Y,Y,,
,711321,HOWRAH,WEST BENGAL,Y,Y,N,,
,801507,Patna,BIHAR,Y,Y,Y,,
,847123,Simri,BIHAR,Y,Y,N,,
,803221,Barh BH,BIHAR,Y,Y,N,,
,741501,Hanskhali,WEST BENGAL,Y,Y,N,,
,712702,Dankuni,WEST BENGAL,Y,Y,N,,
,731245,Mohammad Bazar,WEST BENGAL,Y,Y,Y,,
,835102,MURI,JHARKHAND,Y,Y,Y,,
,757015,BARIPADA,Odisha,Y,Y,Y,,
,723101,PURULIA,WEST BENGAL,Y,Y,Y,,
,841417,MASHRAKH,BIHAR,N,N,N,,
,742169,LALGOLA,WEST BENGAL,N,N,N,,
,766021,Bhawanipatna,Odisha,Y,Y,N,,
,835221,Hardag,JHARKHAND,Y,Y,N,,
,855116,Thakurganj,BIHAR,N,N,N,,
,752100,Cuttack,Odisha,N,N,Y,,
,735214,Kalchini,WEST BENGAL,Y,Y,N,,
,802103,Buxar,BIHAR,Y,Y,Y,,
,712906,Hooghly,WEST BENGAL,Y,Y,Y,,
,822116,Japla,JHARKHAND,Y,Y,N,,
,761004,Chikiti,Odisha,Y,Y,N,,
,743401,Berachampa,WEST BENGAL,Y,Y,Y,,
,736156,Cooch Behar,WEST BENGAL,Y,Y,Y,,
,848122,Patepur,BIHAR,N,N,N,,
,743124,KALYANI,WEST BENGAL,Y,Y,Y,,
,767020,Balangir,Odisha,Y,Y,Y,,
,854318,FORBESGANJ,BIHAR,Y,Y,N,,
,741235,KALYANI,WEST BENGAL,Y,Y,Y,,
,759136,Angul,Odisha,Y,Y,N,,
,715513,KATWA,WEST BENGAL,Y,Y,Y,,
,754288,Nischintakoili,Odisha,Y,Y,Y,,
,731213,Mohammad Bazar,WEST BENGAL,Y,Y,N,,
,751004,Bhubaneswar,Odisha,Y,Y,Y,,
,852138,SUPAUL,BIHAR,Y,Y,Y,,
,712404,Haripal,WEST BENGAL,Y,Y,N,,
,848148,Samastipur,BIHAR,Y,Y,Y,,
,759026,DHENKANAL,Odisha,N,N,N,,
,735140,Jalpaiguri,WEST BENGAL,N,N,N,,
,761120,Bhanjanagar,Odisha,Y,Y,N,,
,800006,Patna,BIHAR,N,N,N,,
,848156,BiharSharif,BIHAR,Y,Y,Y,,
,769032,ROURKELA,Odisha,Y,Y,Y,,
,854209,Purnia,BIHAR,Y,Y,Y,,
,732139,CHACHAL,WEST BENGAL,Y,Y,Y,,
,744112,Port Blair,ANDAMAN AND NICOBAR,Y,Y,N,,
,743338,JOYNAGAR,WEST BENGAL,Y,Y,Y,,
,761043,Purshotampur,Odisha,Y,Y,Y,,
,721645,Haldia,WEST BENGAL,Y,Y,Y,,
,811208,Munger,BIHAR,Y,Y,Y,,
,754212,MARSHAGHAI,Odisha,Y,Y,N,,
,801104,Naubatpur,BIHAR,N,N,N,,
,731243,Rampurhat,WEST BENGAL,Y,Y,N,,
,841411,MASHRAKH,BIHAR,N,N,N,,
,766108,Nuapada,Odisha,N,N,N,,
,802209,Motihari,BIHAR,N,N,N,,
,712418,Khanakul,WEST BENGAL,Y,Y,Y,,
,803201,Khusrupur,BIHAR,Y,Y,Y,,
,833203,Danguaposi,JHARKHAND,Y,Y,Y,,
,743235,BONGAON,WEST BENGAL,Y,Y,Y,,
,756056,Balasore,Odisha,Y,Y,Y,,
,733131,Fulbari WB,WEST BENGAL,Y,Y,Y,,
,815257,JAMTARA,JHARKHAND,Y,Y,Y,,
,800023,Patna,BIHAR,Y,Y,Y,,
,721157,Chandrakona,WEST BENGAL,Y,Y,N,,
,851126,Barauni,BIHAR,N,N,N,,
,829128,LOHARDAGA,JHARKHAND,Y,Y,Y,,
,742232,Dhulian,WEST BENGAL,Y,Y,Y,,
,742131,Murshidabad,WEST BENGAL,Y,Y,Y,,
,754208,Nischintakoili,Odisha,Y,Y,Y,,
,712248,Hooghly,WEST BENGAL,Y,Y,Y,,
,722168,Bankura,WEST BENGAL,N,N,N,,
,825317,Hazaribagh,JHARKHAND,Y,Y,Y,,
,713219,DURGAPUR,WEST BENGAL,Y,Y,Y,,
,845497,Motihari,BIHAR,Y,Y,Y,,
,713343,KULTI,WEST BENGAL,Y,Y,N,,
,721140,MIDNAPORE,WEST BENGAL,N,N,N,,
,700005,Kolkata,WEST BENGAL,Y,Y,Y,,
,832103,Ghatshila,JHARKHAND,Y,Y,Y,,
,829207,LATEHAR,JHARKHAND,Y,Y,N,,
,752015,Delang,Odisha,N,N,N,,
,734102,Darjeeling,WEST BENGAL,Y,Y,Y,,
,843163,Muzaffarpur,BIHAR,Y,Y,Y,,
,811311,Lakhisarai,BIHAR,Y,Y,N,,
,733134,Raigunj,WEST BENGAL,Y,Y,Y,,
,832302,Dhalbhumgarh,JHARKHAND,Y,Y,Y,,
,742212,Dhulian,WEST BENGAL,Y,Y,Y,,
,742220,SAGARDIGHI,WEST BENGAL,Y,Y,N,,
,744103,Port Blair,ANDAMAN AND NICOBAR,Y,Y,N,,
,843002,SITAMARHI,BIHAR,Y,Y,Y,,
,743263,Habra,WEST BENGAL,Y,Y,N,,
,742302,Kaladanga,WEST BENGAL,Y,Y,Y,,
,800027,Patna,BIHAR,N,N,N,,
,835219,Ormanjhi,JHARKHAND,Y,Y,Y,,
,742181,Nagar,WEST BENGAL,Y,Y,Y,,
,767016,TARBHA,Odisha,Y,Y,Y,,
,713381,PANDAVESWAR  WB,WEST BENGAL,Y,Y,N,,
,759106,Angul,Odisha,Y,Y,Y,,
,816107,PAKUR,JHARKHAND,Y,Y,Y,,
,711308,HOWRAH,WEST BENGAL,Y,Y,N,,
,713341,Asansol,WEST BENGAL,Y,Y,Y,,
,767067,SAINTALA,Odisha,N,N,N,,
,700125,Barasat,WEST BENGAL,Y,Y,Y,,
,743273,SWARUPNAGAR,WEST BENGAL,Y,Y,Y,,
,754106,Jagatsinghpur,Odisha,N,N,N,,
,833220,SARAIKELAKHARSWAN,JHARKHAND,Y,Y,N,,
,802161,Arrah,BIHAR,Y,Y,Y,,
,751009,Bhubaneswar,Odisha,Y,Y,Y,,
,761217,Mohana,Odisha,N,N,N,,
,700048,Kolkata,WEST BENGAL,Y,Y,Y,,
,823000,Gaya,BIHAR,Y,Y,Y,,
,731214,BOLPUR,WEST BENGAL,Y,Y,Y,,
,756140,CHANDBALI,Odisha,Y,Y,Y,,
,757081,JHARPOKHARIA,Odisha,Y,Y,Y,,
,721434,Bhagabanpur,WEST BENGAL,Y,Y,N,,
,829134,Ghatotand,JHARKHAND,Y,Y,Y,,
,757101,Sajanagarh,Odisha,Y,Y,Y,,
,758029,GHATAGAON,Odisha,N,N,N,,
,841244,MAHARAJGANJ BH,BIHAR,Y,Y,N,,
,756043,Bahanaga,Odisha,Y,Y,N,,
,825404,Chatra,JHARKHAND,N,N,N,,
,754103,Jagatsinghpur,Odisha,Y,Y,Y,,
,743165,KALYANI,WEST BENGAL,Y,Y,Y,,
,721253,Chandrakona,WEST BENGAL,Y,Y,Y,,
,752025,NAYAGARH,Odisha,Y,Y,N,,
,744106,Port Blair,ANDAMAN AND NICOBAR,Y,Y,N,,
,743422,Basirhat,WEST BENGAL,Y,Y,N,,
,845428,Dhaka,BIHAR,Y,Y,N,,
,751031,Bhubaneswar,Odisha,Y,Y,Y,,
,841317,Chhapra,BIHAR,Y,Y,Y,,
,734221,Sukiapokhri,WEST BENGAL,Y,Y,Y,,
,742184,Nagar,WEST BENGAL,Y,Y,Y,,
,723133,Raghunathpur,WEST BENGAL,Y,Y,N,,
,833105,CHAKRADHARPUR,JHARKHAND,Y,Y,N,,
,732102,Malda,WEST BENGAL,Y,Y,Y,,
,802118,DUMRAON,BIHAR,N,N,N,,
,843367,Muzaffarpur,BIHAR,Y,Y,Y,,
,843156,Kanti,BIHAR,Y,Y,Y,,
,713129,NANOOR,WEST BENGAL,Y,Y,N,,
,721634,Panskura,WEST BENGAL,N,N,N,,
,835204,Bundu,JHARKHAND,Y,Y,Y,,
,841245,Siwan,BIHAR,N,N,N,,
,722183,Bankura,WEST BENGAL,Y,Y,Y,,
,756114,BONTH,Odisha,N,N,N,,
,742151,LALGOLA,WEST BENGAL,N,N,N,,
,761040,Digapahandi,Odisha,N,N,N,,
,755062,Jajpur Town,Odisha,Y,Y,Y,,
,732706,Malda,WEST BENGAL,Y,Y,N,,
,763003,Sunabeda,Odisha,Y,Y,Y,,
,700025,Kolkata,WEST BENGAL,Y,Y,Y,,
,743269,Habra,WEST BENGAL,Y,Y,Y,,
,831020,Jamshedpur,JHARKHAND,Y,Y,N,,
,769043,ROURKELA,Odisha,N,N,N,,
,734219,Darjeeling,WEST BENGAL,Y,Y,N,,
,741232,Ranaghat,WEST BENGAL,Y,Y,N,,
,761115,Aska,Odisha,Y,Y,N,,
,752112,Pipili,Odisha,N,N,N,,
,742149,Murshidabad,WEST BENGAL,Y,Y,Y,,
,835233,Gumla,JHARKHAND,Y,Y,Y,,
,712409,SINGUR,WEST BENGAL,Y,Y,Y,,
,712301,Hooghly,WEST BENGAL,Y,Y,N,,
,711110,HOWRAH,WEST BENGAL,Y,Y,Y,,
,800029,Patna,BIHAR,Y,Y,Y,,
,721155,MIDNAPORE,WEST BENGAL,N,N,N,,
,814143,Deoghar,JHARKHAND,Y,Y,Y,,
,802202,Piro,BIHAR,N,N,N,,
,814116,Deoghar,JHARKHAND,Y,Y,Y,,
,733130,Raigunj,WEST BENGAL,Y,Y,Y,,
,734103,Darjeeling,WEST BENGAL,Y,Y,Y,,
,712402,Hooghly,WEST BENGAL,Y,Y,N,,
,805111,NAWADA,BIHAR,Y,Y,N,,
,829117,Ramgarh,JHARKHAND,Y,Y,Y,,
,741223,Gopalnagar,WEST BENGAL,Y,Y,Y,,
,845403,Sheohar,BIHAR,Y,Y,N,,
,713152,Budbud,WEST BENGAL,Y,Y,Y,,
,741156,Plassey,WEST BENGAL,Y,Y,N,,
,753009,Cuttack,Odisha,Y,Y,Y,,
,841312,Chhapra,BIHAR,N,N,N,,
,756124,BASUDEVPUR,Odisha,Y,Y,Y,,
,761006,Chikiti,Odisha,Y,Y,N,,
,844506,Mahnar,BIHAR,N,N,N,,
,721435,Dantan,WEST BENGAL,Y,Y,Y,,
,756086,JALESWAR,Odisha,Y,Y,Y,,
,756181,BHADRAK,Odisha,Y,Y,Y,,
,723103,PURULIA,WEST BENGAL,Y,Y,Y,,
,756002,Balasore,Odisha,Y,Y,Y,,
,754227,CHANDBALI,Odisha,Y,Y,Y,,
,854311,Araria,BIHAR,Y,Y,Y,,
,756055,SORO,Odisha,Y,Y,Y,,
,712612,Arambagh,WEST BENGAL,Y,Y,N,,
,712152,Hooghly,WEST BENGAL,Y,Y,N,,
,754131,Nanpur,Odisha,Y,Y,Y,,
,764070,Nabarangpur,Odisha,N,N,N,,
,800009,Patna,BIHAR,Y,Y,Y,,
,742175,Hariharpara,WEST BENGAL,Y,Y,N,,
,743399,Raidighi,WEST BENGAL,Y,Y,N,,
,761141,Bhanjanagar,Odisha,Y,Y,N,,
,712249,Hooghly,WEST BENGAL,Y,Y,Y,,
,756110,BHADRAK,Odisha,Y,Y,Y,,
,743358,Baruipur,WEST BENGAL,Y,Y,Y,,
,757107,BARIPADA,Odisha,Y,Y,Y,,
,721135,Kharagpur,WEST BENGAL,Y,Y,Y,,
,713359,KULTI,WEST BENGAL,Y,Y,N,,
,713172,Budbud,WEST BENGAL,Y,Y,Y,,
,722159,Bankura,WEST BENGAL,Y,Y,Y,,
,721436,BAITA BAZAR,WEST BENGAL,Y,Y,N,,
,767091,TALCHER,Odisha,Y,Y,Y,,
,743705,BONGAON,WEST BENGAL,Y,Y,Y,,
,712615,Burdwan,WEST BENGAL,Y,Y,N,,
,843323,Runni Saidpur,BIHAR,Y,Y,Y,,
,851209,Begusarai,BIHAR,Y,Y,Y,,
,804429,JEHANABAD,BIHAR,N,N,N,,
,752031,BALUGAON,Odisha,Y,Y,Y,,
,721242,Arambagh,WEST BENGAL,Y,Y,Y,,
,825304,Hazaribagh,JHARKHAND,Y,Y,Y,,
,752018,Nirakarpur,Odisha,N,N,N,,
,756025,Balasore,Odisha,Y,Y,Y,,
,700045,Kolkata,WEST BENGAL,Y,Y,Y,,
,743177,Barrackpore,WEST BENGAL,Y,Y,Y,,
,804426,Arwal,BIHAR,Y,Y,N,,
,828113,Dhanbad,JHARKHAND,Y,Y,Y,,
,742408,Beldanga,WEST BENGAL,Y,Y,Y,,
,734124,Darjeeling,WEST BENGAL,Y,Y,Y,,
,752058,Khordha,Odisha,Y,Y,Y,,
,853208,Purnia,BIHAR,Y,Y,Y,,
,822117,Japla,JHARKHAND,Y,Y,Y,,
,757013,BARIPADA,Odisha,N,N,N,,
,752083,DASPALLA,Odisha,Y,Y,Y,,
,803213,Barh BH,BIHAR,Y,Y,N,,
,742148,LALGOLA,WEST BENGAL,N,N,N,,
,845518,Motihari,BIHAR,Y,Y,Y,,
,804405,JEHANABAD,BIHAR,N,N,N,,
,800024,Patna,BIHAR,Y,Y,Y,,
,721161,MIDNAPORE,WEST BENGAL,N,N,N,,
,743368,Diamond Harbour,WEST BENGAL,N,N,N,,
,731204,BOLPUR,WEST BENGAL,Y,Y,Y,,
,828403,Dhanbad,JHARKHAND,Y,Y,Y,,
,844120,Fakuli,BIHAR,Y,Y,N,,
,700159,Kolkata,WEST BENGAL,Y,Y,Y,,
,741301,Nabawadip,WEST BENGAL,Y,Y,N,,
,712146,Pandua,WEST BENGAL,N,N,N,,
,844101,Hajipur Town,BIHAR,Y,Y,Y,,
,712331,Hooghly,WEST BENGAL,Y,Y,Y,,
,829144,JARIDIH BAZAR,JHARKHAND,Y,Y,Y,,
,721122,MIDNAPORE,WEST BENGAL,Y,Y,Y,,
,843326,Runni Saidpur,BIHAR,Y,Y,Y,,
,713364,Rupnarayanpur,WEST BENGAL,Y,Y,N,,
,752069,NAYAGARH,Odisha,Y,Y,N,,
,761022,CHHATRAPUR,Odisha,Y,Y,N,,
,825103,Chatra,JHARKHAND,Y,Y,Y,,
,700008,Amtala,WEST BENGAL,Y,Y,Y,,
,721423,Digha,WEST BENGAL,Y,Y,N,,
,825411,Barhi JH,JHARKHAND,N,N,N,,
,743296,Barasat,WEST BENGAL,Y,Y,Y,,
,852201,Saharsa,BIHAR,Y,Y,Y,,
,827007,Bokaro,JHARKHAND,Y,Y,Y,,
,754141,Jagatsinghpur,Odisha,Y,Y,Y,,
,754025,Cuttack,Odisha,N,N,N,,
,855276,Purnia,BIHAR,Y,Y,Y,,
,732161,Malda,WEST BENGAL,Y,Y,N,,
,734428,SILIGURI,WEST BENGAL,Y,Y,N,,
,751030,Bhubaneswar,Odisha,Y,Y,Y,,
,843325,Sheohar,BIHAR,Y,Y,N,,
,731104,Suri,WEST BENGAL,Y,Y,N,,
,843160,Muzaffarpur,BIHAR,Y,Y,Y,,
,811212,Munger,BIHAR,N,N,N,,
,722135,KHATRA,WEST BENGAL,Y,Y,Y,,
,767070,SAINTALA,Odisha,Y,Y,Y,,
,735202,BANARHAT,WEST BENGAL,N,N,N,,
,753012,Cuttack,Odisha,Y,Y,Y,,
,845490,Bettiah,BIHAR,Y,Y,Y,,
,741234,KALYANI,WEST BENGAL,Y,Y,Y,,
,754222,Kendrapara,Odisha,Y,Y,Y,,
,731221,MURARAI,WEST BENGAL,Y,Y,N,,
,848137,Samastipur,BIHAR,Y,Y,Y,,
,767004,Balangir,Odisha,Y,Y,Y,,
,743222,Habra,WEST BENGAL,Y,Y,Y,,
,846007,Darbhanga,BIHAR,Y,Y,N,,
,756101,BHADRAK,Odisha,Y,Y,N,,
,731234,Suri,WEST BENGAL,Y,Y,Y,,
,741505,Hanskhali,WEST BENGAL,Y,Y,N,,
,733302,DURGAPUR,WEST BENGAL,Y,Y,Y,,
,761025,CHHATRAPUR,Odisha,Y,Y,N,,
,734203,Kursheong,WEST BENGAL,Y,Y,N,,
,828304,Dhanbad,JHARKHAND,Y,Y,Y,,
,735221,Malbazar,WEST BENGAL,Y,Y,Y,,
,768104,Attabira,Odisha,Y,Y,Y,,
,829101,Ramgarh,JHARKHAND,Y,Y,Y,,
,827008,Bokaro,JHARKHAND,Y,Y,Y,,
,743170,Barrackpore,WEST BENGAL,Y,Y,Y,,
,811204,Munger,BIHAR,Y,Y,Y,,
,742186,Murshidabad,WEST BENGAL,Y,Y,Y,,
,766107,Kesinga,Odisha,N,N,N,,
,851116,Begusarai,BIHAR,Y,Y,Y,,
,841440,Gopalganj,BIHAR,Y,Y,Y,,
,754143,Jagatsinghpur,Odisha,Y,Y,Y,,
,712134,Pandua,WEST BENGAL,N,N,N,,
,813210,Bhagalpur,BIHAR,Y,Y,Y,,
,755004,Jajpur Town,Odisha,Y,Y,Y,,
,756082,Chandaneswar,Odisha,N,N,N,,
,735205,BANARHAT,WEST BENGAL,N,N,N,,
,824112,ROHTAS,BIHAR,Y,Y,N,,
,756119,DHAMNAGAR,Odisha,N,N,N,,
,713143,Bhatar,WEST BENGAL,N,N,N,,
,854312,Araria,BIHAR,Y,Y,N,,
,835226,Simdega,JHARKHAND,Y,Y,Y,,
,753004,Cuttack,Odisha,Y,Y,Y,,
,762029,Phulbani,Odisha,N,N,N,,
,732163,Malda,WEST BENGAL,Y,Y,N,,
,847116,Darbhanga,BIHAR,Y,Y,Y,,
,722122,BISHNUPUR,WEST BENGAL,Y,Y,Y,,
,757012,BARIPADA,Odisha,Y,Y,Y,,
,743377,Amtala,WEST BENGAL,Y,Y,N,,
,770073,SUNDERGARH,Odisha,N,N,N,,
,743202,Barasat,WEST BENGAL,Y,Y,Y,,
,804418,JEHANABAD,BIHAR,Y,Y,Y,,
,754161,Kendrapara,Odisha,Y,Y,Y,,
,801502,Patna,BIHAR,Y,Y,Y,,
,721306,Kharagpur,WEST BENGAL,Y,Y,Y,,
,765022,Gunupur,Odisha,Y,Y,Y,,
,855315,Purnia,BIHAR,Y,Y,Y,,
,743354,JOYNAGAR,WEST BENGAL,Y,Y,Y,,
,713420,Budbud,WEST BENGAL,Y,Y,Y,,
,736182,Jaigaon,WEST BENGAL,Y,Y,Y,,
,721139,Panskura,WEST BENGAL,N,N,N,,
,825318,Bagodar,JHARKHAND,N,N,N,,
,821307,ROHTAS,BIHAR,Y,Y,Y,,
,754037,Narasinghpur,Odisha,Y,Y,N,,
,734424,NAXALBARI,WEST BENGAL,Y,Y,Y,,
,711403,HOWRAH,WEST BENGAL,Y,Y,Y,,
,711101,HOWRAH,WEST BENGAL,Y,Y,Y,,
,843311,Runni Saidpur,BIHAR,Y,Y,Y,,
,732141,Malda,WEST BENGAL,Y,Y,Y,,
,759022,Hindol,Odisha,Y,Y,Y,,
,754201,Salepur OR,Odisha,Y,Y,N,,
,713167,Burdwan,WEST BENGAL,Y,Y,Y,,
,712137,Chandannagar,WEST BENGAL,Y,Y,Y,,
,828117,Dhanbad,JHARKHAND,Y,Y,Y,,
,721443,EGRA,WEST BENGAL,Y,Y,N,,
,700087,Kolkata,WEST BENGAL,Y,Y,Y,,
,801501,Patna,BIHAR,Y,Y,Y,,
,761104,Purshotampur,Odisha,Y,Y,Y,,
,712233,Hooghly,WEST BENGAL,Y,Y,Y,,
,741246,KALYANI,WEST BENGAL,Y,Y,Y,,
,831002,Jamshedpur,JHARKHAND,Y,Y,Y,,
,713358,Asansol,WEST BENGAL,Y,Y,N,,
,762014,Boudh,Odisha,Y,Y,N,,
,767032,SAINTALA,Odisha,Y,Y,Y,,
,721638,Haldia,WEST BENGAL,N,N,N,,
,851137,Begusarai,BIHAR,Y,Y,Y,,
,757040,Sajanagarh,Odisha,Y,Y,Y,,
,832303,Ghatshila,JHARKHAND,Y,Y,Y,,
,844512,SARAIYA,BIHAR,Y,Y,N,,
,700076,Kolkata,WEST BENGAL,Y,Y,Y,,
,845463,Bettiah,BIHAR,Y,Y,Y,,
,734301,Kalimpong,WEST BENGAL,Y,Y,Y,,
,721667,Diamond Harbour,WEST BENGAL,N,N,N,,
,734402,SILIGURI,WEST BENGAL,Y,Y,Y,,
,743604,Baruipur,WEST BENGAL,Y,Y,Y,,
,736203,Barobisha,WEST BENGAL,N,N,N,,
,829108,Ramgarh,JHARKHAND,Y,Y,Y,,
,848151,BiharSharif,BIHAR,Y,Y,Y,,
,758037,Barbil,Odisha,Y,Y,N,,
,732124,GAZOLE,WEST BENGAL,N,N,N,,
,845421,Motihari,BIHAR,Y,Y,Y,,
,843148,Muzaffarpur,BIHAR,Y,Y,Y,,
,722170,Bankura,WEST BENGAL,Y,Y,Y,,
,713154,Memari,WEST BENGAL,Y,Y,Y,,
,756144,HATADIHI,Odisha,N,N,N,,
,732156,Malda,WEST BENGAL,Y,Y,N,,
,742174,Hariharpara,WEST BENGAL,Y,Y,N,,
,761051,CHHATRAPUR,Odisha,Y,Y,N,,
,752087,NAYAGARH,Odisha,Y,Y,Y,,
,761044,CHHATRAPUR,Odisha,Y,Y,N,,
,801109,Naubatpur,BIHAR,N,N,N,,
,754215,PATTAMUNDAI,Odisha,Y,Y,N,,
,767002,Balangir,Odisha,Y,Y,Y,,
,802304,Arrah,BIHAR,Y,Y,Y,,
,843355,SITAMARHI,BIHAR,Y,Y,Y,,
,828202,Dhanbad,JHARKHAND,Y,Y,Y,,
,824235,Tekari,BIHAR,Y,Y,Y,,
,764062,Gunupur,Odisha,Y,Y,Y,,
,800015,Patna,BIHAR,Y,Y,Y,,
,852235,Muzaffarpur,BIHAR,Y,Y,Y,,
,743302,Baruipur,WEST BENGAL,Y,Y,N,,
,741166,Dhubulia,WEST BENGAL,Y,Y,Y,,
,712136,Chandannagar,WEST BENGAL,Y,Y,Y,,
,843348,SITAMARHI,BIHAR,Y,Y,Y,,
,735227,Kalchini,WEST BENGAL,Y,Y,Y,,
,736162,Alipurduar,WEST BENGAL,Y,Y,N,,
,841430,Gopalganj,BIHAR,Y,Y,Y,,
,734209,Darjeeling,WEST BENGAL,Y,Y,N,,
,759134,Angul,Odisha,Y,Y,N,,
,721427,CONTAI,WEST BENGAL,Y,Y,N,,
,825323,Barakatha,JHARKHAND,N,N,N,,
,801102,Naubatpur,BIHAR,N,N,N,,
,721503,Gopiballavpur,WEST BENGAL,Y,Y,N,,
,713342,Haripur,WEST BENGAL,Y,Y,Y,,
,843333,Pupri,BIHAR,Y,Y,Y,,
,756138,DHAMNAGAR,Odisha,N,N,N,,
,722201,Burdwan,WEST BENGAL,Y,Y,N,,
,826015,Dhanbad,JHARKHAND,Y,Y,Y,,
,743380,Diamond Harbour,WEST BENGAL,N,N,N,,
,799999,Kolkata,WEST BENGAL,Y,Y,N,,
,742164,Murshidabad,WEST BENGAL,Y,Y,N,,
,843106,SARAIYA,BIHAR,Y,Y,N,,
,754252,MARSHAGHAI,Odisha,Y,Y,N,,
,803212,Khusrupur,BIHAR,Y,Y,Y,,
,828129,Dhanbad,JHARKHAND,Y,Y,Y,,
,712234,Hooghly,WEST BENGAL,Y,Y,Y,,
,734013,SILIGURI,WEST BENGAL,Y,Y,Y,,
,735215,Kalchini,WEST BENGAL,Y,Y,N,,
,804419,Arwal,BIHAR,Y,Y,N,,
,825410,JHUMRITILEIYA,JHARKHAND,Y,Y,Y,,
,812002,Bhagalpur,BIHAR,Y,Y,Y,,
,756049,Khaira,Odisha,Y,Y,Y,,
,743293,Berachampa,WEST BENGAL,Y,Y,N,,
,845424,Sahebganj,BIHAR,Y,Y,N,,
,800014,Patna,BIHAR,Y,Y,Y,,
,826116,Patratu,JHARKHAND,Y,Y,N,,
,812007,Bhagalpur,BIHAR,Y,Y,Y,,
,733154,Fulbari WB,WEST BENGAL,Y,Y,Y,,
,845415,Dhaka,BIHAR,Y,Y,N,,
,835215,Ormanjhi,JHARKHAND,Y,Y,Y,,
,752017,Delang,Odisha,N,N,N,,
,761144,Sheragada,Odisha,Y,Y,N,,
,762019,Phulbani,Odisha,N,N,N,,
,700061,BATANAGAR,WEST BENGAL,Y,Y,Y,,
,712204,Hooghly,WEST BENGAL,Y,Y,Y,,
,761211,BALUGAON,Odisha,Y,Y,Y,,
,712420,Burdwan,WEST BENGAL,Y,Y,N,,
,815302,GIRIDIH,JHARKHAND,Y,Y,Y,,
,736165,Cooch Behar,WEST BENGAL,Y,Y,Y,,
,753002,Cuttack,Odisha,Y,Y,Y,,
,825401,Chatra,JHARKHAND,Y,Y,Y,,
,767046,SAINTALA,Odisha,Y,Y,N,,
,760032,Berhampur,Odisha,Y,Y,Y,,
,760002,Berhampur,Odisha,Y,Y,Y,,
,844517,SARAIYA,BIHAR,Y,Y,N,,
,735201,Birpara,WEST BENGAL,Y,Y,N,,
,732151,Malda,WEST BENGAL,N,N,N,,
,754132,Nanpur,Odisha,Y,Y,N,,
,756052,SORO,Odisha,Y,Y,Y,,
,804421,Tekari,BIHAR,Y,Y,N,,
,736175,Dinhata,WEST BENGAL,Y,Y,Y,,
,759122,Angul,Odisha,Y,Y,N,,
,829302,PETARBAR,JHARKHAND,Y,Y,Y,,
,833215,CHAIBASA,JHARKHAND,Y,Y,N,,
,712138,Chandannagar,WEST BENGAL,Y,Y,Y,,
,843001,SITAMARHI,BIHAR,Y,Y,Y,,
,700094,Kolkata,WEST BENGAL,Y,Y,Y,,
,700039,Kolkata,WEST BENGAL,Y,Y,Y,,
,733208,KISHANGANJ,WEST BENGAL,Y,Y,N,,
,759139,Angul,Odisha,Y,Y,N,,
,802207,Piro,BIHAR,N,N,N,,
,834006,Ranchi,JHARKHAND,Y,Y,Y,,
,700096,Kolkata,WEST BENGAL,Y,Y,N,,
,852156,SUPAUL,BIHAR,N,N,N,,
,845500,Bettiah,BIHAR,Y,Y,Y,,
,844502,Hajipur Town,BIHAR,Y,Y,N,,
,752057,Khordha,Odisha,Y,Y,Y,,
,765029,Gunupur,Odisha,N,N,N,,
,713302,Asansol,WEST BENGAL,N,N,N,,
,768016,Sambalpur,Odisha,Y,Y,Y,,
,743710,Gopalnagar,WEST BENGAL,Y,Y,N,,
,751016,Bhubaneswar,Odisha,Y,Y,Y,,
,700038,Kolkata,WEST BENGAL,Y,Y,Y,,
,712701,Dankuni,WEST BENGAL,Y,Y,Y,,
,814132,Godda,JHARKHAND,Y,Y,Y,,
,721460,CONTAI,WEST BENGAL,Y,Y,Y,,
,711302,HOWRAH,WEST BENGAL,Y,Y,Y,,
,844510,SARAIYA,BIHAR,Y,Y,N,,
,827004,Bokaro,JHARKHAND,Y,Y,Y,,
,811209,Munger,BIHAR,Y,Y,Y,,
,752055,Khordha,Odisha,Y,Y,N,,
,815318,Jamua,JHARKHAND,N,N,N,,
,754239,PATTAMUNDAI,Odisha,Y,Y,N,,
,721149,Kharagpur,WEST BENGAL,Y,Y,Y,,
,742133,Beldanga,WEST BENGAL,Y,Y,N,,
,752050,Jatni,Odisha,Y,Y,N,,
,833102,CHAKRADHARPUR,JHARKHAND,Y,Y,Y,,
,854123,Katihar,BIHAR,Y,Y,Y,,
,735102,Jalpaiguri,WEST BENGAL,Y,Y,Y,,
,713201,DURGAPUR,WEST BENGAL,Y,Y,Y,,
,801504,Patna,BIHAR,Y,Y,Y,,
,722112,SONAMUKHI,WEST BENGAL,Y,Y,Y,,
,743236,BONGAON,WEST BENGAL,Y,Y,Y,,
,731127,Suri,WEST BENGAL,Y,Y,N,,
,848127,Samastipur,BIHAR,Y,Y,Y,,
,751002,Bhubaneswar,Odisha,Y,Y,Y,,
,754155,Jagatsinghpur,Odisha,N,N,N,,
,805104,NAWADA,BIHAR,Y,Y,N,,
,742202,Dhulian,WEST BENGAL,Y,Y,Y,,
,713166,Memari,WEST BENGAL,Y,Y,Y,,
,855126,Purnia,BIHAR,Y,Y,Y,,
,711203,HOWRAH,WEST BENGAL,Y,Y,Y,,
,755026,Jajpur Road,Odisha,Y,Y,Y,,
,848132,Samastipur,BIHAR,Y,Y,N,,
,743175,Barrackpore,WEST BENGAL,Y,Y,Y,,
,742191,Murshidabad,WEST BENGAL,Y,Y,Y,,
,801302,Hilsa,BIHAR,Y,Y,N,,
,844118,Fakuli,BIHAR,Y,Y,Y,,
,754251,Kendrapara,Odisha,Y,Y,Y,,
,722162,Jhargram,WEST BENGAL,N,N,N,,
,851114,Begusarai,BIHAR,Y,Y,Y,,
,742176,Beldanga,WEST BENGAL,Y,Y,Y,,
,814118,Jarmundi,JHARKHAND,Y,Y,Y,,
,829149,LOHARDAGA,JHARKHAND,Y,Y,Y,,
,721428,Digha,WEST BENGAL,Y,Y,N,,
,828204,Dhanbad,JHARKHAND,Y,Y,N,,
,721171,Mecheda,WEST BENGAL,Y,Y,Y,,
,845116,Katihar,BIHAR,Y,Y,Y,,
,741316,PARULIA WB,WEST BENGAL,Y,Y,Y,,
,826003,Dhanbad,JHARKHAND,Y,Y,Y,,
,848153,BiharSharif,BIHAR,Y,Y,Y,,
,758035,Barbil,Odisha,Y,Y,N,,
,731216,Rampurhat,WEST BENGAL,Y,Y,N,,
,743440,Habra,WEST BENGAL,Y,Y,N,,
,721304,Kharagpur,WEST BENGAL,Y,Y,Y,,
,828105,Dhanbad,JHARKHAND,Y,Y,Y,,
,741155,Betai,WEST BENGAL,Y,Y,Y,,
,847225,Basopatti,BIHAR,Y,Y,N,,
,711247,HOWRAH,WEST BENGAL,Y,Y,N,,
,824207,Tekari,BIHAR,Y,Y,Y,,
,803114,Hilsa,BIHAR,Y,Y,Y,,
,802174,Arrah,BIHAR,Y,Y,Y,,
,757001,BARIPADA,Odisha,Y,Y,Y,,
,752012,Puri,Odisha,Y,Y,N,,
,712611,Arambagh,WEST BENGAL,Y,Y,Y,,
,761015,Mohana,Odisha,N,N,N,,
,802311,Barhara,BIHAR,N,N,N,,
,721459,Dantan,WEST BENGAL,Y,Y,Y,,
,824237,Sherghati,BIHAR,Y,Y,Y,,
,741315,Nabawadip,WEST BENGAL,Y,Y,N,,
,847121,Darbhanga,BIHAR,N,N,N,,
,802163,Arrah,BIHAR,Y,Y,Y,,
,700106,Kolkata,WEST BENGAL,Y,Y,Y,,
,713124,Burdwan,WEST BENGAL,Y,Y,Y,,
,756035,Chandaneswar,Odisha,N,N,N,,
,752030,BALUGAON,Odisha,Y,Y,Y,,
,737126,NAMCHI,SIKKIM,N,N,N,,
,832101,Dhalbhumgarh,JHARKHAND,Y,Y,N,,
,848505,Khalispur,BIHAR,Y,Y,Y,,
,828130,Dhanbad,JHARKHAND,Y,Y,Y,,
,841105,Hajipur Town,BIHAR,Y,Y,Y,,
,752111,Konark,Odisha,Y,Y,Y,,
,735121,Jalpaiguri,WEST BENGAL,Y,Y,Y,,
,828134,Bokaro,JHARKHAND,Y,Y,Y,,
,711414,HOWRAH,WEST BENGAL,Y,Y,Y,,
,700145,Baruipur,WEST BENGAL,Y,Y,Y,,
,832107,Jamshedpur,JHARKHAND,Y,Y,Y,,
,756122,DHAMNAGAR,Odisha,Y,Y,N,,
,700075,Kolkata,WEST BENGAL,Y,Y,Y,,
,731219,MURARAI,WEST BENGAL,Y,Y,N,,
,770033,ROURKELA,Odisha,N,N,N,,
,805124,Pakribarawan,BIHAR,N,N,N,,
,713385,PANDAVESWAR  WB,WEST BENGAL,Y,Y,Y,,
,758015,Anandapur,Odisha,Y,Y,N,,
,741153,KATWA,WEST BENGAL,Y,Y,N,,
,713326,Asansol,WEST BENGAL,Y,Y,Y,,
,816124,Tinpahar,JHARKHAND,N,N,N,,
,826012,Dhanbad,JHARKHAND,Y,Y,Y,,
,731240,NANOOR,WEST BENGAL,Y,Y,Y,,
,841506,Siwan,BIHAR,Y,Y,Y,,
,700081,Kolkata,WEST BENGAL,Y,Y,Y,,
,721652,Shrirampur WB,WEST BENGAL,Y,Y,N,,
,754280,Nischintakoili,Odisha,Y,Y,Y,,
,754203,Nischintakoili,Odisha,N,N,N,,
,741302,Nabawadip,WEST BENGAL,Y,Y,Y,,
,802318,SARAIYA,BIHAR,Y,Y,N,,
,757025,BETNOTI,Odisha,Y,Y,N,,
,802114,Buxar,BIHAR,Y,Y,Y,,
,711226,HOWRAH,WEST BENGAL,Y,Y,Y,,
,769014,ROURKELA,Odisha,Y,Y,Y,,
,843113,Kanti,BIHAR,Y,Y,N,,
,845120,Katihar,BIHAR,Y,Y,Y,,
,712206,Barrackpore,WEST BENGAL,Y,Y,N,,
,828124,Dhanbad,JHARKHAND,Y,Y,Y,,
,845301,Raxual,BIHAR,N,N,N,,
,821109,Mohania,BIHAR,N,N,N,,
,753121,Jalpaiguri,WEST BENGAL,Y,Y,N,,
,732206,Malda,WEST BENGAL,Y,Y,Y,,
,743126,KALYANI,WEST BENGAL,Y,Y,Y,,
,754246,Kendrapara,Odisha,Y,Y,Y,,
,736257,Cooch Behar,WEST BENGAL,Y,Y,N,,
,831012,Jamshedpur,JHARKHAND,Y,Y,Y,,
,761027,CHHATRAPUR,Odisha,Y,Y,N,,
,712307,Hooghly,WEST BENGAL,Y,Y,Y,,
,733121,GANGARAMPUR,WEST BENGAL,Y,Y,N,,
,712304,Hooghly,WEST BENGAL,Y,Y,Y,,
,700099,Kolkata,WEST BENGAL,Y,Y,Y,,
,731212,DURGAPUR,WEST BENGAL,Y,Y,Y,,
,802135,DUMRAON,BIHAR,Y,Y,Y,,
,722165,Bankadaha,WEST BENGAL,Y,Y,Y,,
,700007,Kolkata,WEST BENGAL,Y,Y,Y,,
,743456,Bokchora,WEST BENGAL,Y,Y,N,,
,743316,Diamond Harbour,WEST BENGAL,N,N,N,,
,838303,LOHARDAGA,JHARKHAND,Y,Y,Y,,
,766012,Kesinga,Odisha,N,N,N,,
,756142,CHANDBALI,Odisha,Y,Y,Y,,
,751054,Bhubaneswar,Odisha,Y,Y,Y,,
,722158,Bankura,WEST BENGAL,Y,Y,Y,,
,741154,Dhubulia,WEST BENGAL,Y,Y,Y,,
,756059,Khaira,Odisha,Y,Y,Y,,
,811213,Kharagpur BH,BIHAR,Y,Y,N,,
,700052,Kolkata,WEST BENGAL,Y,Y,Y,,
,743318,BATANAGAR,WEST BENGAL,Y,Y,Y,,
,754022,Cuttack,Odisha,N,N,N,,
,722213,Hooghly,WEST BENGAL,Y,Y,Y,,
,756047,SORO,Odisha,Y,Y,Y,,
,835207,Gumla,JHARKHAND,Y,Y,Y,,
,721429,EGRA,WEST BENGAL,Y,Y,N,,
,854106,Katihar,BIHAR,Y,Y,Y,,
,854353,Purnia,BIHAR,Y,Y,Y,,
,751022,Bhubaneswar,Odisha,Y,Y,Y,,
,735209,Malbazar,WEST BENGAL,Y,Y,N,,
,761123,Bhanjanagar,Odisha,Y,Y,N,,
,743402,SWARUPNAGAR,WEST BENGAL,Y,Y,Y,,
,735213,Madarihat,WEST BENGAL,Y,Y,N,,
,700034,Amtala,WEST BENGAL,Y,Y,Y,,
,761002,CHHATRAPUR,Odisha,Y,Y,N,,
,847223,BENIPATTI,BIHAR,Y,Y,Y,,
,700029,Kolkata,WEST BENGAL,Y,Y,Y,,
,829201,KHALARI,JHARKHAND,Y,Y,Y,,
,848144,Samastipur,BIHAR,Y,Y,Y,,
,829206,LATEHAR,JHARKHAND,Y,Y,Y,,
,769042,ROURKELA,Odisha,Y,Y,Y,,
,767006,Balangir,Odisha,Y,Y,Y,,
,700110,Kolkata,WEST BENGAL,Y,Y,Y,,
,831015,Jamshedpur,JHARKHAND,Y,Y,Y,,
,741139,Dhubulia,WEST BENGAL,Y,Y,Y,,
,805107,Pakribarawan,BIHAR,N,N,N,,
,743385,JOYNAGAR,WEST BENGAL,Y,Y,Y,,
,735237,Malbazar,WEST BENGAL,Y,Y,N,,
,758027,GHATAGAON,Odisha,N,N,N,,
,804424,Gaya,BIHAR,Y,Y,N,,
,754108,Jagatsinghpur,Odisha,N,N,N,,
,732104,Malda,WEST BENGAL,Y,Y,N,,
,762001,Phulbani,Odisha,N,N,N,,
,847113,Darbhanga,BIHAR,Y,Y,Y,,
,845504,Motihari,BIHAR,Y,Y,Y,,
,721127,Chandrakona,WEST BENGAL,Y,Y,N,,
,756032,JALESWAR,Odisha,Y,Y,N,,
,768111,Attabira,Odisha,Y,Y,Y,,
,843146,Muzaffarpur,BIHAR,Y,Y,Y,,
,801110,Arwal,BIHAR,Y,Y,N,,
,735229,Gorubathan,WEST BENGAL,N,N,N,,
,844134,Fakuli,BIHAR,Y,Y,Y,,
,752079,NAYAGARH,Odisha,Y,Y,Y,,
,734214,MIRIK,WEST BENGAL,Y,Y,Y,,
,752078,KANTILO,Odisha,Y,Y,N,,
,823001,Gaya,BIHAR,Y,Y,Y,,
,769002,ROURKELA,Odisha,Y,Y,Y,,
,743001,SILIGURI,WEST BENGAL,Y,Y,N,,
,731238,MURARAI,WEST BENGAL,Y,Y,N,,
,841254,Siwan,BIHAR,Y,Y,Y,,
,741164,Dhubulia,WEST BENGAL,Y,Y,Y,,
,756045,SORO,Odisha,Y,Y,N,,
,768218,Belpahar,Odisha,Y,Y,Y,,
,733128,ITAHAR,WEST BENGAL,Y,Y,Y,,
,713323,Asansol,WEST BENGAL,Y,Y,Y,,
,764004,Jeypore,Odisha,Y,Y,Y,,
,841428,Gopalganj,BIHAR,Y,Y,Y,,
,846003,Darbhanga,BIHAR,Y,Y,Y,,
,802315,Barhara,BIHAR,N,N,N,,
,700046,Kolkata,WEST BENGAL,Y,Y,Y,,
,713104,Burdwan,WEST BENGAL,Y,Y,Y,,
,843302,SITAMARHI,BIHAR,Y,Y,Y,,
,759129,Angul,Odisha,Y,Y,N,,
,844137,SARAIYA,BIHAR,Y,Y,N,,
,721426,Dantan,WEST BENGAL,Y,Y,Y,,
,700002,Kolkata,WEST BENGAL,Y,Y,Y,,
,752108,Konark,Odisha,N,N,N,,
,827302,PETARBAR,JHARKHAND,Y,Y,Y,,
,847230,BENIPATTI,BIHAR,Y,Y,Y,,
,741124,Dhubulia,WEST BENGAL,Y,Y,N,,
,843158,Muzaffarpur,BIHAR,Y,Y,Y,,
,700006,Kolkata,WEST BENGAL,Y,Y,Y,,
,721651,Shrirampur WB,WEST BENGAL,Y,Y,N,,
,711404,HOWRAH,WEST BENGAL,Y,Y,N,,
,753013,Cuttack,Odisha,Y,Y,Y,,
,742305,DURGAPUR,WEST BENGAL,Y,Y,Y,,
,756060,Bahanaga,Odisha,Y,Y,N,,
,833216,SARAIKELAKHARSWAN,JHARKHAND,Y,Y,Y,,
,722166,Bankura,WEST BENGAL,N,N,N,,
,825402,Ichak,JHARKHAND,N,N,Y,,
,843143,SARAIYA,BIHAR,N,N,N,,
,713502,KATWA,WEST BENGAL,Y,Y,Y,,
,712203,Hooghly,WEST BENGAL,Y,Y,Y,,
,768224,Bamra,Odisha,N,N,N,,
,848121,Samastipur,BIHAR,Y,Y,N,,
,824129,Rafiganj,BIHAR,Y,Y,Y,,
,743234,Barasat,WEST BENGAL,Y,Y,Y,,
,713206,DURGAPUR,WEST BENGAL,Y,Y,Y,,
,828142,Dhanbad,JHARKHAND,N,N,N,,
,734432,SILIGURI,WEST BENGAL,Y,Y,N,,
,754154,Amberi,Odisha,Y,Y,N,,
,713339,Asansol,WEST BENGAL,Y,Y,Y,,
,759111,Angul,Odisha,Y,Y,N,,
,802314,Arrah,BIHAR,Y,Y,Y,,
,756129,CHANDBALI,Odisha,Y,Y,Y,,
,721514,Binpur,WEST BENGAL,Y,Y,N,,
,761213,Paralakhemundi,Odisha,N,N,N,,
,711315,HOWRAH,WEST BENGAL,Y,Y,Y,,
,829133,Patratu,JHARKHAND,Y,Y,Y,,
,835240,Ranchi,JHARKHAND,Y,Y,Y,,
,721604,Haldia,WEST BENGAL,Y,Y,Y,,
,769013,ROURKELA,Odisha,Y,Y,Y,,
,814115,Deoghar,JHARKHAND,Y,Y,Y,,
,766036,SINDHEKELA,Odisha,Y,Y,N,,
,713384,Haripur,WEST BENGAL,Y,Y,N,,
,712428,Pursurah,WEST BENGAL,Y,Y,Y,,
,743289,Habra,WEST BENGAL,Y,Y,Y,,
,800019,Patna,BIHAR,Y,Y,Y,,
,803214,Barh BH,BIHAR,Y,Y,N,,
,711111,HOWRAH,WEST BENGAL,Y,Y,Y,,
,756075,Balasore,Odisha,Y,Y,Y,,
,754130,Nanpur,Odisha,Y,Y,Y,,
,814122,Deoghar,JHARKHAND,Y,Y,Y,,
,754281,Nischintakoili,Odisha,Y,Y,Y,,
,742304,Kaladanga,WEST BENGAL,Y,Y,N,,
,756081,Baliapal,Odisha,Y,Y,N,,
,741167,Hanskhali,WEST BENGAL,Y,Y,N,,
,813233,Bhagalpur,BIHAR,Y,Y,Y,,
,735208,Jaigaon,WEST BENGAL,Y,Y,Y,,
,823002,Gaya,BIHAR,Y,Y,Y,,
,733123,Rupahar,WEST BENGAL,Y,Y,N,,
,756021,Balasore,Odisha,N,N,N,,
,842004,Meenapur,BIHAR,Y,Y,Y,,
,721661,Haldia,WEST BENGAL,Y,Y,Y,,
,744104,Port Blair,ANDAMAN AND NICOBAR,N,N,N,,
,732201,Kaliachak,WEST BENGAL,Y,Y,Y,,
,700104,Amtala,WEST BENGAL,Y,Y,Y,,
,721158,Mecheda,WEST BENGAL,Y,Y,Y,,
,756084,JALESWAR,Odisha,N,N,N,,
,844522,SARAIYA,BIHAR,Y,Y,N,,
,831010,Jamshedpur,JHARKHAND,Y,Y,Y,,
,835234,Lapung,JHARKHAND,N,N,N,,
,754107,Jagatsinghpur,Odisha,N,N,N,,
,741403,Ranaghat,WEST BENGAL,Y,Y,Y,,
,742238,Nagar,WEST BENGAL,Y,Y,N,,
,761125,Bhanjanagar,Odisha,Y,Y,N,,
,756019,Balasore,Odisha,Y,Y,Y,,
,844504,Mahnar,BIHAR,N,N,N,,
,733006,SILIGURI,WEST BENGAL,Y,Y,N,,
,832109,GamhariaJH,JHARKHAND,Y,Y,Y,,
,752016,Delang,Odisha,N,N,N,,
,751025,Bhubaneswar,Odisha,Y,Y,Y,,
,722161,Arambagh,WEST BENGAL,Y,Y,Y,,
,752024,CHANDPUR ORISSA,Odisha,Y,Y,N,,
,826106,Dhanbad,JHARKHAND,Y,Y,Y,,
,767021,Balangir,Odisha,Y,Y,Y,,
,742229,JANGIPUR,WEST BENGAL,Y,Y,N,,
,734425,Bidhannagar,WEST BENGAL,N,N,N,,
,700130,Barasat,WEST BENGAL,Y,Y,Y,,
,829103,Ramgarh,JHARKHAND,Y,Y,Y,,
,741201,Ranaghat,WEST BENGAL,Y,Y,Y,,
,829116,LOHARDAGA,JHARKHAND,Y,Y,N,,
,829412,PETARBAR,JHARKHAND,Y,Y,Y,,
,854352,Purnia,BIHAR,Y,Y,Y,,
,831016,Jamshedpur,JHARKHAND,Y,Y,Y,,
,754156,Nischintakoili,Odisha,Y,Y,Y,,
,834009,Ranchi,JHARKHAND,Y,Y,Y,,
,712125,Chandannagar,WEST BENGAL,Y,Y,Y,,
,753007,Cuttack,Odisha,Y,Y,Y,,
,828203,Dhanbad,JHARKHAND,Y,Y,N,,
,844501,Khalispur,BIHAR,Y,Y,Y,,
,736158,Sitalkuchi,WEST BENGAL,N,N,N,,
,847249,FORBESGANJ,BIHAR,Y,Y,Y,,
,851107,Begusarai,BIHAR,Y,Y,Y,,
,743356,Gangasagar,WEST BENGAL,N,N,N,,
,752114,Pipili,Odisha,N,N,N,,
,741317,Santipur,WEST BENGAL,Y,Y,N,,
,713373,Asansol,WEST BENGAL,Y,Y,Y,,
,722148,KHATRA,WEST BENGAL,Y,Y,N,,
,743291,Bokchora,WEST BENGAL,N,N,N,,
,756044,Bahanaga,Odisha,Y,Y,N,,
,754157,Nischintakoili,Odisha,Y,Y,Y,,
,754160,Amberi,Odisha,Y,Y,N,,
,814140,DUMKA,JHARKHAND,Y,Y,Y,,
,700143,BATANAGAR,WEST BENGAL,Y,Y,Y,,
,828106,Dhanbad,JHARKHAND,Y,Y,Y,,
,835302,LOHARDAGA,JHARKHAND,Y,Y,Y,,
,802101,Buxar,BIHAR,Y,Y,Y,,
,753014,Cuttack,Odisha,Y,Y,Y,,
,742135,LALGOLA,WEST BENGAL,N,N,N,,
,843122,SARAIYA,BIHAR,N,N,N,,
,734433,SILIGURI,WEST BENGAL,Y,Y,N,,
,761021,CHHATRAPUR,Odisha,Y,Y,N,,
,734404,SILIGURI,WEST BENGAL,Y,Y,Y,,
,846008,Darbhanga,BIHAR,Y,Y,Y,,
,700090,Kolkata,WEST BENGAL,Y,Y,Y,,
,700138,BATANAGAR,WEST BENGAL,Y,Y,Y,,
,731146,Suri,WEST BENGAL,Y,Y,Y,,
,700066,BATANAGAR,WEST BENGAL,Y,Y,Y,,
,758020,Anandapur,Odisha,Y,Y,N,,
,761003,CHHATRAPUR,Odisha,Y,Y,N,,
,766118,Kesinga,Odisha,N,N,N,,
,843164,Muzaffarpur,BIHAR,Y,Y,Y,,
,755016,JAJPUR ORISSA,Odisha,Y,Y,N,,
,743423,Berachampa,WEST BENGAL,Y,Y,Y,,
,743187,Barrackpore,WEST BENGAL,Y,Y,Y,,
,828103,Dhanbad,JHARKHAND,Y,Y,Y,,
,712150,Chandannagar,WEST BENGAL,Y,Y,Y,,
,742201,Dhulian,WEST BENGAL,Y,Y,Y,,
,761131,Bhanjanagar,Odisha,Y,Y,N,,
,712202,Hooghly,WEST BENGAL,Y,Y,Y,,
,754293,Nischintakoili,Odisha,Y,Y,Y,,
,835103,Ormanjhi,JHARKHAND,Y,Y,N,,
,754213,MARSHAGHAI,Odisha,Y,Y,N,,
,766117,SINDHEKELA,Odisha,N,N,N,,
,713153,Budbud,WEST BENGAL,Y,Y,Y,,
,852158,SUPAUL,BIHAR,N,N,N,,
,843159,Muzaffarpur,BIHAR,Y,Y,Y,,
,843328,Runni Saidpur,BIHAR,Y,Y,Y,,
,841253,Siwan,BIHAR,Y,Y,Y,,
,752064,RAJSUNAKHALA,Odisha,Y,Y,Y,,
,821308,ROHTAS,BIHAR,Y,Y,Y,,
,835217,Ranchi,JHARKHAND,Y,Y,Y,,
,700026,Kolkata,WEST BENGAL,Y,Y,Y,,
,721441,Digha,WEST BENGAL,Y,Y,Y,,
,763004,Sunabeda,Odisha,Y,Y,N,,
,827011,Bokaro,JHARKHAND,Y,Y,Y,,
,721228,Chandrakona,WEST BENGAL,Y,Y,N,,
,713421,Burdwan,WEST BENGAL,Y,Y,N,,
,802316,Barhara,BIHAR,N,N,N,,
,847213,MADHUBANI,BIHAR,Y,Y,Y,,
,845477,Bettiah,BIHAR,Y,Y,Y,,
,751007,Bhubaneswar,Odisha,Y,Y,Y,,
,711310,Fuleswar,WEST BENGAL,Y,Y,Y,,
,743122,Barrackpore,WEST BENGAL,Y,Y,Y,,
,722141,Bankadaha,WEST BENGAL,Y,Y,Y,,
,800026,Patna,BIHAR,Y,Y,Y,,
,752035,BALUGAON,Odisha,Y,Y,Y,,
,845483,Bettiah,BIHAR,Y,Y,Y,,
,854354,Bettiah,BIHAR,Y,Y,Y,,
,713317,DURGAPUR,WEST BENGAL,Y,Y,Y,,
,735302,Maynaguri,WEST BENGAL,Y,Y,N,,
,828112,Dhanbad,JHARKHAND,Y,Y,Y,,
,712101,Chandannagar,WEST BENGAL,Y,Y,Y,,
,768027,Attabira,Odisha,Y,Y,Y,,
,713357,Rupnarayanpur,WEST BENGAL,Y,Y,N,,
,722164,Bankadaha,WEST BENGAL,Y,Y,N,,
,733102,Balurghat,WEST BENGAL,Y,Y,Y,,
,835238,Ormanjhi,JHARKHAND,N,N,N,,
,825407,JAINAGAR JH,JHARKHAND,Y,Y,N,,
,816129,Tinpahar,JHARKHAND,N,N,N,,
,801306,Hilsa,BIHAR,Y,Y,Y,,
,700018,BATANAGAR,WEST BENGAL,Y,Y,Y,,
,834007,Ranchi,JHARKHAND,Y,Y,Y,,
,711112,HOWRAH,WEST BENGAL,Y,Y,Y,,
,744206,Port Blair,ANDAMAN AND NICOBAR,Y,Y,N,,
,713168,Memari,WEST BENGAL,Y,Y,Y,,
,844507,Khalispur,BIHAR,Y,Y,Y,,
,751027,Bhubaneswar,Odisha,Y,Y,Y,,
,743383,Raidighi,WEST BENGAL,Y,Y,N,,
,713132,Bhatar,WEST BENGAL,N,N,N,,
,754260,Amberi,Odisha,Y,Y,N,,
,761200,BALUGAON,Odisha,Y,Y,N,,
,821305,ROHTAS,BIHAR,Y,Y,N,,
,814154,Mahagama,JHARKHAND,Y,Y,N,,
,803111,BiharSharif,BIHAR,N,N,N,,
,756001,Balasore,Odisha,Y,Y,Y,,
,731223,Rampurhat,WEST BENGAL,Y,Y,N,,
,713377,PANDAVESWAR  WB,WEST BENGAL,Y,Y,Y,,
,828201,Dhanbad,JHARKHAND,Y,Y,Y,,
,743613,Baruipur,WEST BENGAL,Y,Y,Y,,
,855122,Katihar,BIHAR,Y,Y,Y,,
,752043,Puri,Odisha,Y,Y,Y,,
,734429,NAXALBARI,WEST BENGAL,Y,Y,Y,,
,754216,PATTAMUNDAI,Odisha,Y,Y,Y,,
,851127,Banka,BIHAR,Y,Y,N,,
,770046,ROURKELA,Odisha,N,N,N,,
,814133,Godda,JHARKHAND,Y,Y,Y,,
,700050,Kolkata,WEST BENGAL,Y,Y,Y,,
,845471,Bettiah,BIHAR,Y,Y,Y,,
,743136,KALYANI,WEST BENGAL,Y,Y,N,,
,754018,Adaspur,Odisha,N,N,N,,
,842010,Muzaffarpur,BIHAR,Y,Y,Y,,
,770002,SUNDERGARH,Odisha,Y,Y,Y,,
,848155,Samastipur,BIHAR,Y,Y,Y,,
,722102,Bankura,WEST BENGAL,Y,Y,Y,,
,821119,KISHANGANJ,WEST BENGAL,Y,Y,N,,
,848510,Samastipur,BIHAR,Y,Y,Y,,
,831014,GamhariaJH,JHARKHAND,Y,Y,Y,,
,763008,Sunabeda,Odisha,N,N,N,,
,743125,KALYANI,WEST BENGAL,Y,Y,Y,,
,759040,Hindol,Odisha,Y,Y,Y,,
,843316,Runni Saidpur,BIHAR,Y,Y,N,,
,822126,LATEHAR,JHARKHAND,N,N,N,,
,732145,Malda,WEST BENGAL,Y,Y,N,,
,743605,Baruipur,WEST BENGAL,Y,Y,Y,,
,811202,Munger,BIHAR,Y,Y,Y,,
,754021,Cuttack,Odisha,N,N,N,,
,735217,Kalchini,WEST BENGAL,Y,Y,Y,,
,731244,Rampurhat,WEST BENGAL,Y,Y,N,,
,752093,DASPALLA,Odisha,Y,Y,Y,,
,801105,Patna,BIHAR,Y,Y,Y,,
,754070,TALCHER,Odisha,Y,Y,Y,,
,824216,Aurangabad BH,BIHAR,N,N,N,,
,804417,JEHANABAD,BIHAR,Y,Y,Y,,
,822114,Garhwa,JHARKHAND,Y,Y,N,,
,756137,DHAMNAGAR,Odisha,N,N,N,,
,742103,Murshidabad,WEST BENGAL,Y,Y,Y,,
,700024,BATANAGAR,WEST BENGAL,Y,Y,Y,,
,736170,Cooch Behar,WEST BENGAL,Y,Y,Y,,
,754002,Adaspur,Odisha,N,N,N,,
,734421,SILIGURI,WEST BENGAL,Y,Y,Y,,
,835213,LOHARDAGA,JHARKHAND,Y,Y,N,,
,700136,Kolkata,WEST BENGAL,Y,Y,Y,,
,828135,Dhanbad,JHARKHAND,Y,Y,Y,,
,721451,Dantan,WEST BENGAL,Y,Y,Y,,
,700119,Barrackpore,WEST BENGAL,Y,Y,Y,,
,741253,Gopalnagar,WEST BENGAL,Y,Y,Y,,
,766106,Kesinga,Odisha,N,N,N,,
,841233,MAHARAJGANJ BH,BIHAR,N,N,N,,
,700114,Kolkata,WEST BENGAL,Y,Y,Y,,
,711316,HOWRAH,WEST BENGAL,Y,Y,Y,,
,757032,JHARPOKHARIA,Odisha,Y,Y,Y,,
,754210,Nischintakoili,Odisha,Y,Y,Y,,
,734001,SILIGURI,WEST BENGAL,Y,Y,Y,,
,803118,BiharSharif,BIHAR,Y,Y,Y,,
,848149,Samastipur,BIHAR,Y,Y,Y,,
,832012,Jamshedpur,JHARKHAND,Y,Y,Y,,
,756057,Balasore,Odisha,Y,Y,Y,,
,742163,Beldanga,WEST BENGAL,Y,Y,N,,
,800022,Patna,BIHAR,Y,Y,Y,,
,754109,Jagatsinghpur,Odisha,N,N,N,,
,743251,BONGAON,WEST BENGAL,Y,Y,Y,,
,854305,Purnia,BIHAR,Y,Y,Y,,
,844132,SARAIYA,BIHAR,Y,Y,N,,
,754245,Kendrapara,Odisha,Y,Y,Y,,
,770025,SUNDERGARH,Odisha,N,N,N,,
,770072,SUNDERGARH,Odisha,N,N,N,,
,765034,Gunupur,Odisha,N,N,N,,
,751021,Bhubaneswar,Odisha,Y,Y,Y,,
,804435,Tekari,BIHAR,N,N,N,,
,843119,Dholi,BIHAR,Y,Y,N,,
,847115,Darbhanga,BIHAR,Y,Y,N,,
,742109,Murshidabad,WEST BENGAL,Y,Y,Y,,
,713103,Burdwan,WEST BENGAL,Y,Y,Y,,
,759100,TALCHER,Odisha,Y,Y,Y,,
,762017,TARBHA,Odisha,Y,Y,N,,
,711107,HOWRAH,WEST BENGAL,Y,Y,Y,,
,732122,Malda,WEST BENGAL,Y,Y,Y,,
,766001,Bhawanipatna,Odisha,Y,Y,Y,,
,824101,Aurangabad BH,BIHAR,Y,Y,Y,,
,754244,Kendrapara,Odisha,Y,Y,Y,,
,741245,KALYANI,WEST BENGAL,Y,Y,Y,,
,751015,Bhubaneswar,Odisha,Y,Y,Y,,
,734423,NAXALBARI,WEST BENGAL,Y,Y,Y,,
,758028,GHATAGAON,Odisha,N,N,N,,
,721421,EGRA,WEST BENGAL,Y,Y,N,,
,854105,Katihar,BIHAR,Y,Y,Y,,
,700043,Kolkata,WEST BENGAL,Y,Y,Y,,
,835022,MURI,JHARKHAND,Y,Y,Y,,
,713386,Rupnarayanpur,WEST BENGAL,Y,Y,N,,
,754229,Kendrapara,Odisha,Y,Y,Y,,
,811269,Munger,BIHAR,Y,Y,Y,,
,713434,GUPTIPARA,WEST BENGAL,Y,Y,Y,,
,754009,KANTILO,Odisha,Y,Y,N,,
,712411,Haripal,WEST BENGAL,Y,Y,Y,,
,843101,SARAIYA,BIHAR,Y,Y,N,,
,841424,MASHRAKH,BIHAR,N,N,N,,
,828147,Dhanbad,JHARKHAND,Y,Y,Y,,
,743275,Barasat,WEST BENGAL,Y,Y,Y,,
,754214,Kendrapara,Odisha,Y,Y,Y,,
,713217,DURGAPUR,WEST BENGAL,Y,Y,Y,,
,743396,JOYNAGAR,WEST BENGAL,Y,Y,Y,,
,831006,Jamshedpur,JHARKHAND,Y,Y,Y,,
,712250,Hooghly,WEST BENGAL,Y,Y,Y,,
,769007,ROURKELA,Odisha,N,N,N,,
,713378,Haripur,WEST BENGAL,Y,Y,N,,
,734502,Darjeeling,WEST BENGAL,N,N,N,,
,731129,Suri,WEST BENGAL,Y,Y,N,,
,852113,Madhepura,BIHAR,N,N,N,,
,733157,Raigunj,WEST BENGAL,N,N,N,,
,713422,MANTESWAR,WEST BENGAL,Y,Y,N,,
,751003,Bhubaneswar,Odisha,Y,Y,Y,,
,831004,Jamshedpur,JHARKHAND,Y,Y,Y,,
,762012,Phulbani,Odisha,N,N,N,,
,811210,Munger,BIHAR,Y,Y,Y,,
,713337,Asansol,WEST BENGAL,Y,Y,Y,,
,803301,Mokama,BIHAR,Y,Y,N,,
,722153,Bankura,WEST BENGAL,Y,Y,Y,,
,735152,Balurghat,WEST BENGAL,Y,Y,Y,,
,803130,BiharSharif,BIHAR,Y,Y,Y,,
,743223,Habra,WEST BENGAL,Y,Y,N,,
,711411,HOWRAH,WEST BENGAL,Y,Y,Y,,
,848504,Khalispur,BIHAR,Y,Y,Y,,
,721168,Panskura,WEST BENGAL,N,N,N,,
,723160,PURULIA,WEST BENGAL,Y,Y,Y,,
,741161,Hanskhali,WEST BENGAL,Y,Y,N,,
,713218,DURGAPUR,WEST BENGAL,Y,Y,Y,,
,754250,Kendrapara,Odisha,Y,Y,Y,,
,762026,Boudh,Odisha,N,N,N,,
,752038,NAYAGARH,Odisha,Y,Y,Y,,
,833213,Barajamda,JHARKHAND,N,N,N,,
,757106,Sajanagarh,Odisha,Y,Y,Y,,
,733246,GANGARAMPUR,WEST BENGAL,Y,Y,Y,,
,841431,Gopalganj,BIHAR,Y,Y,Y,,
,832301,Dhalbhumgarh,JHARKHAND,Y,Y,N,,
,743426,Hasnabad,WEST BENGAL,Y,Y,N,,
,816109,SAHIBGANJ,JHARKHAND,Y,Y,Y,,
,845459,Bettiah,BIHAR,Y,Y,Y,,
,742235,SAGARDIGHI,WEST BENGAL,Y,Y,N,,
,742231,Dhulian,WEST BENGAL,Y,Y,Y,,
,829114,JARIDIH BAZAR,JHARKHAND,Y,Y,N,,
,854358,Purnia,BIHAR,Y,Y,Y,,
,802210,Arrah,BIHAR,Y,Y,N,,
,760003,Berhampur,Odisha,Y,Y,Y,,
,825320,Bagodar,JHARKHAND,Y,Y,Y,,
,848103,Samastipur,BIHAR,Y,Y,Y,,
,743337,JOYNAGAR,WEST BENGAL,Y,Y,Y,,
,721453,Pichaboni,WEST BENGAL,N,N,N,,
,713212,DURGAPUR,WEST BENGAL,Y,Y,Y,,
,767036,Titlagarh,Odisha,Y,Y,Y,,
,743700,Barasat,WEST BENGAL,Y,Y,Y,,
,843131,Sheohar,BIHAR,N,N,N,,
,700064,Kolkata,WEST BENGAL,Y,Y,Y,,
,768033,Sohella,Odisha,N,N,N,,
,757026,BETNOTI,Odisha,Y,Y,N,,
,713333,KULTI,WEST BENGAL,Y,Y,N,,
,829317,PETARBAR,JHARKHAND,Y,Y,Y,,
,721658,Haldia,WEST BENGAL,Y,Y,Y,,
,735210,Dhupguri,WEST BENGAL,N,N,N,,
,700059,Kolkata,WEST BENGAL,Y,Y,Y,,
,758087,GHATAGAON,Odisha,N,N,N,,
,761052,CHHATRAPUR,Odisha,Y,Y,N,,
,711405,HOWRAH,WEST BENGAL,Y,Y,Y,,
,829205,KHALARI,JHARKHAND,Y,Y,Y,,
,721463,Digha,WEST BENGAL,Y,Y,N,,
,848152,BiharSharif,BIHAR,Y,Y,Y,,
,734403,SILIGURI,WEST BENGAL,Y,Y,Y,,
,828301,Dhanbad,JHARKHAND,Y,Y,Y,,
,736174,Dinhata,WEST BENGAL,Y,Y,Y,,
,821102,Bhabua,BIHAR,N,N,N,,
,734007,SILIGURI,WEST BENGAL,Y,Y,Y,,
,754240,PATTAMUNDAI,Odisha,Y,Y,N,,
,741159,Santipur,WEST BENGAL,Y,Y,Y,,
,731237,Lohapur,WEST BENGAL,Y,Y,Y,,
,800108,Patna,BIHAR,Y,Y,Y,,
,821115,Sasaram,BIHAR,Y,Y,Y,,
,754159,Nanpur,Odisha,Y,Y,N,,
,841236,Chhapra,BIHAR,N,N,N,,
,734222,Darjeeling,WEST BENGAL,Y,Y,N,,
,712426,Hooghly,WEST BENGAL,Y,Y,Y,,
,848109,Samastipur,BIHAR,Y,Y,Y,,
,752020,Nirakarpur,Odisha,Y,Y,Y,,
,800007,Patna,BIHAR,Y,Y,Y,,
,826017,Dhanbad,JHARKHAND,Y,Y,Y,,
,713402,Budbud,WEST BENGAL,Y,Y,N,,
,736168,Dinhata,WEST BENGAL,Y,Y,N,,
,752116,Konark,Odisha,Y,Y,Y,,
,712410,Pursurah,WEST BENGAL,Y,Y,Y,,
,700103,Baruipur,WEST BENGAL,Y,Y,Y,,
,760009,Berhampur,Odisha,Y,Y,Y,,
,734014,SILIGURI,WEST BENGAL,Y,Y,Y,,
,754136,Amberi,Odisha,Y,Y,N,,
,713366,DURGAPUR,WEST BENGAL,Y,Y,Y,,
,743706,Barasat,WEST BENGAL,Y,Y,Y,,
,845115,Katihar,BIHAR,Y,Y,Y,,
,759102,TALCHER,Odisha,Y,Y,Y,,
,734225,SILIGURI,WEST BENGAL,Y,Y,N,,
,732126,CHACHAL,WEST BENGAL,Y,Y,Y,,
,712614,GOGHAT,WEST BENGAL,Y,Y,N,,
,767047,SAINTALA,Odisha,Y,Y,Y,,
,743268,Habra,WEST BENGAL,Y,Y,Y,,
,743445,Berachampa,WEST BENGAL,Y,Y,N,,
,733124,GANGARAMPUR,WEST BENGAL,Y,Y,N,,
,841427,Gopalganj,BIHAR,N,N,Y,,
,732121,Malda,WEST BENGAL,Y,Y,Y,,
,755044,Chandikhole,Odisha,N,N,N,,
,769003,ROURKELA,Odisha,Y,Y,Y,,
,713426,MANTESWAR,WEST BENGAL,Y,Y,N,,
,843125,Sahebganj,BIHAR,Y,Y,N,,
,731220,Lohapur,WEST BENGAL,Y,Y,N,,
,854349,Purnia,BIHAR,Y,Y,Y,,
,743610,Baruipur,WEST BENGAL,Y,Y,Y,,
,733156,Raigunj,WEST BENGAL,N,N,N,,
,713128,Burdwan,WEST BENGAL,Y,Y,Y,,
,723144,Raghunathpur,WEST BENGAL,Y,Y,N,,
,842005,Muzaffarpur,BIHAR,Y,Y,Y,,
,756003,Balasore,Odisha,Y,Y,Y,,
,721628,Haldia,WEST BENGAL,Y,Y,Y,,
,845499,Bettiah,BIHAR,Y,Y,Y,,
,825322,Bagodar,JHARKHAND,Y,Y,Y,,
,832119,SARAIKELAKHARSWAN,JHARKHAND,Y,Y,Y,,
,752023,CHANDPUR ORISSA,Odisha,Y,Y,N,,
,814162,DUMKA,JHARKHAND,Y,Y,Y,,
,713372,KULTI,WEST BENGAL,Y,Y,N,,
,829115,PETARBAR,JHARKHAND,Y,Y,Y,,
,829143,Patratu,JHARKHAND,Y,Y,Y,,
,713512,KATWA,WEST BENGAL,Y,Y,Y,,
,754104,Jagatsinghpur,Odisha,Y,Y,Y,,
,804402,Arwal,BIHAR,Y,Y,N,,
,802133,DUMRAON,BIHAR,Y,Y,Y,,
,735308,SILIGURI,WEST BENGAL,Y,Y,N,,
,814124,Deoghar,JHARKHAND,Y,Y,Y,,
,800021,Patna,BIHAR,N,N,N,,
,845449,Chanpatia,BIHAR,Y,Y,N,,
,733252,KALIAGANJ,WEST BENGAL,Y,Y,N,,
,854367,Darbhanga,BIHAR,Y,Y,Y,,
,756126,SORO,Odisha,Y,Y,Y,,
,712617,Khanakul,WEST BENGAL,Y,Y,N,,
,751020,Bhubaneswar,Odisha,Y,Y,Y,,
,764057,Borigumma,Odisha,Y,Y,Y,,
,802317,Arrah,BIHAR,Y,Y,Y,,
,757105,BARIPADA,Odisha,Y,Y,Y,,
,700080,Kolkata,WEST BENGAL,Y,Y,Y,,
,841415,Chhapra,BIHAR,N,N,N,,
,803101,BiharSharif,BIHAR,Y,Y,Y,,
,752119,Konark,Odisha,N,N,N,,
,742407,Murshidabad,WEST BENGAL,Y,Y,Y,,
,736181,Cooch Behar,WEST BENGAL,Y,Y,Y,,
,767031,SAINTALA,Odisha,Y,Y,Y,,
,761045,CHHATRAPUR,Odisha,Y,Y,N,,
,754162,Amberi,Odisha,Y,Y,N,,
,754015,Bhubaneswar,Odisha,Y,Y,N,,
,761118,Buguda,Odisha,Y,Y,N,,
,752115,Cuttack,Odisha,N,N,N,,
,752019,Nirakarpur,Odisha,Y,Y,Y,,
,744101,Port Blair,ANDAMAN AND NICOBAR,Y,Y,N,,
,713121,Burdwan,WEST BENGAL,Y,Y,N,,
,742177,Beldanga,WEST BENGAL,Y,Y,Y,,
,700124,Barasat,WEST BENGAL,Y,Y,Y,,
,713419,MANTESWAR,WEST BENGAL,Y,Y,N,,
,855456,Motihari,BIHAR,Y,Y,Y,,
,734314,Kalimpong,WEST BENGAL,Y,Y,N,,
,844503,Hajipur Town,BIHAR,Y,Y,Y,,
,854360,Chhapra,BIHAR,Y,Y,Y,,
,769010,ROURKELA,Odisha,Y,Y,Y,,
,845492,Bettiah,BIHAR,Y,Y,Y,,
,731236,BOLPUR,WEST BENGAL,Y,Y,Y,,
,827005,Bokaro,JHARKHAND,Y,Y,Y,,
,732103,Malda,WEST BENGAL,Y,Y,Y,,
,711225,Khanakul,WEST BENGAL,Y,Y,N,,
,734215,MIRIK,WEST BENGAL,Y,Y,Y,,
,742224,Dhulian,WEST BENGAL,Y,Y,Y,,
,742402,Salar,WEST BENGAL,N,N,N,,
,756030,BASTA,Odisha,N,N,N,,
,766101,Kesinga,Odisha,N,N,N,,
,833222,Barajamda,JHARKHAND,N,N,N,,
,843334,Sheohar,BIHAR,Y,Y,Y,,
,848131,Patepur,BIHAR,N,N,N,,
,753010,Cuttack,Odisha,Y,Y,Y,,
,733209,DALKHOLA,WEST BENGAL,Y,Y,N,,
,712246,Hooghly,WEST BENGAL,Y,Y,Y,,
,814153,Hansdiha,JHARKHAND,N,N,N,,
,700065,Kolkata,WEST BENGAL,Y,Y,Y,,
,700003,Kolkata,WEST BENGAL,Y,Y,Y,,
,711322,Fuleswar,WEST BENGAL,Y,Y,Y,,
,743299,SWARUPNAGAR,WEST BENGAL,Y,Y,Y,,
,722144,BISHNUPUR,WEST BENGAL,Y,Y,Y,,
,754031,Narasinghpur,Odisha,Y,Y,N,,
,741401,Krishnanagar,WEST BENGAL,Y,Y,N,,
,711204,HOWRAH,WEST BENGAL,Y,Y,Y,,
,803204,Khusrupur,BIHAR,Y,Y,Y,,
,844505,Khalispur,BIHAR,Y,Y,Y,,
,735101,Jalpaiguri,WEST BENGAL,Y,Y,Y,,
,712707,Haripal,WEST BENGAL,Y,Y,N,,
,759114,Angul,Odisha,Y,Y,N,,
,731126,Suri,WEST BENGAL,Y,Y,N,,
,848124,Samastipur,BIHAR,Y,Y,Y,,
,700123,Barrackpore,WEST BENGAL,Y,Y,Y,,
,712311,Dankuni,WEST BENGAL,Y,Y,Y,,
,700056,Kolkata,WEST BENGAL,Y,Y,Y,,
,829113,LOHARDAGA,JHARKHAND,Y,Y,Y,,
,754142,Jagatsinghpur,Odisha,Y,Y,Y,,
,713383,Asansol,WEST BENGAL,Y,Y,Y,,
,843301,SITAMARHI,BIHAR,Y,Y,N,,
,767034,Titlagarh,Odisha,N,N,N,,
,754137,Amberi,Odisha,Y,Y,N,,
,844138,SARAIYA,BIHAR,Y,Y,N,,
,743357,Kakdwip,WEST BENGAL,N,N,N,,
,841101,Hajipur Town,BIHAR,Y,Y,N,,
,743512,Barrackpore,WEST BENGAL,Y,Y,N,,
,764085,Nabarangpur,Odisha,N,N,N,,
,752014,Puri,Odisha,Y,Y,N,,
,845488,Motihari,BIHAR,Y,Y,Y,,
,712222,Hooghly,WEST BENGAL,Y,Y,Y,,
,851118,Barauni,BIHAR,N,N,N,,
,735222,Malbazar,WEST BENGAL,Y,Y,N,,
,755015,Jajpur Road,Odisha,Y,Y,Y,,
,761013,Sheragada,Odisha,Y,Y,N,,
,826016,Dhanbad,JHARKHAND,Y,Y,Y,,
,805103,NAWADA,BIHAR,Y,Y,N,,
,713301,Asansol,WEST BENGAL,Y,Y,Y,,
,828305,Dhanbad,JHARKHAND,Y,Y,Y,,
,756026,Baliapal,Odisha,Y,Y,Y,,
,732162,Malda,WEST BENGAL,Y,Y,N,,
,743270,BONGAON,WEST BENGAL,Y,Y,Y,,
,835101,MURI,JHARKHAND,Y,Y,Y,,
,847117,Darbhanga,BIHAR,Y,Y,Y,,
,843105,Dholi,BIHAR,Y,Y,N,,
,824122,Rafiganj,BIHAR,Y,Y,N,,
,835301,Ranchi,JHARKHAND,N,N,N,,
,754221,Salepur OR,Odisha,Y,Y,Y,,
,855114,Katihar,BIHAR,N,N,N,,
,845119,Katihar,BIHAR,Y,Y,Y,,
,822128,Nagaruntari,JHARKHAND,Y,Y,N,,
,741506,Hanskhali,WEST BENGAL,Y,Y,N,,
,759103,TALCHER,Odisha,Y,Y,Y,,
,734100,Darjeeling,WEST BENGAL,Y,Y,N,,
,713375,Asansol,WEST BENGAL,N,N,N,,
,823005,Gaya,BIHAR,Y,Y,Y,,
,762024,Boudh,Odisha,Y,Y,Y,,
,700131,Kolkata,WEST BENGAL,Y,Y,Y,,
,767064,Balangir,Odisha,Y,Y,Y,,
,827012,Bokaro,JHARKHAND,Y,Y,N,,
,804420,JEHANABAD,BIHAR,N,N,N,,
,723128,MANBAZAR,WEST BENGAL,Y,Y,Y,,
,845520,Darbhanga,BIHAR,Y,Y,Y,,
,854127,Katihar,BIHAR,Y,Y,Y,,
,851112,Begusarai,BIHAR,Y,Y,Y,,
,828402,Dhanbad,JHARKHAND,N,N,N,,
,735132,Jalpaiguri,WEST BENGAL,Y,Y,Y,,
,831109,Patratu,JHARKHAND,Y,Y,N,,
,805132,Pakribarawan,BIHAR,N,N,N,,
,741248,Chakdah,WEST BENGAL,Y,Y,Y,,
,734006,SILIGURI,WEST BENGAL,Y,Y,Y,,
,768102,Goshala,Odisha,Y,Y,N,,
,721102,MIDNAPORE,WEST BENGAL,Y,Y,Y,,
,802160,Arrah,BIHAR,Y,Y,N,,
,736173,Dinhata,WEST BENGAL,Y,Y,Y,,
,829132,JARIDIH BAZAR,JHARKHAND,Y,Y,Y,,
,755001,JAJPUR ORISSA,Odisha,Y,Y,Y,,
,754011,Adaspur,Odisha,N,N,N,,
,751001,Bhubaneswar,Odisha,Y,Y,Y,,
,759027,DHENKANAL,Odisha,Y,Y,N,,
,743443,Berachampa,WEST BENGAL,Y,Y,Y,,
,754153,MARSHAGHAI,Odisha,Y,Y,N,,
,700078,Kolkata,WEST BENGAL,Y,Y,Y,,
,743176,Barrackpore,WEST BENGAL,Y,Y,Y,,
,800025,Patna,BIHAR,Y,Y,Y,,
,765023,Gunupur,Odisha,Y,Y,Y,,
,732210,Kaliachak,WEST BENGAL,Y,Y,N,,
,756141,CHANDBALI,Odisha,Y,Y,Y,,
,828128,Dhanbad,JHARKHAND,Y,Y,Y,,
,846009,Darbhanga,BIHAR,Y,Y,Y,,
,825421,JHUMRITILEIYA,JHARKHAND,Y,Y,Y,,
,768226,Belpahar,Odisha,N,N,N,,
,829102,Ramgarh,JHARKHAND,Y,Y,Y,,
,843126,SARAIYA,BIHAR,Y,Y,N,,
,847308,Basopatti,BIHAR,N,N,N,,
,756116,BHADRAK,Odisha,Y,Y,Y,,
,734316,Kalimpong,WEST BENGAL,Y,Y,N,,
,735133,Jalpaiguri,WEST BENGAL,Y,Y,Y,,
,814158,DUMKA,JHARKHAND,N,N,N,,
,834004,Ranchi,JHARKHAND,Y,Y,Y,,
,757102,Sajanagarh,Odisha,Y,Y,Y,,
,821104,Kudra,BIHAR,N,N,N,,
,737121,Jorethang,SIKKIM,N,N,N,,
,722107,Bankura,WEST BENGAL,Y,Y,Y,,
,743369,Diamond Harbour,WEST BENGAL,N,N,N,,
,752084,DASPALLA,Odisha,Y,Y,Y,,
,736134,Dinhata,WEST BENGAL,Y,Y,N,,
,732142,Malda,WEST BENGAL,Y,Y,Y,,
,700062,Kolkata,WEST BENGAL,Y,Y,Y,,
,743395,JOYNAGAR,WEST BENGAL,Y,Y,Y,,
,843329,Sheohar,BIHAR,Y,Y,N,,
,712154,Hooghly,WEST BENGAL,Y,Y,Y,,
,700012,Kolkata,WEST BENGAL,Y,Y,Y,,
,852145,Katihar,BIHAR,Y,Y,Y,,
,713363,PANDAVESWAR  WB,WEST BENGAL,Y,Y,Y,,
,828114,Dhanbad,JHARKHAND,Y,Y,Y,,
,700000,Kolkata,WEST BENGAL,Y,Y,N,,
,843140,Muzaffarpur,BIHAR,Y,Y,Y,,
,700154,Kolkata,WEST BENGAL,Y,Y,N,,
,754200,Salepur OR,Odisha,Y,Y,N,,
,761209,Chikiti,Odisha,Y,Y,N,,
,843347,SITAMARHI,BIHAR,Y,Y,Y,,
,700017,Kolkata,WEST BENGAL,Y,Y,Y,,
,736177,Alipurduar,WEST BENGAL,Y,Y,N,,
,713347,Asansol,WEST BENGAL,Y,Y,Y,,
,821312,ROHTAS,BIHAR,Y,Y,Y,,
,734426,Bidhannagar,WEST BENGAL,Y,Y,N,,
,700030,Kolkata,WEST BENGAL,Y,Y,Y,,
,824118,Tekari,BIHAR,Y,Y,Y,,
,833103,CHAKRADHARPUR,JHARKHAND,Y,Y,N,,
,731102,Suri,WEST BENGAL,Y,Y,N,,
,833212,Danguaposi,JHARKHAND,Y,Y,N,,
,700142,BATANAGAR,WEST BENGAL,Y,Y,Y,,
,759142,Angul,Odisha,Y,Y,N,,
,712425,Nadia,WEST BENGAL,N,N,Y,,
,712412,Khanakul,WEST BENGAL,Y,Y,Y,,
,841203,Chhapra,BIHAR,N,N,N,,
,732147,Pakuahat,WEST BENGAL,N,N,N,,
,721447,BAITA BAZAR,WEST BENGAL,Y,Y,N,,
,713125,Bhatar,WEST BENGAL,Y,Y,Y,,
,711304,HOWRAH,WEST BENGAL,Y,Y,N,,
,712148,Pandua,WEST BENGAL,N,N,N,,
,751005,Bhubaneswar,Odisha,Y,Y,Y,,
,816108,Tinpahar,JHARKHAND,N,N,N,,
,713518,KATWA,WEST BENGAL,N,N,N,,
,769012,ROURKELA,Odisha,Y,Y,Y,,
,761110,Aska,Odisha,Y,Y,N,,
,700027,Kolkata,WEST BENGAL,Y,Y,Y,,
,832402,GamhariaJH,JHARKHAND,Y,Y,N,,
,847302,Pupri,BIHAR,Y,Y,N,,
,700135,Rajarhat,WEST BENGAL,Y,Y,N,,
,852148,SUPAUL,BIHAR,N,N,N,,
,824236,Tekari,BIHAR,Y,Y,Y,,
,754286,Nischintakoili,Odisha,Y,Y,Y,,
,756038,Chandaneswar,Odisha,N,N,N,,
,845464,Bettiah,BIHAR,Y,Y,Y,,
,763002,Sunabeda,Odisha,Y,Y,Y,,
,759145,Angul,Odisha,Y,Y,N,,
,815301,GIRIDIH,JHARKHAND,Y,Y,Y,,
,700100,DHAPA,WEST BENGAL,Y,Y,Y,,
,829209,KHALARI,JHARKHAND,Y,Y,Y,,
,834025,Ranchi,JHARKHAND,Y,Y,Y,,
,721635,Haldia,WEST BENGAL,Y,Y,Y,,
,845427,Dhaka,BIHAR,Y,Y,N,,
,713207,DURGAPUR,WEST BENGAL,Y,Y,Y,,
,756088,JALESWAR,Odisha,Y,Y,N,,
,756079,Baliapal,Odisha,Y,Y,Y,,
,766109,Bhawanipatna,Odisha,Y,Y,N,,
,741255,Ranaghat,WEST BENGAL,Y,Y,N,,
,761020,CHHATRAPUR,Odisha,Y,Y,N,,
,822101,Shahpur JH,JHARKHAND,Y,Y,Y,,
,826009,Dhanbad,JHARKHAND,Y,Y,Y,,
,843314,Pupri,BIHAR,Y,Y,Y,,
,847240,Basopatti,BIHAR,Y,Y,N,,
,768006,Sambalpur,Odisha,Y,Y,Y,,
,802230,Arrah,BIHAR,Y,Y,Y,,
,821110,Mohania,BIHAR,N,N,N,,
,700108,Kolkata,WEST BENGAL,Y,Y,Y,,
,723159,PURULIA,WEST BENGAL,Y,Y,Y,,
,757031,JHARPOKHARIA,Odisha,Y,Y,N,,
,711317,HOWRAH,WEST BENGAL,Y,Y,Y,,
,713211,DURGAPUR,WEST BENGAL,Y,Y,Y,,
,848157,BiharSharif,BIHAR,Y,Y,Y,,
,754071,Cuttack,Odisha,N,N,N,,
,713204,DURGAPUR,WEST BENGAL,Y,Y,Y,,
,711307,HOWRAH,WEST BENGAL,Y,Y,Y,,
,735207,BANARHAT,WEST BENGAL,N,N,N,,
,743708,Barasat,WEST BENGAL,Y,Y,Y,,
,712102,Chandannagar,WEST BENGAL,Y,Y,Y,,
,743129,KALYANI,WEST BENGAL,Y,Y,Y,,
,743336,JOYNAGAR,WEST BENGAL,Y,Y,Y,,
,713369,Rupnarayanpur,WEST BENGAL,Y,Y,N,,
,734008,SILIGURI,WEST BENGAL,Y,Y,Y,,
,736133,Cooch Behar,WEST BENGAL,Y,Y,Y,,
,733146,GANGARAMPUR,WEST BENGAL,Y,Y,Y,,
,811203,Munger,BIHAR,Y,Y,Y,,
,736176,Dinhata,WEST BENGAL,Y,Y,Y,,
,835216,Khunti,JHARKHAND,Y,Y,N,,
,829104,JARIDIH BAZAR,JHARKHAND,Y,Y,Y,,
,713214,DURGAPUR,WEST BENGAL,Y,Y,Y,,
,752063,KANTILO,Odisha,Y,Y,N,,
,761041,Purshotampur,Odisha,Y,Y,Y,,
,743288,Barasat,WEST BENGAL,Y,Y,Y,,
,754235,PATTAMUNDAI,Odisha,Y,Y,N,,
,700068,Kolkata,WEST BENGAL,Y,Y,Y,,
,713304,Asansol,WEST BENGAL,Y,Y,Y,,
,430507,Dodamarg,MAHARASHTRA,Y,Y,N,,
,831011,Jamshedpur,JHARKHAND,Y,Y,Y,,
,834011,Ranchi,JHARKHAND,Y,Y,Y,,
,845145,FORBESGANJ,BIHAR,Y,Y,Y,,
,742150,Murshidabad,WEST BENGAL,Y,Y,Y,,
,721670,Haldia,WEST BENGAL,Y,Y,Y,,
,854103,Katihar,BIHAR,Y,Y,Y,,
,752026,RAJSUNAKHALA,Odisha,Y,Y,N,,
,761114,Aska,Odisha,Y,Y,N,,
,759138,Angul,Odisha,Y,Y,N,,
,843339,Begusarai,BIHAR,N,N,N,,
,722154,Bankadaha,WEST BENGAL,Y,Y,Y,,
,816119,DUMKA,JHARKHAND,N,N,N,,
,712416,Khanakul,WEST BENGAL,Y,Y,Y,,
,758021,Anandapur,Odisha,Y,Y,N,,
,741404,Santipur,WEST BENGAL,Y,Y,Y,,
,761011,Chikiti,Odisha,Y,Y,N,,
,712135,Pandua,WEST BENGAL,N,N,N,,
,814114,Deoghar,JHARKHAND,Y,Y,Y,,
,770032,ROURKELA,Odisha,N,N,N,,
,752091,DASPALLA,Odisha,Y,Y,Y,,
,721420,BAITA BAZAR,WEST BENGAL,Y,Y,N,,
,735139,Jalpaiguri,WEST BENGAL,Y,Y,N,,
,803202,Khusrupur,BIHAR,Y,Y,Y,,
,711102,HOWRAH,WEST BENGAL,Y,Y,Y,,
,764001,Jeypore,Odisha,Y,Y,Y,,
,733144,KALIAGANJ,WEST BENGAL,N,N,N,,
,852108,SUPAUL,BIHAR,N,N,N,,
,835232,Gumla,JHARKHAND,Y,Y,Y,,
,721644,Shrirampur WB,WEST BENGAL,N,N,N,,
,767037,Titlagarh,Odisha,N,N,N,,
,722103,Bankura,WEST BENGAL,Y,Y,Y,,
,712123,Chandannagar,WEST BENGAL,Y,Y,Y,,
,723162,PURULIA,WEST BENGAL,N,N,N,,
,743391,JOYNAGAR,WEST BENGAL,Y,Y,Y,,
,721134,Mecheda,WEST BENGAL,Y,Y,Y,,
,713173,Burdwan,WEST BENGAL,Y,Y,Y,,
,845513,Bettiah,BIHAR,Y,Y,Y,,
,712232,Dankuni,WEST BENGAL,Y,Y,Y,,
,829150,Ramgarh,JHARKHAND,Y,Y,N,,
,733103,Balurghat,WEST BENGAL,Y,Y,Y,,
,736159,BAKSHIRHAT WB,WEST BENGAL,Y,Y,Y,,
,852121,Madhepura,BIHAR,N,N,N,,
,732013,SILIGURI,WEST BENGAL,Y,Y,N,,
,741140,Dhubulia,WEST BENGAL,Y,Y,N,,
,756123,TIHIDI,Odisha,N,N,N,,
,845401,Motihari,BIHAR,Y,Y,Y,,
,759135,Angul,Odisha,Y,Y,N,,
,816122,PAKUR,JHARKHAND,Y,Y,Y,,
,764078,Nabarangpur,Odisha,N,N,N,,
,841210,Chhapra,BIHAR,N,N,N,,
,713325,Asansol,WEST BENGAL,Y,Y,Y,,
,735216,Birpara,WEST BENGAL,N,N,N,,
,829112,LOHARDAGA,JHARKHAND,Y,Y,Y,,
,712147,Pandua,WEST BENGAL,N,N,N,,
,802204,Piro,BIHAR,N,N,N,,
,754290,Salepur OR,Odisha,Y,Y,N,,
,845103,Narkatiaganj,BIHAR,Y,Y,Y,,
,733215,Karandighi,WEST BENGAL,Y,Y,N,,
,767029,SAINTALA,Odisha,Y,Y,N,,
,757034,Jashipur,Odisha,N,N,N,,
,805110,NAWADA,BIHAR,Y,Y,N,,
,825314,Ghatotand,JHARKHAND,Y,Y,N,,
,700156,Kolkata,WEST BENGAL,Y,Y,Y,,
,711114,HOWRAH,WEST BENGAL,Y,Y,Y,,
,844139,Khalispur,BIHAR,Y,Y,Y,,
,800020,Patna,BIHAR,Y,Y,Y,,
,731233,Rampurhat,WEST BENGAL,Y,Y,Y,,
,743603,Baruipur,WEST BENGAL,N,N,N,,
,742306,DURGAPUR,WEST BENGAL,Y,Y,Y,,
,851218,Begusarai,BIHAR,Y,Y,N,,
,844516,SARAIYA,BIHAR,Y,Y,N,,
,712306,Hooghly,WEST BENGAL,Y,Y,Y,,
,829119,Patratu,JHARKHAND,Y,Y,N,,
,828102,Dhanbad,JHARKHAND,N,N,N,,
,732128,Malda,WEST BENGAL,Y,Y,Y,,
,802158,Bihia,BIHAR,N,N,N,,
,829109,Ramgarh,JHARKHAND,Y,Y,N,,
,722169,Bankura,WEST BENGAL,Y,Y,Y,,
,700069,Kolkata,WEST BENGAL,Y,Y,Y,,
,751026,Bhubaneswar,Odisha,Y,Y,Y,,
,721137,Mecheda,WEST BENGAL,Y,Y,Y,,
,812003,Bhagalpur,BIHAR,Y,Y,Y,,
,832304,Ghatshila,JHARKHAND,Y,Y,Y,,
,805141,Pakribarawan,BIHAR,N,N,N,,
,843320,Pupri,BIHAR,Y,Y,Y,,
,829110,GOLA JH,JHARKHAND,Y,Y,N,,
,833218,Danguaposi,JHARKHAND,Y,Y,N,,
,844513,SARAIYA,BIHAR,Y,Y,N,,
,712427,Pursurah,WEST BENGAL,Y,Y,Y,,
,854351,FORBESGANJ,BIHAR,Y,Y,Y,,
,711105,HOWRAH,WEST BENGAL,Y,Y,Y,,
,721461,Pichaboni,WEST BENGAL,N,N,N,,
,761106,Sheragada,Odisha,Y,Y,N,,
,713423,Burdwan,WEST BENGAL,Y,Y,Y,,
,801506,Patna,BIHAR,Y,Y,Y,,
,743101,Barrackpore,WEST BENGAL,Y,Y,Y,,
,811214,Munger,BIHAR,Y,Y,Y,,
,760034,Berhampur,Odisha,Y,Y,Y,,
,713146,Memari,WEST BENGAL,Y,Y,Y,,
,754114,Jagatsinghpur,Odisha,N,N,N,,
,743332,Diamond Harbour,WEST BENGAL,N,N,N,,
,824208,Rafiganj,BIHAR,Y,Y,Y,,
,754105,Adaspur,Odisha,N,N,N,,
,764020,Koraput,Odisha,Y,Y,Y,,
,824102,Aurangabad BH,BIHAR,Y,Y,Y,,
,831003,Jamshedpur,JHARKHAND,Y,Y,Y,,
,743387,Baruipur,WEST BENGAL,Y,Y,Y,,
,732216,Kaliachak,WEST BENGAL,Y,Y,N,,
,847238,MADHUBANI,BIHAR,Y,Y,N,,
,756046,SORO,Odisha,Y,Y,Y,,
,843108,Kanti,BIHAR,Y,Y,Y,,
,743292,Basirhat,WEST BENGAL,Y,Y,Y,,
,855107,KISHANGANJ,WEST BENGAL,Y,Y,Y,,
,743127,Barrackpore,WEST BENGAL,Y,Y,Y,,
,768025,Goshala,Odisha,Y,Y,N,,
,743438,SWARUPNAGAR,WEST BENGAL,Y,Y,Y,,
,721507,Binpur,WEST BENGAL,Y,Y,Y,,
,743397,Diamond Harbour,WEST BENGAL,N,N,N,,
,743607,Baruipur,WEST BENGAL,Y,Y,Y,,
,758017,GHATAGAON,Odisha,N,N,N,,
,828107,Dhanbad,JHARKHAND,Y,Y,Y,,
,743134,KALYANI,WEST BENGAL,Y,Y,N,,
,761102,Hinjilicut,Odisha,Y,Y,N,,
,843362,Muzaffarpur,BIHAR,Y,Y,Y,,
,842002,Muzaffarpur,BIHAR,Y,Y,Y,,
,844112,Fakuli,BIHAR,Y,Y,N,,
,829167,Ramgarh,JHARKHAND,Y,Y,Y,,
,711115,Dankuni,WEST BENGAL,Y,Y,Y,,
,765025,Gunupur,Odisha,Y,Y,Y,,
,751006,Bhubaneswar,Odisha,Y,Y,Y,,
,757086,JHARPOKHARIA,Odisha,Y,Y,Y,,
,734018,SILIGURI,WEST BENGAL,Y,Y,N,,
,731139,Suri,WEST BENGAL,Y,Y,Y,,
,736131,BAKSHIRHAT WB,WEST BENGAL,Y,Y,N,,
,756134,Khaira,Odisha,Y,Y,Y,,
,713403,Budbud,WEST BENGAL,Y,Y,Y,,
,825330,Charhi,JHARKHAND,Y,Y,N,,
,700028,Kolkata,WEST BENGAL,Y,Y,Y,,
,756115,Khaira,Odisha,Y,Y,Y,,
,768219,Belpahar,Odisha,Y,Y,Y,,
,802313,Barhara,BIHAR,N,N,N,,
,845438,Bettiah,BIHAR,Y,Y,Y,,
,731301,NANOOR,WEST BENGAL,Y,Y,Y,,
,734427,NAXALBARI,WEST BENGAL,Y,Y,Y,,
,759148,TALCHER,Odisha,Y,Y,Y,,
,742102,Murshidabad,WEST BENGAL,Y,Y,Y,,
,713429,MANTESWAR,WEST BENGAL,Y,Y,N,,
,825313,Hazaribagh,JHARKHAND,N,N,N,,
,754218,PATTAMUNDAI,Odisha,Y,Y,N,,
,752068,NAYAGARH,Odisha,Y,Y,Y,,
,754209,Nischintakoili,Odisha,Y,Y,Y,,
,713123,Salar,WEST BENGAL,N,N,N,,
,829138,JARIDIH BAZAR,JHARKHAND,Y,Y,Y,,
,769018,ROURKELA,Odisha,Y,Y,Y,,
,754082,Chandikhole,Odisha,N,N,N,,
,759107,TALCHER,Odisha,Y,Y,Y,,
,800002,Patna,BIHAR,Y,Y,Y,,
,843151,Muzaffarpur,BIHAR,Y,Y,Y,,
,700120,Barrackpore,WEST BENGAL,Y,Y,Y,,
,721450,CONTAI,WEST BENGAL,Y,Y,N,,
,770001,SUNDERGARH,Odisha,Y,Y,Y,,
,700035,Kolkata,WEST BENGAL,Y,Y,Y,,
,845402,Motihari,BIHAR,N,N,N,,
,732127,Kaliachak,WEST BENGAL,Y,Y,N,,
,744105,Port Blair,ANDAMAN AND NICOBAR,Y,Y,N,,
,752060,Khordha,Odisha,Y,Y,Y,,
,768117,Sambalpur,Odisha,Y,Y,N,,
,755027,Jajpur Town,Odisha,Y,Y,Y,,
,826005,Dhanbad,JHARKHAND,Y,Y,Y,,
,802159,Piro,BIHAR,N,N,N,,
,721303,Kharagpur,WEST BENGAL,Y,Y,Y,,
,731123,PANDAVESWAR  WB,WEST BENGAL,N,N,N,,
,761012,Digapahandi,Odisha,Y,Y,Y,,
,754005,Cuttack,Odisha,Y,Y,Y,,
,713142,Burdwan,WEST BENGAL,Y,Y,N,,
,700054,Kolkata,WEST BENGAL,Y,Y,Y,,
,712223,Hooghly,WEST BENGAL,Y,Y,Y,,
,831005,Jamshedpur,JHARKHAND,Y,Y,N,,
,711201,HOWRAH,WEST BENGAL,Y,Y,Y,,
,731246,Mohammad Bazar,WEST BENGAL,Y,Y,Y,,
,735212,Birpara,WEST BENGAL,Y,Y,Y,,
,758013,KEONJHAR,Odisha,N,N,N,,
,761132,Bhanjanagar,Odisha,Y,Y,N,,
,852159,SUPAUL,BIHAR,N,N,N,,
,723127,Balarampur,WEST BENGAL,N,N,N,,
,761116,Aska,Odisha,Y,Y,N,,
,722110,SONAMUKHI,WEST BENGAL,Y,Y,Y,,
,721101,MIDNAPORE,WEST BENGAL,Y,Y,Y,,
,848154,BiharSharif,BIHAR,Y,Y,Y,,
,814147,Mahagama,JHARKHAND,Y,Y,Y,,
,752056,Khordha,Odisha,Y,Y,Y,,
,741126,Bethudahari,WEST BENGAL,Y,Y,Y,,
,769001,ROURKELA,Odisha,Y,Y,Y,,
,722157,SONAMUKHI,WEST BENGAL,Y,Y,N,,
,841255,Siwan,BIHAR,Y,Y,Y,,
,855108,KISHANGANJ,WEST BENGAL,Y,Y,Y,,
,731124,PANDAVESWAR  WB,WEST BENGAL,N,N,N,,
,733158,Fulbari WB,WEST BENGAL,Y,Y,N,,
,754224,MARSHAGHAI,Odisha,Y,Y,N,,
,711312,Shyampur,WEST BENGAL,Y,Y,Y,,
,713361,Asansol,WEST BENGAL,Y,Y,Y,,
,741509,Hanskhali,WEST BENGAL,Y,Y,N,,
,743272,Habra,WEST BENGAL,Y,Y,Y,,
,824125,Rafiganj,BIHAR,Y,Y,Y,,
,853205,Naugachia,BIHAR,Y,Y,N,,
,733150,KALIAGANJ,WEST BENGAL,Y,Y,Y,,
,757093,JHARPOKHARIA,Odisha,Y,Y,N,,
,847229,Jaynagar BH,BIHAR,Y,Y,Y,,
,831001,Jamshedpur,JHARKHAND,Y,Y,Y,,
,754238,PATTAMUNDAI,Odisha,Y,Y,N,,
,700134,Kolkata,WEST BENGAL,Y,Y,Y,,
,834001,Ranchi,JHARKHAND,Y,Y,Y,,
,700095,Kolkata,WEST BENGAL,Y,Y,N,,
,721151,Mecheda,WEST BENGAL,Y,Y,Y,,
,723131,MANBAZAR,WEST BENGAL,Y,Y,Y,,
,731224,Lohapur,WEST BENGAL,Y,Y,Y,,
,854124,Katihar,BIHAR,Y,Y,Y,,
,751013,Bhubaneswar,Odisha,Y,Y,Y,,
,743392,Gangasagar,WEST BENGAL,N,N,N,,
,768034,Sohella,Odisha,N,N,N,,
,761100,Hinjilicut,Odisha,Y,Y,Y,,
,843165,Kanti,BIHAR,N,N,N,,
,761105,Buguda,Odisha,Y,Y,N,,
,801113,Naubatpur,BIHAR,N,N,N,,
,754140,Amberi,Odisha,Y,Y,N,,
,760010,Berhampur,Odisha,Y,Y,Y,,
,742182,Murshidabad,WEST BENGAL,N,N,N,,
,768040,Bargarh,Odisha,Y,Y,Y,,
,848115,Dholi,BIHAR,Y,Y,N,,
,825324,Bagodar,JHARKHAND,N,N,N,,
,768011,Sambalpur,Odisha,Y,Y,Y,,
,831017,Jamshedpur,JHARKHAND,Y,Y,Y,,
,756182,Khaira,Odisha,Y,Y,Y,,
,754253,MARSHAGHAI,Odisha,Y,Y,N,,
,815356,JAMTARA,JHARKHAND,Y,Y,Y,,
,822124,Garhwa,JHARKHAND,N,N,N,,
,756127,BHADRAK,Odisha,N,N,N,,
,734218,MIRIK,WEST BENGAL,Y,Y,Y,,
,843118,Simri,BIHAR,N,N,N,,
,721641,Mecheda,WEST BENGAL,Y,Y,Y,,
,721662,Haldia,WEST BENGAL,Y,Y,Y,,
,756130,TIHIDI,Odisha,N,N,N,,
,756117,DHAMNAGAR,Odisha,N,N,N,,
,828308,Dhanbad,JHARKHAND,Y,Y,Y,,
,768217,Belpahar,Odisha,Y,Y,Y,,
,841311,Chhapra,BIHAR,Y,Y,Y,,
,826013,Dhanbad,JHARKHAND,Y,Y,Y,,
,761010,Chikiti,Odisha,Y,Y,Y,,
,759013,DHENKANAL,Odisha,Y,Y,N,,
,721147,Chandrakona,WEST BENGAL,Y,Y,Y,,
,762013,Boudh,Odisha,Y,Y,Y,,
,752061,Khordha,Odisha,N,N,N,,
,713158,Bhatar,WEST BENGAL,Y,Y,Y,,
,829211,LOHARDAGA,JHARKHAND,Y,Y,Y,,
,700101,Kolkata,WEST BENGAL,Y,Y,Y,,
,768017,Sambalpur,Odisha,Y,Y,Y,,
,769006,ROURKELA,Odisha,Y,Y,Y,,
,800017,Patna,BIHAR,Y,Y,Y,,
,802366,Arrah,BIHAR,Y,Y,Y,,
,844122,Khalispur,BIHAR,Y,Y,Y,,
,756168,BASUDEVPUR,Odisha,Y,Y,Y,,
,802301,Arrah,BIHAR,Y,Y,Y,,
,722101,Bankura,WEST BENGAL,Y,Y,Y,,
,768019,Sambalpur,Odisha,Y,Y,Y,,
,828311,Dhanbad,JHARKHAND,Y,Y,Y,,
,814117,Deoghar,JHARKHAND,N,N,N,,
,751018,Bhubaneswar,Odisha,Y,Y,Y,,
,700111,Kolkata,WEST BENGAL,Y,Y,Y,,
,731215,NANOOR,WEST BENGAL,Y,Y,Y,,
,843123,SARAIYA,BIHAR,Y,Y,N,,
,841226,Siwan,BIHAR,Y,Y,Y,,
,700072,Kolkata,WEST BENGAL,Y,Y,Y,,
,829126,Patratu,JHARKHAND,Y,Y,Y,,
,756120,DHAMNAGAR,Odisha,Y,Y,N,,
,742188,Murshidabad,WEST BENGAL,Y,Y,Y,,
,845335,FORBESGANJ,BIHAR,Y,Y,Y,,
,842008,Muzaffarpur,BIHAR,Y,Y,Y,,
,754115,Jagatsinghpur,Odisha,N,N,N,,
,769017,ROURKELA,Odisha,Y,Y,Y,,
,803215,Barh BH,BIHAR,Y,Y,N,,
,721602,Haldia,WEST BENGAL,Y,Y,Y,,
,756076,Balasore,Odisha,Y,Y,Y,,
,756023,Baliapal,Odisha,Y,Y,N,,
,821121,KISHANGANJ,WEST BENGAL,Y,Y,N,,
,845318,FORBESGANJ,BIHAR,Y,Y,Y,,
,721432,CONTAI,WEST BENGAL,Y,Y,N,,
,700137,BATANAGAR,WEST BENGAL,Y,Y,Y,,
,767033,Titlagarh,Odisha,Y,Y,Y,,
,712405,SINGUR,WEST BENGAL,Y,Y,Y,,
,828125,Dhanbad,JHARKHAND,Y,Y,Y,,
,753025,Cuttack,Odisha,Y,Y,Y,,
,735137,Jalpaiguri,WEST BENGAL,Y,Y,N,,
,743371,Kakdwip,WEST BENGAL,N,N,N,,
,828303,Bokaro,JHARKHAND,Y,Y,Y,,
,764003,Jeypore,Odisha,Y,Y,Y,,
,832108,GamhariaJH,JHARKHAND,Y,Y,Y,,
,712601,GOGHAT,WEST BENGAL,Y,Y,Y,,
,761007,Digapahandi,Odisha,Y,Y,Y,,
,752037,BALUGAON,Odisha,Y,Y,Y,,
,764063,Nabarangpur,Odisha,N,N,N,,
,756050,SORO,Odisha,Y,Y,Y,,
,814113,Deoghar,JHARKHAND,Y,Y,Y,,
,742227,JANGIPUR,WEST BENGAL,Y,Y,N,,
,735223,Jhalong,WEST BENGAL,Y,Y,N,,
,741202,Ranaghat,WEST BENGAL,Y,Y,Y,,
,841512,Siwan,BIHAR,Y,Y,Y,,
,722155,Bankura,WEST BENGAL,Y,Y,N,,
,758025,Anandapur,Odisha,Y,Y,N,,
,845515,Motihari,BIHAR,Y,Y,Y,,
,721132,Chandrakona,WEST BENGAL,Y,Y,Y,,
,821101,Bhabua,BIHAR,N,N,N,,
,804423,JEHANABAD,BIHAR,Y,Y,Y,,
,757051,JHARPOKHARIA,Odisha,Y,Y,Y,,
,761037,Chikiti,Odisha,Y,Y,N,,
,851217,KHAGARIA,BIHAR,N,N,N,,
,848509,Patna,BIHAR,Y,Y,Y,,
,754017,Jagatsinghpur,Odisha,N,N,N,,
,735219,Jalpaiguri,WEST BENGAL,N,N,N,,
,829141,Jarmundi,JHARKHAND,Y,Y,Y,,
,845481,Bettiah,BIHAR,Y,Y,Y,,
,732158,Malda,WEST BENGAL,Y,Y,N,,
,814141,Jarmundi,JHARKHAND,Y,Y,N,,
,743374,Kakdwip,WEST BENGAL,N,N,N,,
,700162,Kolkata,WEST BENGAL,Y,Y,N,,
,711408,Haripal,WEST BENGAL,Y,Y,N,,
,711410,HOWRAH,WEST BENGAL,Y,Y,Y,,
,825405,Barhi JH,JHARKHAND,Y,Y,N,,
,743611,Basanti,WEST BENGAL,Y,Y,N,,
,835228,Simdega,JHARKHAND,Y,Y,Y,,
,735236,Malbazar,WEST BENGAL,Y,Y,N,,
,805121,NAWADA,BIHAR,Y,Y,N,,
,814151,Hansdiha,JHARKHAND,Y,Y,Y,,
,854321,Purnia,BIHAR,Y,Y,Y,,
,847222,BENIPATTI,BIHAR,Y,Y,Y,,
,700073,Kolkata,WEST BENGAL,Y,Y,Y,,
,761214,Paralakhemundi,Odisha,N,N,N,,
,732155,Malda,WEST BENGAL,Y,Y,N,,
,847337,Darbhanga,BIHAR,N,N,N,,
,752077,KANTILO,Odisha,Y,Y,N,,
,752065,RAJSUNAKHALA,Odisha,Y,Y,Y,,
,828131,Dhanbad,JHARKHAND,Y,Y,Y,,
,721121,Chandrakona,WEST BENGAL,Y,Y,N,,
,700071,Kolkata,WEST BENGAL,Y,Y,Y,,
,841443,Nagra,BIHAR,N,N,N,,
,723142,Raghunathpur,WEST BENGAL,Y,Y,N,,
,845478,Bettiah,BIHAR,Y,Y,Y,,
,721626,Bhagabanpur,WEST BENGAL,Y,Y,N,,
,851205,KHAGARIA,BIHAR,Y,Y,N,,
,756017,Balasore,Odisha,Y,Y,Y,,
,722208,SONAMUKHI,WEST BENGAL,N,N,N,,
,712106,Chandannagar,WEST BENGAL,Y,Y,Y,,
,801301,Hilsa,BIHAR,Y,Y,Y,,
,743424,Berachampa,WEST BENGAL,Y,Y,N,,
,700055,Kolkata,WEST BENGAL,Y,Y,Y,,
,743428,Basirhat,WEST BENGAL,Y,Y,N,,
,700128,Barasat,WEST BENGAL,Y,Y,Y,,
,757033,Jashipur,Odisha,N,N,N,,
,848136,Samastipur,BIHAR,Y,Y,Y,,
,841250,Siwan,BIHAR,Y,Y,Y,,
,743313,BATANAGAR,WEST BENGAL,Y,Y,Y,,
,769041,ROURKELA,Odisha,Y,Y,Y,,
,814145,Hansdiha,JHARKHAND,Y,Y,Y,,
,756022,BASTA,Odisha,N,N,N,,
,834002,Ranchi,JHARKHAND,Y,Y,Y,,
,768227,Kuchinda,Odisha,N,N,N,,
,847120,Darbhanga,BIHAR,Y,Y,Y,,
,743612,BATANAGAR,WEST BENGAL,Y,Y,Y,,
,896109,SAHIBGANJ,JHARKHAND,Y,Y,Y,,
,766016,Nuapada,Odisha,N,N,N,,
,851213,KHAGARIA,BIHAR,N,N,N,,
,767039,KANTABANJI,Odisha,Y,Y,N,,
,845475,Bettiah,BIHAR,Y,Y,Y,,
,802223,Piro,BIHAR,N,N,N,,
,756020,Balasore,Odisha,N,N,N,,
,826002,Dhanbad,JHARKHAND,Y,Y,Y,,
,854364,Purnia,BIHAR,Y,Y,Y,,
,758002,KEONJHAR,Odisha,Y,Y,Y,,
,814165,Mahagama,JHARKHAND,Y,Y,N,,
,712303,Hooghly,WEST BENGAL,Y,Y,Y,,
,735238,Malbazar,WEST BENGAL,Y,Y,N,,
,756125,BASUDEVPUR,Odisha,Y,Y,Y,,
,825301,Hazaribagh,JHARKHAND,Y,Y,Y,,
,721458,Bhagabanpur,WEST BENGAL,Y,Y,N,,
,811302,Lakhisarai,BIHAR,Y,Y,Y,,
,828119,Dhanbad,JHARKHAND,Y,Y,Y,,
,768150,Sambalpur,Odisha,Y,Y,Y,,
,756040,Bahanaga,Odisha,Y,Y,Y,,
,767060,KANTABANJI,Odisha,N,N,N,,
,711406,Barrackpore,WEST BENGAL,Y,Y,N,,
,700149,Baruipur,WEST BENGAL,Y,Y,Y,,
,732152,Malda,WEST BENGAL,Y,Y,N,,
,843112,SARAIYA,BIHAR,N,N,N,,
,721222,GHATAL,WEST BENGAL,Y,Y,N,,
,700010,Kolkata,WEST BENGAL,Y,Y,Y,,
,753003,Cuttack,Odisha,Y,Y,Y,,
,721154,Mecheda,WEST BENGAL,Y,Y,Y,,
,851138,Begusarai,BIHAR,Y,Y,Y,,
,845450,Bettiah,BIHAR,Y,Y,Y,,
,758023,HATADIHI,Odisha,N,N,N,,
,742122,Azimganj,WEST BENGAL,N,N,N,,
,757076,SORO,Odisha,Y,Y,Y,,
,743347,Kakdwip,WEST BENGAL,N,N,N,,
,743245,BONGAON,WEST BENGAL,Y,Y,Y,,
,743304,Diamond Harbour,WEST BENGAL,N,N,N,,
,800012,Patna,BIHAR,N,N,N,,
,828209,Dhanbad,JHARKHAND,Y,Y,Y,,
,713387,DURGAPUR,WEST BENGAL,Y,Y,Y,,
,754023,Chandikhole,Odisha,N,N,N,,
,743405,BONGAON,WEST BENGAL,Y,Y,Y,,
,828205,Dhanbad,JHARKHAND,N,N,N,,
,824202,Aurangabad BH,BIHAR,N,N,N,,
,768234,Belpahar,Odisha,Y,Y,Y,,
,757022,BARIPADA,Odisha,N,N,Y,,
,743319,BATANAGAR,WEST BENGAL,Y,Y,Y,,
,762030,TARBHA,Odisha,Y,Y,N,,
,711303,HOWRAH,WEST BENGAL,Y,Y,Y,,
,712103,Chandannagar,WEST BENGAL,Y,Y,Y,,
,815354,JAMTARA,JHARKHAND,N,N,N,,
,828122,Dhanbad,JHARKHAND,Y,Y,Y,,
,768103,Attabira,Odisha,Y,Y,Y,,
,753006,Cuttack,Odisha,Y,Y,Y,,
,761201,BALUGAON,Odisha,Y,Y,Y,,
,741313,Nabawadip,WEST BENGAL,Y,Y,N,,
,843154,Muzaffarpur,BIHAR,Y,Y,Y,,
,808022,Piro,BIHAR,N,N,N,,
,845496,Bettiah,BIHAR,Y,Y,Y,,
,731103,Suri,WEST BENGAL,Y,Y,Y,,
,700041,Kolkata,WEST BENGAL,Y,Y,N,,
,721629,Shrirampur WB,WEST BENGAL,Y,Y,N,,
,815201,GIRIDIH,JHARKHAND,Y,Y,Y,,
,835205,Bijupara,JHARKHAND,Y,Y,Y,,
,721130,Mecheda,WEST BENGAL,Y,Y,Y,,
,700146,Baruipur,WEST BENGAL,Y,Y,Y,,
,743271,Habra,WEST BENGAL,Y,Y,N,,
,843327,SITAMARHI,BIHAR,Y,Y,N,,
,743382,Diamond Harbour,WEST BENGAL,N,N,N,,
,733147,GANGARAMPUR,WEST BENGAL,Y,Y,Y,,
,700160,Kolkata,WEST BENGAL,Y,Y,Y,,
,711413,HOWRAH,WEST BENGAL,Y,Y,Y,,
,755011,JAJPUR ORISSA,Odisha,Y,Y,Y,,
,743186,Barrackpore,WEST BENGAL,Y,Y,Y,,
,711328,HOWRAH,WEST BENGAL,Y,Y,N,,
,713408,Memari,WEST BENGAL,Y,Y,Y,,
,801119,Patna,BIHAR,Y,Y,Y,,
,802208,Arwal,BIHAR,Y,Y,N,,
,832102,Ghatshila,JHARKHAND,Y,Y,N,,
,743180,Barrackpore,WEST BENGAL,Y,Y,Y,,
,743363,Canning,WEST BENGAL,Y,Y,Y,,
,721452,EGRA,WEST BENGAL,Y,Y,N,,
,760031,Berhampur,Odisha,Y,Y,Y,,
,713145,MANTESWAR,WEST BENGAL,Y,Y,N,,
,737102,GANGTOK,SIKKIM,Y,Y,Y,,
,999013,PUNE,MAHARASHTRA,Y,Y,Y,,
,846001,Darbhanga,BIHAR,Y,Y,Y,,
,828116,Dhanbad,JHARKHAND,Y,Y,Y,,
,741162,Bethudahari,WEST BENGAL,Y,Y,Y,,
,743513,Diamond Harbour,WEST BENGAL,N,N,N,,
,768003,Sambalpur,Odisha,Y,Y,Y,,
,847307,Simri,BIHAR,N,N,N,,
,755014,JAJPUR ORISSA,Odisha,Y,Y,Y,,
,851228,Begusarai,BIHAR,Y,Y,Y,,
,743701,BONGAON,WEST BENGAL,Y,Y,Y,,
,800018,Patna,BIHAR,N,N,N,,
,721401,CONTAI,WEST BENGAL,Y,Y,N,,
,851101,Begusarai,BIHAR,Y,Y,Y,,
,700098,Kolkata,WEST BENGAL,Y,Y,Y,,
,833202,CHAIBASA,JHARKHAND,Y,Y,Y,,
,804453,Punpun,BIHAR,N,N,N,,
,712201,Hooghly,WEST BENGAL,Y,Y,Y,,
,766105,Nuapada,Odisha,N,N,N,,
,721457,Dantan,WEST BENGAL,Y,Y,Y,,
,828110,Dhanbad,JHARKHAND,Y,Y,Y,,
,721129,MIDNAPORE,WEST BENGAL,Y,Y,Y,,
,700117,Barrackpore,WEST BENGAL,Y,Y,Y,,
,761019,Purshotampur,Odisha,Y,Y,Y,,
,846002,Darbhanga,BIHAR,Y,Y,Y,,
,829111,LOHARDAGA,JHARKHAND,Y,Y,Y,,
,700153,Kolkata,WEST BENGAL,Y,Y,N,,
,754243,CHANDBALI,Odisha,Y,Y,Y,,
,827009,Bokaro,JHARKHAND,Y,Y,Y,,
,735251,BANARHAT,WEST BENGAL,N,N,N,,
,742237,SAGARDIGHI,WEST BENGAL,Y,Y,Y,,
,769004,ROURKELA,Odisha,Y,Y,Y,,
,769016,ROURKELA,Odisha,N,N,N,,
,731201,BOLPUR,WEST BENGAL,Y,Y,N,,
,713144,Budbud,WEST BENGAL,Y,Y,Y,,
,713149,Burdwan,WEST BENGAL,Y,Y,N,,
,743200,Barrackpore,WEST BENGAL,Y,Y,N,,
,851220,KHAGARIA,BIHAR,Y,Y,N,,
,722174,Bankadaha,WEST BENGAL,N,N,N,,
,800001,Patna,BIHAR,Y,Y,Y,,
,743606,Gangasagar,WEST BENGAL,N,N,N,,
,743394,Diamond Harbour,WEST BENGAL,N,N,N,,
,713367,KULTI,WEST BENGAL,Y,Y,N,,
,700051,Kolkata,WEST BENGAL,Y,Y,Y,,
,848111,Samastipur,BIHAR,Y,Y,Y,,
,845479,Bettiah,BIHAR,Y,Y,Y,,
,845486,Bettiah,BIHAR,Y,Y,Y,,
,770035,ROURKELA,Odisha,N,N,N,,
,752085,DASPALLA,Odisha,Y,Y,Y,,
,758079,GHATAGAON,Odisha,N,N,N,,
,851210,Begusarai,BIHAR,Y,Y,Y,,
,751014,Bhubaneswar,Odisha,Y,Y,Y,,
,700047,Kolkata,WEST BENGAL,Y,Y,Y,,
,803303,Mokama,BIHAR,Y,Y,N,,
,851026,Begusarai,BIHAR,Y,Y,Y,,
,847106,Simri,BIHAR,Y,Y,N,,
,814103,DUMKA,JHARKHAND,N,N,N,,
,814112,Deoghar,JHARKHAND,Y,Y,Y,,
,700158,Kolkata,WEST BENGAL,Y,Y,Y,,
,735505,Bankura,WEST BENGAL,Y,Y,Y,,
,847215,MADHUBANI,BIHAR,Y,Y,Y,,
,711205,HOWRAH,WEST BENGAL,Y,Y,Y,,
,712407,SINGUR,WEST BENGAL,Y,Y,Y,,
,743286,SWARUPNAGAR,WEST BENGAL,Y,Y,Y,,
,815304,GIRIDIH,JHARKHAND,Y,Y,Y,,
,756132,CHANDBALI,Odisha,Y,Y,Y,,
,742178,LALGOLA,WEST BENGAL,N,N,N,,
,742223,Dhulian,WEST BENGAL,Y,Y,Y,,
,713340,Asansol,WEST BENGAL,Y,Y,N,,
,743144,Barrackpore,WEST BENGAL,Y,Y,Y,,
,756071,Balasore,Odisha,Y,Y,Y,,
,700141,BATANAGAR,WEST BENGAL,Y,Y,Y,,
,722171,KHATRA,WEST BENGAL,Y,Y,Y,,
,804408,JEHANABAD,BIHAR,Y,Y,Y,,
,835242,LATEHAR,JHARKHAND,Y,Y,Y,,
,844126,Khalispur,BIHAR,Y,Y,Y,,
,743312,Basanti,WEST BENGAL,Y,Y,Y,,
,733202,Islampur,WEST BENGAL,N,N,N,,
,711224,HOWRAH,WEST BENGAL,Y,Y,Y,,
,829121,PETARBAR,JHARKHAND,Y,Y,Y,,
,852106,Saharsa,BIHAR,N,N,N,,
,754117,Jagatsinghpur,Odisha,N,N,N,,
,722203,Bankura,WEST BENGAL,Y,Y,Y,,
,742190,Beldanga,WEST BENGAL,N,N,N,,
,754027,Cuttack,Odisha,N,N,N,,
,713126,Burdwan,WEST BENGAL,Y,Y,N,,
,835236,Ormanjhi,JHARKHAND,Y,Y,Y,,
,804454,JEHANABAD,BIHAR,N,N,N,,
,847118,Darbhanga,BIHAR,Y,Y,Y,,
,736150,Dinhata,WEST BENGAL,Y,Y,N,,
,733140,Fulbari WB,WEST BENGAL,Y,Y,N,,
,754138,Amberi,Odisha,Y,Y,N,,
,828206,Dhanbad,JHARKHAND,Y,Y,Y,,
,756034,JALESWAR,Odisha,Y,Y,N,,
,834008,Ranchi,JHARKHAND,Y,Y,Y,,
,761042,Digapahandi,Odisha,Y,Y,Y,,
,700057,Kolkata,WEST BENGAL,Y,Y,Y,,
,713427,Burdwan,WEST BENGAL,Y,Y,N,,
,754010,Adaspur,Odisha,N,N,N,,
,733133,Fulbari WB,WEST BENGAL,Y,Y,N,,
,834012,Ranchi,JHARKHAND,Y,Y,Y,,
,843155,Muzaffarpur,BIHAR,Y,Y,Y,,
,802136,DUMRAON,BIHAR,Y,Y,N,,
,721515,Jhargram,WEST BENGAL,N,N,N,,
,735230,Jalpaiguri,WEST BENGAL,N,N,N,,
,847226,Jaynagar BH,BIHAR,Y,Y,N,,
,723153,PURULIA,WEST BENGAL,N,N,N,,
,756042,Bahanaga,Odisha,Y,Y,N,,
,732149,Malda,WEST BENGAL,Y,Y,N,,
,841414,Chhapra,BIHAR,N,N,N,,
,721505,Binpur,WEST BENGAL,Y,Y,Y,,
,752101,Cuttack,Odisha,N,N,N,,
,721647,Shrirampur WB,WEST BENGAL,Y,Y,N,,
,825102,JARIDIH BAZAR,JHARKHAND,Y,Y,N,,
,827002,Bokaro,JHARKHAND,Y,Y,Y,,
,848512,Samastipur,BIHAR,Y,Y,Y,,
,721642,Shrirampur WB,WEST BENGAL,Y,Y,N,,
,733201,DALKHOLA,WEST BENGAL,Y,Y,N,,
,756037,Chandaneswar,Odisha,N,N,N,,
,711212,HOWRAH,WEST BENGAL,Y,Y,N,,
,721232,GHATAL,WEST BENGAL,Y,Y,N,,
,721444,CONTAI,WEST BENGAL,Y,Y,N,,
,759104,TALCHER,Odisha,Y,Y,Y,,
,735220,Madarihat,WEST BENGAL,Y,Y,N,,
,736101,Cooch Behar,WEST BENGAL,Y,Y,Y,,
,829123,PETARBAR,JHARKHAND,Y,Y,Y,,
,833223,Barajamda,JHARKHAND,N,N,N,,
,843335,Sheohar,BIHAR,N,N,N,,
,743132,KALYANI,WEST BENGAL,Y,Y,N,,
,713210,DURGAPUR,WEST BENGAL,Y,Y,Y,,
,835303,Ranchi,JHARKHAND,Y,Y,Y,,
,847234,MADHUBANI,BIHAR,N,N,N,,
,735203,Birpara,WEST BENGAL,Y,Y,Y,,
,731304,NANOOR,WEST BENGAL,Y,Y,Y,,
,741238,Gopalnagar,WEST BENGAL,Y,Y,Y,,
,721133,Paschim Medinipur,WEST BENGAL,N,N,N,,
,721128,Chandrakona,WEST BENGAL,Y,Y,N,,
,829120,Patratu,JHARKHAND,Y,Y,Y,,
,764056,Borigumma,Odisha,Y,Y,Y,,
,824111,Aurangabad BH,BIHAR,N,N,N,,
,761030,Keshpur,Odisha,Y,Y,Y,,
,700092,Kolkata,WEST BENGAL,Y,Y,Y,,
,843351,Runni Saidpur,BIHAR,N,N,N,,
,761126,Bhanjanagar,Odisha,Y,Y,N,,
,814110,DUMKA,JHARKHAND,Y,Y,Y,,
,742165,Murshidabad,WEST BENGAL,Y,Y,Y,,
,712406,Khanakul,WEST BENGAL,Y,Y,N,,
,734123,Darjeeling,WEST BENGAL,Y,Y,N,,
,811310,Lakhisarai,BIHAR,Y,Y,N,,
,723121,Raghunathpur,WEST BENGAL,Y,Y,N,,
,770022,Bamra,Odisha,N,N,N,,
,743414,Basirhat,WEST BENGAL,Y,Y,N,,
,713208,DURGAPUR,WEST BENGAL,Y,Y,Y,,
,766104,Nuapada,Odisha,N,N,N,,
,741151,Hanskhali,WEST BENGAL,Y,Y,Y,,
,754008,Banki,Odisha,Y,Y,Y,,
,741257,Nadia,WEST BENGAL,N,N,N,,
,713382,DURGAPUR,WEST BENGAL,Y,Y,Y,,
,851117,Begusarai,BIHAR,Y,Y,Y,,
,723104,PURULIA,WEST BENGAL,N,N,N,,
,757037,Karanjia,Odisha,N,N,N,,
,721654,Haldia,WEST BENGAL,Y,Y,Y,,
,848177,Samastipur,BIHAR,Y,Y,Y,,
,721501,Jhargram,WEST BENGAL,N,N,N,,
,742225,JANGIPUR,WEST BENGAL,Y,Y,Y,,
,756165,BASUDEVPUR,Odisha,Y,Y,Y,,
,811307,JAMUI,BIHAR,N,N,N,,
,700013,Kolkata,WEST BENGAL,Y,Y,Y,,
,721446,Chandaneswar,Odisha,N,N,N,,
,851204,KHAGARIA,BIHAR,Y,Y,Y,,
,736179,Cooch Behar,WEST BENGAL,Y,Y,Y,,
,835305,LOHARDAGA,JHARKHAND,N,N,N,,
,713501,GUPTIPARA,WEST BENGAL,Y,Y,Y,,
,854301,Purnia,BIHAR,Y,Y,Y,,
,761014,Digapahandi,Odisha,Y,Y,Y,,
,723158,PURULIA,WEST BENGAL,N,N,N,,
,825303,Hazaribagh,JHARKHAND,Y,Y,Y,,
,825412,Bagodar,JHARKHAND,N,N,N,,
,742403,Salar,WEST BENGAL,N,N,N,,
,761054,Digapahandi,Odisha,Y,Y,Y,,
,735218,Jalpaiguri,WEST BENGAL,N,N,N,,
,755024,Chandikhole,Odisha,N,N,N,,
,734431,NAXALBARI,WEST BENGAL,Y,Y,Y,,
,711412,HOWRAH,WEST BENGAL,Y,Y,Y,,
,761017,Mohana,Odisha,N,N,N,,
,756087,JALESWAR,Odisha,Y,Y,Y,,
,829107,LOHARDAGA,JHARKHAND,Y,Y,Y,,
,713515,PARULIA WB,WEST BENGAL,Y,Y,Y,,
,734317,Kalimpong,WEST BENGAL,Y,Y,N,,
,762010,Phulbani,Odisha,N,N,N,,
,755007,JAJPUR ORISSA,Odisha,Y,Y,Y,,
,743704,Barasat,WEST BENGAL,Y,Y,Y,,
,827014,Bokaro,JHARKHAND,Y,Y,Y,,
,756029,BASTA,Odisha,N,N,N,,
,734435,SILIGURI,WEST BENGAL,Y,Y,N,,
,743352,BATANAGAR,WEST BENGAL,N,N,Y,,
,844130,SARAIYA,BIHAR,Y,Y,N,,
,713424,Burdwan,WEST BENGAL,Y,Y,N,,
,854001,Purnia,BIHAR,Y,Y,Y,,
,757030,JHARPOKHARIA,Odisha,Y,Y,Y,,
,815316,GIRIDIH,JHARKHAND,N,N,N,,
,805123,NAWADA,BIHAR,Y,Y,N,,
,763001,Sunabeda,Odisha,Y,Y,Y,,
,761046,CHHATRAPUR,Odisha,Y,Y,N,,
,713130,KATWA,WEST BENGAL,Y,Y,Y,,
,732207,Kaliachak,WEST BENGAL,Y,Y,Y,,
,700091,Kolkata,WEST BENGAL,Y,Y,Y,,
,741247,Ranaghat,WEST BENGAL,Y,Y,N,,
,827015,Bokaro,JHARKHAND,Y,Y,Y,,
,752118,Konark,Odisha,N,N,N,,
,741160,Betai,WEST BENGAL,Y,Y,N,,
,752027,CHANDPUR ORISSA,Odisha,Y,Y,Y,,
,711314,Shyampur,WEST BENGAL,Y,Y,N,,
,769009,ROURKELA,Odisha,Y,Y,Y,,
,844127,Muzaffarpur,BIHAR,Y,Y,Y,,
,751010,Bhubaneswar,Odisha,Y,Y,Y,,
,761103,Aska,Odisha,Y,Y,N,,
,743503,Amtala,WEST BENGAL,Y,Y,N,,
,845113,Katihar,BIHAR,Y,Y,Y,,
,826006,Dhanbad,JHARKHAND,N,N,N,,
,722132,Bankura,WEST BENGAL,Y,Y,N,,
,713101,Burdwan,WEST BENGAL,Y,Y,Y,,
,754024,Chandikhole,Odisha,N,N,N,,
,743233,Habra,WEST BENGAL,Y,Y,Y,,
,741319,PARULIA WB,WEST BENGAL,Y,Y,N,,
,823004,Gaya,BIHAR,Y,Y,N,,
,842009,Kanti,BIHAR,Y,Y,Y,,
,743349,Raidighi,WEST BENGAL,Y,Y,Y,,
,828401,Dhanbad,JHARKHAND,Y,Y,Y,,
,828115,Dhanbad,JHARKHAND,N,N,N,,
,831008,Jamshedpur,JHARKHAND,Y,Y,Y,,
,804403,Gaya,BIHAR,Y,Y,N,,
,713331,KULTI,WEST BENGAL,Y,Y,N,,
,759146,TALCHER,Odisha,Y,Y,Y,,
,825414,Hazaribagh,JHARKHAND,Y,Y,Y,,
,311317,HOWRAH,WEST BENGAL,Y,Y,N,,
,742162,Hariharpara,WEST BENGAL,Y,Y,Y,,
,847104,Simri,BIHAR,Y,Y,N,,
,743194,KALYANI,WEST BENGAL,Y,Y,Y,,
,852151,Munger,BIHAR,Y,Y,Y,,
,734010,SILIGURI,WEST BENGAL,Y,Y,Y,,
,712258,HOWRAH,WEST BENGAL,Y,Y,Y,,
,743384,BATANAGAR,WEST BENGAL,Y,Y,Y,,
,756073,Balasore,Odisha,Y,Y,Y,,
,712422,Khanakul,WEST BENGAL,Y,Y,Y,,
,700148,Baruipur,WEST BENGAL,Y,Y,Y,,
,843114,Patepur,BIHAR,N,N,N,,
,823201,Bhagalpur,BIHAR,Y,Y,Y,,
,721301,Kharagpur,WEST BENGAL,Y,Y,Y,,
,743290,Gopalnagar,WEST BENGAL,Y,Y,Y,,
,700015,Kolkata,WEST BENGAL,Y,Y,Y,,
,826124,Dhanbad,JHARKHAND,Y,Y,Y,,
,755019,Jajpur Road,Odisha,Y,Y,Y,,
,835210,Khunti,JHARKHAND,Y,Y,Y,,
,758083,HATADIHI,Odisha,N,N,N,,
,854109,Katihar,BIHAR,Y,Y,Y,,
,815315,Jamua,JHARKHAND,N,N,N,,
,712205,Hooghly,WEST BENGAL,Y,Y,Y,,
,847429,Darbhanga,BIHAR,N,N,N,,
,741103,Krishnanagar,WEST BENGAL,Y,Y,N,,
,742123,Murshidabad,WEST BENGAL,Y,Y,Y,,
,700085,Kolkata,WEST BENGAL,Y,Y,Y,,
,800004,Patna,BIHAR,Y,Y,Y,,
,834016,Patratu,JHARKHAND,Y,Y,N,,
,845491,Bettiah,BIHAR,Y,Y,Y,,
,743164,Chandannagar,WEST BENGAL,Y,Y,Y,,
,821111,Sasaram,BIHAR,N,N,N,,
,752105,Pipili,Odisha,N,N,N,,
,767042,Titlagarh,Odisha,Y,Y,Y,,
,743390,Gangasagar,WEST BENGAL,N,N,N,,
,754032,Narasinghpur,Odisha,Y,Y,Y,,
,828127,Dhanbad,JHARKHAND,Y,Y,Y,,
,848135,Samastipur,BIHAR,Y,Y,Y,,
,829125,Patratu,JHARKHAND,Y,Y,Y,,
,812009,Bhagalpur,BIHAR,Y,Y,Y,,
,754206,Salepur OR,Odisha,Y,Y,N,,
,841410,MASHRAKH,BIHAR,N,N,N,,
,711409,HOWRAH,WEST BENGAL,Y,Y,Y,,
,712208,Hooghly,WEST BENGAL,Y,Y,Y,,
,802152,Bihia,BIHAR,N,N,N,,
,754283,Nischintakoili,Odisha,Y,Y,Y,,
,700004,Kolkata,WEST BENGAL,Y,Y,Y,,
,711127,HOWRAH,WEST BENGAL,Y,Y,N,,
,753011,Cuttack,Odisha,Y,Y,Y,,
,733127,Tapan,WEST BENGAL,N,N,N,,
,825319,Hazaribagh,JHARKHAND,Y,Y,Y,,
,700097,Kolkata,WEST BENGAL,Y,Y,Y,,
,741152,Betai,WEST BENGAL,Y,Y,N,,
,700023,Kolkata,WEST BENGAL,Y,Y,Y,,
,754111,Nanpur,Odisha,Y,Y,Y,,
,741503,Hanskhali,WEST BENGAL,Y,Y,N,,
,700044,BATANAGAR,WEST BENGAL,Y,Y,Y,,
,752059,Khordha,Odisha,Y,Y,Y,,
,843109,Kanti,BIHAR,Y,Y,Y,,
,759020,Hindol,Odisha,Y,Y,Y,,
,843341,SITAMARHI,BIHAR,Y,Y,Y,,
,741508,Hanskhali,WEST BENGAL,Y,Y,N,,
,845303,Dhaka,BIHAR,Y,Y,N,,
,754225,Kendrapara,Odisha,Y,Y,Y,,
,712706,Haripal,WEST BENGAL,Y,Y,N,,
,825325,Ghatotand,JHARKHAND,Y,Y,N,,
,700049,Kolkata,WEST BENGAL,Y,Y,Y,,
,845523,Darbhanga,BIHAR,Y,Y,Y,,
,731254,Mohammad Bazar,WEST BENGAL,Y,Y,N,,
,828108,Dhanbad,JHARKHAND,Y,Y,Y,,
,743437,Berachampa,WEST BENGAL,Y,Y,N,,
,712308,Hooghly,WEST BENGAL,Y,Y,Y,,
,829146,Ramgarh,JHARKHAND,Y,Y,Y,,
,734430,SILIGURI,WEST BENGAL,Y,Y,N,,
,769011,ROURKELA,Odisha,Y,Y,Y,,
,825315,LOHARDAGA,JHARKHAND,N,N,N,,
,736166,Dinhata,WEST BENGAL,N,N,N,,
,743102,Barrackpore,WEST BENGAL,Y,Y,Y,,
,722140,KHATRA,WEST BENGAL,Y,Y,N,,
,815311,GIRIDIH,JHARKHAND,N,N,N,,
,756100,BHADRAK,Odisha,Y,Y,Y,,
,845305,Raxual,BIHAR,Y,Y,N,,
,752092,NAYAGARH,Odisha,Y,Y,Y,,
,814146,SARATH,JHARKHAND,Y,Y,Y,,
,811206,Munger,BIHAR,Y,Y,Y,,
,743212,Barasat,WEST BENGAL,Y,Y,Y,,
,754133,Jagatsinghpur,Odisha,Y,Y,Y,,
,815305,LOHARDAGA,JHARKHAND,Y,Y,Y,,
,801503,Patna,BIHAR,N,N,N,,
,721000,Kharagpur,WEST BENGAL,Y,Y,N,,
,835239,Bijupara,JHARKHAND,Y,Y,Y,,
,851223,Bihta,BIHAR,N,N,N,,
,814155,Mahagama,JHARKHAND,Y,Y,N,,
,833108,GamhariaJH,JHARKHAND,Y,Y,Y,,
,767001,Balangir,Odisha,Y,Y,Y,,
,752022,CHANDPUR ORISSA,Odisha,Y,Y,Y,,
,822121,Nagaruntari,JHARKHAND,Y,Y,N,,
,755038,Jajpur Town,Odisha,Y,Y,Y,,
,713127,Burdwan,WEST BENGAL,Y,Y,Y,,
,741507,Hanskhali,WEST BENGAL,Y,Y,Y,,
,800008,Patna,BIHAR,Y,Y,Y,,
,723156,Raghunathpur,WEST BENGAL,Y,Y,N,,
,713520,Bhatar,WEST BENGAL,Y,Y,N,,
,743339,Kakdwip,WEST BENGAL,N,N,N,,
,844519,SARAIYA,BIHAR,Y,Y,N,,
,768026,Goshala,Odisha,Y,Y,N,,
,822102,Shahpur JH,JHARKHAND,Y,Y,N,,
,712149,Pandua,WEST BENGAL,N,N,N,,
,721448,BAITA BAZAR,WEST BENGAL,Y,Y,N,,
,751028,Jatni,Odisha,Y,Y,Y,,
,768215,Bamra,Odisha,Y,Y,Y,,
,743411,Basirhat,WEST BENGAL,Y,Y,Y,,
,841442,Nagra,BIHAR,N,N,N,,
,713335,Rupnarayanpur,WEST BENGAL,Y,Y,N,,
,843107,SARAIYA,BIHAR,N,N,N,,
,855124,Katihar,BIHAR,Y,Y,Y,,
,845498,Bettiah,BIHAR,Y,Y,Y,,
,711113,HOWRAH,WEST BENGAL,Y,Y,Y,,
,721657,Haldia,WEST BENGAL,Y,Y,Y,,
,824203,Tekari,BIHAR,Y,Y,N,,
,854350,Purnia,BIHAR,Y,Y,Y,,
,700150,Kolkata,WEST BENGAL,Y,Y,Y,,
,815351,JAMTARA,JHARKHAND,Y,Y,Y,,
,761119,Bhanjanagar,Odisha,Y,Y,N,,
,743345,JOYNAGAR,WEST BENGAL,Y,Y,Y,,
,722177,Bankura,WEST BENGAL,Y,Y,Y,,
,743351,Diamond Harbour,WEST BENGAL,N,N,N,,
,733149,Tapan,WEST BENGAL,N,N,N,,
,751011,Bhubaneswar,Odisha,Y,Y,Y,,
,767024,Balangir,Odisha,Y,Y,N,,
,742213,JANGIPUR,WEST BENGAL,Y,Y,Y,,
,754211,Kendrapara,Odisha,Y,Y,Y,,
,742401,Salar,WEST BENGAL,N,N,N,,
,700113,Kolkata,WEST BENGAL,Y,Y,Y,,
,712105,Chandannagar,WEST BENGAL,Y,Y,Y,,
,743120,Barrackpore,WEST BENGAL,Y,Y,Y,,
,734104,Darjeeling,WEST BENGAL,Y,Y,Y,,
,743123,KALYANI,WEST BENGAL,Y,Y,Y,,
,761133,Bhanjanagar,Odisha,Y,Y,N,,
,752070,NAYAGARH,Odisha,Y,Y,Y,,
,743427,SWARUPNAGAR,WEST BENGAL,Y,Y,Y,,
,741252,Nadia,WEST BENGAL,N,N,N,,
,854303,Purnia,BIHAR,Y,Y,Y,,
,754228,MARSHAGHAI,Odisha,Y,Y,N,,
,711227,HOWRAH,WEST BENGAL,Y,Y,Y,,
,752003,Puri,Odisha,Y,Y,Y,,
,737101,GANGTOK,SIKKIM,Y,Y,Y,,
,721425,CONTAI,WEST BENGAL,Y,Y,N,,
,756054,SORO,Odisha,Y,Y,Y,,
,761005,Chikiti,Odisha,Y,Y,N,,
,833221,Barajamda,JHARKHAND,N,N,N,,
,736132,Dinhata,WEST BENGAL,N,N,N,,
,851135,Begusarai,BIHAR,Y,Y,N,,
,825418,JAINAGAR JH,JHARKHAND,Y,Y,N,,
,826109,Dhanbad,JHARKHAND,Y,Y,Y,,
,768222,Kuchinda,Odisha,N,N,N,,
,713150,KATWA,WEST BENGAL,Y,Y,N,,
,734406,SILIGURI,WEST BENGAL,Y,Y,Y,,
,752006,Puri,Odisha,Y,Y,N,,
,743707,BONGAON,WEST BENGAL,Y,Y,Y,,
,764005,Jeypore,Odisha,Y,Y,Y,,
,828306,Dhanbad,JHARKHAND,Y,Y,Y,,
,741251,KALYANI,WEST BENGAL,Y,Y,N,,
,824103,Rafiganj,BIHAR,Y,Y,Y,,
,759116,TALCHER,Odisha,Y,Y,Y,,
,713171,Budbud,WEST BENGAL,Y,Y,N,,
,735503,Bankura,WEST BENGAL,Y,Y,Y,,
,742101,Murshidabad,WEST BENGAL,Y,Y,Y,,
,721257,Chandrakona,WEST BENGAL,Y,Y,Y,,
,752082,NAYAGARH,Odisha,Y,Y,Y,,
,713321,Asansol,WEST BENGAL,Y,Y,Y,,
,821306,ROHTAS,BIHAR,Y,Y,Y,,
,736160,BAKSHIRHAT WB,WEST BENGAL,Y,Y,Y,,
,835235,Simdega,JHARKHAND,Y,Y,Y,,
,700115,Barrackpore,WEST BENGAL,Y,Y,Y,,
,800016,Patna,BIHAR,N,N,N,,
,700088,Kolkata,WEST BENGAL,Y,Y,Y,,
,711108,HOWRAH,WEST BENGAL,Y,Y,Y,,
,761135,Aska,Odisha,N,N,N,,
,759132,Angul,Odisha,Y,Y,N,,
,831110,Patratu,JHARKHAND,Y,Y,N,,
,743247,SWARUPNAGAR,WEST BENGAL,Y,Y,Y,,
,741221,Nadia,WEST BENGAL,N,N,N,,
,829106,Ramgarh,JHARKHAND,Y,Y,Y,,
,734226,Darjeeling,WEST BENGAL,Y,Y,N,,
,743276,Barasat,WEST BENGAL,Y,Y,Y,,
,751023,Bhubaneswar,Odisha,Y,Y,Y,,
,756041,Sajanagarh,Odisha,Y,Y,Y,,
,741318,Krishnanagar,WEST BENGAL,Y,Y,N,,
,844532,Bihta,BIHAR,N,N,N,,
,723129,MANBAZAR,WEST BENGAL,Y,Y,N,,
,700139,BATANAGAR,WEST BENGAL,Y,Y,Y,,
,700093,Kolkata,WEST BENGAL,Y,Y,N,,
,854126,Katihar,BIHAR,Y,Y,Y,,
,713155,Budbud,WEST BENGAL,Y,Y,Y,,
,847228,Jaynagar BH,BIHAR,Y,Y,Y,,
,733142,Tapan,WEST BENGAL,N,N,N,,
,747273,SWARUPNAGAR,WEST BENGAL,Y,Y,Y,,
,731302,NANOOR,WEST BENGAL,Y,Y,Y,,
,756166,TIHIDI,Odisha,N,N,N,,
,712613,Khanakul,WEST BENGAL,Y,Y,N,,
,713141,Burdwan,WEST BENGAL,Y,Y,N,,
,843121,Dholi,BIHAR,Y,Y,N,,
,700032,Kolkata,WEST BENGAL,Y,Y,Y,,
,722209,SONAMUKHI,WEST BENGAL,Y,Y,Y,,
,700112,Kolkata,WEST BENGAL,Y,Y,Y,,
,824231,Gaya,BIHAR,Y,Y,Y,,
,802119,DUMRAON,BIHAR,Y,Y,N,,
,843117,Runni Saidpur,BIHAR,Y,Y,Y,,
,832110,Jamshedpur,JHARKHAND,Y,Y,Y,,
,760007,CHHATRAPUR,Odisha,Y,Y,N,,
,732153,Malda,WEST BENGAL,Y,Y,N,,
,700031,Kolkata,WEST BENGAL,Y,Y,Y,,
,825403,Chatra,JHARKHAND,Y,Y,Y,,
,828133,Dhanbad,JHARKHAND,Y,Y,Y,,
,833217,Danguaposi,JHARKHAND,Y,Y,N,,
,852202,Saharsa,BIHAR,Y,Y,Y,,
,838325,LOHARDAGA,JHARKHAND,Y,Y,Y,,
,804428,Arwal,BIHAR,Y,Y,N,,
,713370,Asansol,WEST BENGAL,Y,Y,Y,,
,759137,Angul,Odisha,Y,Y,N,,
,735350,Birpara,WEST BENGAL,Y,Y,Y,,
,761127,Bhanjanagar,Odisha,Y,Y,N,,
,712417,Khanakul,WEST BENGAL,Y,Y,N,,
,736118,Cooch Behar,WEST BENGAL,Y,Y,N,,
,721136,Panskura,WEST BENGAL,N,N,N,,
,811108,BiharSharif,BIHAR,Y,Y,Y,,
,713516,KATWA,WEST BENGAL,Y,Y,Y,,
,734216,Sukiapokhri,WEST BENGAL,Y,Y,N,,
,754223,Kendrapara,Odisha,Y,Y,Y,,
,743508,Baruipur,WEST BENGAL,Y,Y,Y,,
,700127,Barasat,WEST BENGAL,Y,Y,Y,,
,851214,KHAGARIA,BIHAR,Y,Y,Y,,
,758078,HATADIHI,Odisha,N,N,N,,
,841301,Chhapra,BIHAR,Y,Y,Y,,
,847107,Simri,BIHAR,N,N,N,,
,754231,PATTAMUNDAI,Odisha,Y,Y,N,,
,828120,Dhanbad,JHARKHAND,Y,Y,Y,,
,743506,Baruipur,WEST BENGAL,Y,Y,N,,
,767049,SINDHEKELA,Odisha,Y,Y,N,,
,854357,FORBESGANJ,BIHAR,Y,Y,Y,,
,721517,Gopiballavpur,WEST BENGAL,Y,Y,N,,
,721433,CONTAI,WEST BENGAL,Y,Y,Y,,
,852154,Katihar,BIHAR,Y,Y,Y,,
,711106,HOWRAH,WEST BENGAL,N,N,N,,
,713345,DURGAPUR,WEST BENGAL,Y,Y,Y,,
,848140,Samastipur,BIHAR,Y,Y,Y,,
,753052,Nischintakoili,Odisha,Y,Y,Y,,
,700074,Kolkata,WEST BENGAL,Y,Y,Y,,
,812004,Bhagalpur,BIHAR,Y,Y,Y,,
,822129,Nagaruntari,JHARKHAND,Y,Y,Y,,
,833204,CHAIBASA,JHARKHAND,N,N,N,,
,742147,Nagar,WEST BENGAL,Y,Y,N,,
,844128,SARAIYA,BIHAR,Y,Y,N,,
,811207,Munger,BIHAR,Y,Y,Y,,
,722147,BISHNUPUR,WEST BENGAL,Y,Y,Y,,
,843611,Muzaffarpur,BIHAR,Y,Y,Y,,
,804401,Arwal,BIHAR,Y,Y,N,,
,829127,JARIDIH BAZAR,JHARKHAND,Y,Y,Y,,
,712423,Khanakul,WEST BENGAL,Y,Y,Y,,
,712124,Chandannagar,WEST BENGAL,Y,Y,Y,,
,843014,Muzaffarpur,BIHAR,Y,Y,Y,,
,722180,Bankura,WEST BENGAL,Y,Y,Y,,
,800010,Patna,BIHAR,Y,Y,Y,,
,700070,Kolkata,WEST BENGAL,Y,Y,N,,
,758082,Anandapur,Odisha,Y,Y,N,,
,723143,Balarampur,WEST BENGAL,Y,Y,Y,,
,834005,Ranchi,JHARKHAND,Y,Y,Y,,
,841505,Gopalganj,BIHAR,Y,Y,N,,
,743193,KALYANI,WEST BENGAL,Y,Y,N,,
,743295,Barasat,WEST BENGAL,Y,Y,Y,,
,854125,Katihar,BIHAR,Y,Y,Y,,
,743143,Chandannagar,WEST BENGAL,Y,Y,Y,,
,757047,Jashipur,Odisha,N,N,N,,
,854319,Purnia,BIHAR,Y,Y,Y,,
,845509,Bettiah,BIHAR,Y,Y,Y,,
,721252,Chandrakona,WEST BENGAL,Y,Y,Y,,
,734025,SILIGURI,WEST BENGAL,Y,Y,N,,
,825336,Charhi,JHARKHAND,Y,Y,N,,
,851134,Begusarai,BIHAR,Y,Y,N,,
,768018,Sambalpur,Odisha,Y,Y,Y,,
,760100,Berhampur,Odisha,Y,Y,Y,,
,824219,Sherghati,BIHAR,N,N,N,,
,723102,PURULIA,WEST BENGAL,Y,Y,N,,
,816115,SAHIBGANJ,JHARKHAND,Y,Y,Y,,
,722133,Bankura,WEST BENGAL,Y,Y,N,,
,743517,Bankura,WEST BENGAL,Y,Y,Y,,
,752001,Puri,Odisha,Y,Y,Y,,
,735231,Gorubathan,WEST BENGAL,N,N,N,,
,700102,Kolkata,WEST BENGAL,Y,Y,Y,,
,752081,NAYAGARH,Odisha,Y,Y,N,,
,828109,Dhanbad,JHARKHAND,Y,Y,Y,,
,815314,Jamua,JHARKHAND,N,N,N,,
,732159,Malda,WEST BENGAL,Y,Y,N,,
,741102,Krishnanagar,WEST BENGAL,Y,Y,Y,,
,721506,Gopiballavpur,WEST BENGAL,Y,Y,N,,
,828307,Dhanbad,JHARKHAND,Y,Y,Y,,
,741165,Betai,WEST BENGAL,Y,Y,N,,
,843138,Muzaffarpur,BIHAR,Y,Y,Y,,
,712112,Chandannagar,WEST BENGAL,Y,Y,Y,,
,735232,Birpara,WEST BENGAL,Y,Y,Y,,
,743511,BATANAGAR,WEST BENGAL,Y,Y,Y,,
,743516,Burdwan,WEST BENGAL,Y,Y,N,,
,721607,Haldia,WEST BENGAL,Y,Y,Y,,
,742183,Murshidabad,WEST BENGAL,Y,Y,Y,,
,741224,Chakdah,WEST BENGAL,Y,Y,Y,,
,833219,SARAIKELAKHARSWAN,JHARKHAND,Y,Y,N,,
,766002,Bhawanipatna,Odisha,Y,Y,Y,,
,845465,Muzaffarpur,BIHAR,Y,Y,Y,,
,743179,Barrackpore,WEST BENGAL,Y,Y,Y,,
,743166,KALYANI,WEST BENGAL,N,N,N,,
,711309,Fuleswar,WEST BENGAL,Y,Y,Y,,
,743248,Barasat,WEST BENGAL,Y,Y,Y,,
,742159,Nagar,WEST BENGAL,Y,Y,N,,
,753021,Cuttack,Odisha,N,N,N,,
,700021,Kolkata,WEST BENGAL,Y,Y,Y,,
,829122,Ramgarh,JHARKHAND,Y,Y,Y,,
,734501,Malbazar,WEST BENGAL,N,N,N,,
,712704,Dankuni,WEST BENGAL,Y,Y,N,,
,721145,Kharagpur,WEST BENGAL,Y,Y,Y,,
,841247,Siwan,BIHAR,N,N,N,,
,822115,Japla,JHARKHAND,Y,Y,Y,,
,700019,Kolkata,WEST BENGAL,Y,Y,Y,,
,769015,ROURKELA,Odisha,Y,Y,Y,,
,712429,Khanakul,WEST BENGAL,Y,Y,Y,,
,752201,Bhubaneswar,Odisha,Y,Y,N,,
,741243,KALYANI,WEST BENGAL,Y,Y,Y,,
,752010,Puri,Odisha,Y,Y,N,,
,743375,Diamond Harbour,WEST BENGAL,N,N,N,,
,743515,Burdwan,WEST BENGAL,Y,Y,N,,
,828132,Dhanbad,JHARKHAND,Y,Y,Y,,
,722143,Bankura,WEST BENGAL,Y,Y,Y,,
,700036,Kolkata,WEST BENGAL,Y,Y,Y,,
,711326,Shyampur,WEST BENGAL,Y,Y,N,,
,754145,Jagatsinghpur,Odisha,Y,Y,Y,,
,732160,Malda,WEST BENGAL,Y,Y,N,,
,722222,Barrackpore,WEST BENGAL,Y,Y,N,,
,844514,SARAIYA,BIHAR,Y,Y,N,,
,742160,Murshidabad,WEST BENGAL,Y,Y,Y,,
,756085,Chandaneswar,Odisha,N,N,N,,
,825413,JHUMRITILEIYA,JHARKHAND,Y,Y,Y,,
,722202,Bankura,WEST BENGAL,Y,Y,Y,,
,741249,Nadia,WEST BENGAL,N,N,N,,
,843120,SARAIYA,BIHAR,N,N,N,,
,847211,MADHUBANI,BIHAR,Y,Y,Y,,
,829105,Ramgarh,JHARKHAND,Y,Y,Y,,
,700022,Kolkata,WEST BENGAL,Y,Y,Y,,
,713365,Rupnarayanpur,WEST BENGAL,Y,Y,N,,
,827016,Bokaro,JHARKHAND,Y,Y,Y,,
,824205,Sherghati,BIHAR,Y,Y,Y,,
,741138,Dhubulia,WEST BENGAL,Y,Y,Y,,
,814142,Deoghar,JHARKHAND,Y,Y,Y,,
,828126,Dhanbad,JHARKHAND,Y,Y,Y,,
,835225,Tamar,JHARKHAND,Y,Y,Y,,
,741121,Santipur,WEST BENGAL,Y,Y,Y,,
,723167,PURULIA,WEST BENGAL,Y,Y,Y,,
,835125,Hazaribagh,JHARKHAND,Y,Y,Y,,
,736121,Alipurduar,WEST BENGAL,Y,Y,Y,,
,731121,BOLPUR,WEST BENGAL,Y,Y,Y,,
,713308,DURGAPUR,WEST BENGAL,N,N,N,,
,841412,Nagra,BIHAR,N,N,N,,
,756113,BHADRAK,Odisha,Y,Y,Y,,
,743121,Barrackpore,WEST BENGAL,Y,Y,Y,,
,765024,Gunupur,Odisha,Y,Y,Y,,
,843340,SITAMARHI,BIHAR,Y,Y,Y,,
,721258,Chandrakona,WEST BENGAL,Y,Y,Y,,
,761140,Bhanjanagar,Odisha,Y,Y,N,,
,822110,Shahpur JH,JHARKHAND,N,N,N,,
,721302,Kharagpur,WEST BENGAL,Y,Y,Y,,
,700009,Kolkata,WEST BENGAL,Y,Y,Y,,
,743376,Canning,WEST BENGAL,Y,Y,Y,,
,700147,Baruipur,WEST BENGAL,Y,Y,Y,,
,848134,Samastipur,BIHAR,Y,Y,N,,
,832106,Ghatshila,JHARKHAND,Y,Y,Y,,
,754289,Kendrapara,Odisha,Y,Y,Y,,
,844520,SARAIYA,BIHAR,Y,Y,N,,
,761146,Hinjilicut,Odisha,Y,Y,Y,,
,812010,Bhagalpur,BIHAR,Y,Y,Y,,
,712245,Dankuni,WEST BENGAL,Y,Y,Y,,
,734418,SILIGURI,WEST BENGAL,Y,Y,N,,
,735305,Maynaguri,WEST BENGAL,Y,Y,Y,,
,736135,Dinhata,WEST BENGAL,Y,Y,Y,,
,841339,Chhapra,BIHAR,Y,Y,Y,,
,732154,Malda,WEST BENGAL,Y,Y,N,,
,743389,Diamond Harbour,WEST BENGAL,N,N,N,,
,821108,Kudra,BIHAR,N,N,N,,
,713169,Budbud,WEST BENGAL,Y,Y,Y,,
,770016,Bamra,Odisha,Y,Y,Y,,
,700053,Kolkata,WEST BENGAL,Y,Y,Y,,
,767030,SAINTALA,Odisha,Y,Y,Y,,
,732148,Malda,WEST BENGAL,Y,Y,N,,
,712413,Pursurah,WEST BENGAL,Y,Y,N,,
,754207,Nischintakoili,Odisha,Y,Y,Y,,
,845461,Bettiah,BIHAR,Y,Y,Y,,
,761029,Keshpur,Odisha,Y,Y,Y,,
,734224,Darjeeling,WEST BENGAL,Y,Y,N,,
,712365,Rupnarayanpur,WEST BENGAL,Y,Y,N,,
,743246,BONGAON,WEST BENGAL,Y,Y,Y,,
,735233,BANARHAT,WEST BENGAL,N,N,N,,
,751012,Bhubaneswar,Odisha,Y,Y,Y,,
,741127,Santipur,WEST BENGAL,Y,Y,Y,,
,853206,Naugachia,BIHAR,Y,Y,N,,
,756112,DHAMNAGAR,Odisha,Y,Y,N,,
,853201,Nagarpara,BIHAR,N,N,N,,
,753015,Cuttack,Odisha,Y,Y,Y,,
,847304,BENIPATTI,BIHAR,N,N,N,,
,851216,Nagarpara,BIHAR,N,N,N,,
,829129,Ramgarh,JHARKHAND,Y,Y,Y,,
,843128,Kanti,BIHAR,Y,Y,Y,,
,732123,CHACHAL,WEST BENGAL,Y,Y,N,,
,750000,Bhubaneswar,Odisha,Y,Y,N,,
,743429,Hasnabad,WEST BENGAL,Y,Y,Y,,
,844129,SARAIYA,BIHAR,N,N,N,,
,825302,Hazaribagh,JHARKHAND,Y,Y,Y,,
,767040,SINDHEKELA,Odisha,Y,Y,N,,
,822122,Panki,JHARKHAND,N,N,N,,
,822212,Saharsa,BIHAR,Y,Y,Y,,
,845474,Bettiah,BIHAR,Y,Y,Y,,
,841256,Siwan,BIHAR,Y,Y,Y,,
,732138,Pakuahat,WEST BENGAL,Y,Y,Y,,
,743602,Baruipur,WEST BENGAL,Y,Y,Y,,
,711109,HOWRAH,WEST BENGAL,Y,Y,Y,,
,743155,Barrackpore,WEST BENGAL,Y,Y,Y,,
,851130,Banka,BIHAR,Y,Y,N,,
,743204,Barasat,WEST BENGAL,Y,Y,Y,,
,712153,Chandannagar,WEST BENGAL,Y,Y,Y,,
,757100,BETNOTI,Odisha,Y,Y,N,,
,743442,Bokchora,WEST BENGAL,Y,Y,Y,,
,731303,NANOOR,WEST BENGAL,Y,Y,Y,,
,754116,Jagatsinghpur,Odisha,N,N,N,,
,768101,Attabira,Odisha,N,N,N,,
,700122,Barrackpore,WEST BENGAL,Y,Y,Y,,
,832104,Ghatshila,JHARKHAND,Y,Y,Y,,
,700105,DHAPA,WEST BENGAL,Y,Y,Y,,
,734004,SILIGURI,WEST BENGAL,Y,Y,Y,,
,846006,Darbhanga,BIHAR,Y,Y,N,,
,841246,Siwan,BIHAR,Y,Y,Y,,
,754001,Cuttack,Odisha,N,N,N,,
,754219,PATTAMUNDAI,Odisha,Y,Y,N,,
,742226,SAGARDIGHI,WEST BENGAL,Y,Y,N,,
,767184,TALCHER,Odisha,Y,Y,Y,,
,829135,Ramgarh,JHARKHAND,Y,Y,Y,,
,743608,Baruipur,WEST BENGAL,Y,Y,Y,,
,846005,Darbhanga,BIHAR,Y,Y,Y,,
,843363,Muzaffarpur,BIHAR,Y,Y,Y,,
,821122,KISHANGANJ,WEST BENGAL,Y,Y,N,,
,756167,TIHIDI,Odisha,N,N,N,,
,841238,MAHARAJGANJ BH,BIHAR,Y,Y,Y,,
,734401,SILIGURI,WEST BENGAL,Y,Y,Y,,
,723163,PURULIA,WEST BENGAL,N,N,N,,
,829118,Patratu,JHARKHAND,Y,Y,Y,,
,829130,Ramgarh,JHARKHAND,Y,Y,N,,
,828144,Dhanbad,JHARKHAND,Y,Y,Y,,
,804427,JEHANABAD,BIHAR,Y,Y,Y,,
,711103,HOWRAH,WEST BENGAL,Y,Y,Y,,
,713324,KULTI,WEST BENGAL,Y,Y,N,,
,825335,Hazaribagh,JHARKHAND,Y,Y,Y,,
,844135,SARAIYA,BIHAR,Y,Y,N,,
,842007,Muzaffarpur,BIHAR,Y,Y,Y,,
,712419,Pursurah,WEST BENGAL,Y,Y,Y,,
,764049,Nabarangpur,Odisha,N,N,N,,
,769019,ROURKELA,Odisha,Y,Y,Y,,
,742134,Beldanga,WEST BENGAL,Y,Y,N,,
,762025,Boudh,Odisha,N,N,N,,
,711306,HOWRAH,WEST BENGAL,Y,Y,Y,,
,713162,Burdwan,WEST BENGAL,Y,Y,Y,,
,713401,Memari,WEST BENGAL,Y,Y,N,,
,721315,Jhargram,WEST BENGAL,N,N,N,,
,741137,Bethudahari,WEST BENGAL,Y,Y,N,,
,721502,Binpur,WEST BENGAL,Y,Y,N,,
,743412,Basirhat,WEST BENGAL,Y,Y,Y,,
,843031,Muzaffarpur,BIHAR,Y,Y,Y,,
,848113,Dholi,BIHAR,Y,Y,N,,
,700116,Barrackpore,WEST BENGAL,Y,Y,Y,,
,736122,Alipurduar,WEST BENGAL,Y,Y,N,,
,752104,Pipili,Odisha,N,N,N,,
,712247,Dankuni,WEST BENGAL,Y,Y,Y,,
,741101,Krishnanagar,WEST BENGAL,Y,Y,Y,,
,854302,Purnia,BIHAR,Y,Y,Y,,
,743004,SILIGURI,WEST BENGAL,Y,Y,N,,
,767071,Balangir,Odisha,Y,Y,Y,,
,847424,MADHUBANI,BIHAR,N,N,N,,
,803216,BiharSharif,BIHAR,Y,Y,Y,,
,734503,Jhalong,WEST BENGAL,Y,Y,N,,
,831035,Jamshedpur,JHARKHAND,Y,Y,Y,,
,815352,JAMTARA,JHARKHAND,Y,Y,Y,,
,711324,HOWRAH,WEST BENGAL,Y,Y,N,,
,713338,Asansol,WEST BENGAL,Y,Y,N,,
,754248,Kendrapara,Odisha,Y,Y,Y,,
,814120,Jarmundi,JHARKHAND,Y,Y,Y,,
,756028,BASTA,Odisha,N,N,N,,
,743329,Canning,WEST BENGAL,Y,Y,Y,,
,754016,Bhubaneswar,Odisha,Y,Y,N,,
,824121,Aurangabad BH,BIHAR,Y,Y,Y,,
,854207,Purnia,BIHAR,Y,Y,Y,,
,757003,BARIPADA,Odisha,Y,Y,Y,,
,721655,Bhagabanpur,WEST BENGAL,Y,Y,Y,,
,834013,Ranchi,JHARKHAND,Y,Y,Y,,
,842006,Kanti,BIHAR,Y,Y,Y,,
,802231,Arrah,BIHAR,Y,Y,Y,,
,803115,BiharSharif,BIHAR,Y,Y,Y,,
,700086,Kolkata,WEST BENGAL,Y,Y,Y,,
,741254,Ranaghat,WEST BENGAL,Y,Y,Y,,
,843801,Muzaffarpur,BIHAR,Y,Y,Y,,
,845495,Samastipur,BIHAR,Y,Y,Y,,
,736123,Alipurduar,WEST BENGAL,Y,Y,Y,,
,833101,SARAIKELAKHARSWAN,JHARKHAND,Y,Y,Y,,
,841232,Siwan,BIHAR,N,N,N,,
,700079,Kolkata,WEST BENGAL,Y,Y,Y,,
,800005,Patna,BIHAR,Y,Y,Y,,
,759143,Angul,Odisha,Y,Y,N,,
,826001,Dhanbad,JHARKHAND,Y,Y,Y,,
,854326,Purnia,BIHAR,Y,Y,Y,,
,713407,MANTESWAR,WEST BENGAL,Y,Y,N,,
,854328,FORBESGANJ,BIHAR,Y,Y,N,,
,721462,Digha,WEST BENGAL,Y,Y,Y,,
,756058,Sajanagarh,Odisha,Y,Y,Y,,
,712235,Hooghly,WEST BENGAL,Y,Y,Y,,
,842001,Muzaffarpur,BIHAR,Y,Y,Y,,
,742409,DURGAPUR,WEST BENGAL,Y,Y,Y,,
,761117,Buguda,Odisha,Y,Y,N,,
,741203,Nadia,WEST BENGAL,N,N,N,,
,831007,Jamshedpur,JHARKHAND,Y,Y,Y,,
,756072,Balasore,Odisha,Y,Y,Y,,
,764006,Jeypore,Odisha,Y,Y,Y,,
,757029,BETNOTI,Odisha,Y,Y,N,,
,801505,Patna,BIHAR,Y,Y,Y,,
,713215,DURGAPUR,WEST BENGAL,Y,Y,Y,,
,732143,Malda,WEST BENGAL,Y,Y,Y,,
,700157,Kolkata,WEST BENGAL,Y,Y,Y,,
,845455,Narkatiaganj,BIHAR,Y,Y,N,,
,712703,Dankuni,WEST BENGAL,Y,Y,Y,,
,712401,Pursurah,WEST BENGAL,Y,Y,N,,
,743128,KALYANI,WEST BENGAL,Y,Y,Y,,
,757091,Jashipur,Odisha,N,N,N,,
,713409,GUPTIPARA,WEST BENGAL,Y,Y,Y,,
,713203,DURGAPUR,WEST BENGAL,Y,Y,Y,,
,843104,Dholi,BIHAR,Y,Y,N,,
,844509,Mahnar,BIHAR,N,N,N,,
,754026,Cuttack,Odisha,N,N,N,,
,742124,Murshidabad,WEST BENGAL,Y,Y,Y,,
,700014,Kolkata,WEST BENGAL,Y,Y,Y,,
,734011,SILIGURI,WEST BENGAL,Y,Y,Y,,
,845524,Darbhanga,BIHAR,Y,Y,Y,,
,827301,PETARBAR,JHARKHAND,Y,Y,Y,,
,802116,Buxar,BIHAR,Y,Y,Y,,
,824220,Sherghati,BIHAR,Y,Y,Y,,
,757017,BETNOTI,Odisha,Y,Y,N,,
,743510,Rajarhat,WEST BENGAL,Y,Y,N,,
,760006,Berhampur,Odisha,Y,Y,Y,,
,712403,Haripal,WEST BENGAL,Y,Y,N,,
,713404,Hooghly,WEST BENGAL,Y,Y,N,,
,700058,Kolkata,WEST BENGAL,Y,Y,Y,,
,848226,DUMRAON,BIHAR,Y,Y,N,,
,743393,Kakdwip,WEST BENGAL,N,N,N,,
,712122,Arambagh,WEST BENGAL,Y,Y,N,,
,800011,Patna,BIHAR,Y,Y,Y,,
,804404,Gaya,BIHAR,Y,Y,Y,,
,734311,Kalimpong,WEST BENGAL,Y,Y,N,,
,741502,Hanskhali,WEST BENGAL,Y,Y,Y,,
,743435,Hasnabad,WEST BENGAL,Y,Y,N,,
,744102,Port Blair,ANDAMAN AND NICOBAR,Y,Y,N,,
,768002,Sambalpur,Odisha,Y,Y,Y,,
,829208,KHALARI,JHARKHAND,Y,Y,Y,,
,825101,GOLA JH,JHARKHAND,Y,Y,N,,
,731101,Suri,WEST BENGAL,Y,Y,Y,,
,855121,KISHANGANJ,WEST BENGAL,Y,Y,N,,
,754119,Jagatsinghpur,Odisha,N,N,N,,
,221605,FORBESGANJ,BIHAR,N,N,N,,
,736202,Barobisha,WEST BENGAL,Y,Y,Y,,
,811201,Munger,BIHAR,Y,Y,Y,,
,802302,Arrah,BIHAR,Y,Y,N,,
,826014,Dhanbad,JHARKHAND,Y,Y,Y,,
,737111,Geyzing,SIKKIM,Y,Y,Y,,
,722121,KHATRA,WEST BENGAL,Y,Y,Y,,
,713209,DURGAPUR,WEST BENGAL,Y,Y,Y,,
,742179,LALGOLA,WEST BENGAL,N,N,N,,
,852131,SUPAUL,BIHAR,Y,Y,Y,,
,713519,PARULIA WB,WEST BENGAL,Y,Y,Y,,
,713165,Bhatar,WEST BENGAL,Y,Y,Y,,
,770031,ROURKELA,Odisha,N,N,N,,
,680541,THRISSUR,KERALA,Y,Y,Y,,
,686036,Kottayam,KERALA,N,N,N,,
,581354,Murdeshwar,KARNATAKA,Y,Y,Y,,
,695023,Trivandrum,KERALA,Y,Y,Y,,
,695508,PARASSALA,KERALA,Y,Y,Y,,
,678591,PALAKKAD,KERALA,Y,Y,Y,,
,586102,Bijapur,KARNATAKA,Y,Y,N,,
,620006,Trichy,TAMIL NADU,Y,Y,Y,,
,630210,THIRUPPATHUR,TAMIL NADU,Y,Y,Y,,
,673529,KOZHIKODE,KERALA,Y,Y,N,,
,576216,Kundapura,KARNATAKA,Y,Y,N,,
,580116,Dharwad,KARNATAKA,Y,Y,N,,
,627123,TIRUNELVELI,TAMIL NADU,Y,Y,N,,
,577521,JAGLUR,KARNATAKA,Y,Y,N,,
,686651,PALA,KERALA,Y,Y,N,,
,691331,Punalur,KERALA,Y,Y,N,,
,625009,Madurai,TAMIL NADU,Y,Y,Y,,
,585101,Kalaburagi,KARNATAKA,Y,Y,Y,,
,689125,Allapey,KERALA,Y,Y,N,,
,641108,Coimbatore,TAMIL NADU,Y,Y,N,,
,582214,Gadag,KARNATAKA,Y,Y,Y,,
,686630,Kottayam,KERALA,Y,Y,Y,,
,686573,PALA,KERALA,Y,Y,N,,
,629180,MARTHANDAM,TAMIL NADU,Y,Y,N,,
,573125,JAVAGAL,KARNATAKA,Y,Y,N,,
,678592,PALAKKAD,KERALA,Y,Y,N,,
,673000,Ulliyeri,KERALA,Y,Y,N,,
,591513,Gokak,KARNATAKA,Y,Y,Y,,
,673111,Vadakara,KERALA,N,N,N,,
,621730,Cuddalore,TAMIL NADU,Y,Y,N,,
,627426,Tenkasi,TAMIL NADU,Y,Y,Y,,
,580118,Dharwad,KARNATAKA,N,N,N,,
,627653,Thisayanvilai,TAMIL NADU,Y,Y,N,,
,642019,Kinathukadavu,TAMIL NADU,Y,Y,Y,,
,581145,Ranebennur,KARNATAKA,N,N,N,,
,628227,TIRUNELVELI,TAMIL NADU,Y,Y,N,,
,686010,Kottayam,KERALA,N,N,Y,,
,626139,Rajapalayam,TAMIL NADU,Y,Y,N,,
,635001,Krishnagiri,TAMIL NADU,Y,Y,Y,,
,571499,Chamarajanagar,KARNATAKA,Y,Y,Y,,
,678018,PALAKKAD,KERALA,Y,Y,Y,,
,627767,TIRUNELVELI,TAMIL NADU,Y,Y,N,,
,581421,Murdeshwar,KARNATAKA,Y,Y,N,,
,688557,Allapey,KERALA,Y,Y,N,,
,686011,Kottayam,KERALA,N,N,N,,
,627602,Tenkasi,TAMIL NADU,Y,Y,Y,,
,673611,Kakkodi,KERALA,N,N,N,,
,613701,Tiruvarur,TAMIL NADU,Y,Y,Y,,
,636142,Namakkal,TAMIL NADU,Y,Y,N,,
,671349,Kannur,KERALA,Y,Y,N,,
,629192,MARTHANDAM,TAMIL NADU,Y,Y,N,,
,610101,Tiruvarur,TAMIL NADU,N,N,N,,
,670503,Kannur,KERALA,Y,Y,N,,
,686574,PALA,KERALA,Y,Y,N,,
,584131,Kushtagi,KARNATAKA,Y,Y,N,,
,577181,KALASA,KARNATAKA,Y,Y,N,,
,678011,PALAKKAD,KERALA,Y,Y,Y,,
,591241,Nipani,KARNATAKA,Y,Y,N,,
,571247,MADIKERI,KARNATAKA,N,N,N,,
,673640,Kondotty,KERALA,N,N,N,,
,679307,OTTAPALAM,KERALA,N,N,Y,,
,572141,Pavagada,KARNATAKA,N,N,N,,
,628008,Tuticorin,TAMIL NADU,Y,Y,Y,,
,574119,Padubidri,KARNATAKA,Y,Y,N,,
,609404,Thanjavur,TAMIL NADU,N,N,N,,
,673005,ELATHUR,KERALA,Y,Y,Y,,
,624502,Gopichettipalyam,TAMIL NADU,Y,Y,N,,
,614303,PAPANASAM,TAMIL NADU,Y,Y,Y,,
,560015,BANGALORE,KARNATAKA,Y,Y,Y,,
,572105,Tumkur,KARNATAKA,Y,Y,Y,,
,670661,Kannur,KERALA,Y,Y,Y,,
,635136,Dharmapuri,TAMIL NADU,Y,Y,N,,
,625525,CUMBAM,TAMIL NADU,Y,Y,Y,,
,582205,Gadag,KARNATAKA,Y,Y,Y,,
,585278,Kalaburagi,KARNATAKA,Y,Y,N,,
,591505,CHIKODI,KARNATAKA,Y,Y,N,,
,642007,Pollachi,TAMIL NADU,Y,Y,Y,,
,637409,Salem,TAMIL NADU,Y,Y,Y,,
,636121,Thalaivasal,TAMIL NADU,Y,Y,Y,,
,587137,MUDHOL,KARNATAKA,Y,Y,N,,
,575016,Mangalore,KARNATAKA,Y,Y,Y,,
,575014,SURATHKAL,KARNATAKA,Y,Y,Y,,
,628220,TIRUNELVELI,TAMIL NADU,Y,Y,N,,
,641042,Coimbatore,TAMIL NADU,Y,Y,Y,,
,625107,Madurai,TAMIL NADU,Y,Y,Y,,
,581152,Haveri,KARNATAKA,Y,Y,N,,
,685597,Thodupuzha,KERALA,N,N,N,,
,670105,Kannur,KERALA,Y,Y,Y,,
,636807,Dharmapuri,TAMIL NADU,Y,Y,N,,
,678501,PALAKKAD,KERALA,N,N,N,,
,586203,Bijapur,KARNATAKA,Y,Y,N,,
,686592,PALA,KERALA,Y,Y,N,,
,676111,Tirur,KERALA,Y,Y,N,,
,577554,Hosadurga,KARNATAKA,N,N,N,,
,625527,Usilampatti,TAMIL NADU,Y,Y,N,,
,571438,Srirangapatna,KARNATAKA,Y,Y,N,,
,620026,Trichy,TAMIL NADU,Y,Y,N,,
,561219,Kolar,KARNATAKA,Y,Y,N,,
,641034,Coimbatore,TAMIL NADU,Y,Y,N,,
,636003,AYOTHIYAPATINAM,TAMIL NADU,Y,Y,Y,,
,585285,Kalaburagi,KARNATAKA,Y,Y,N,,
,627418,Tenkasi,TAMIL NADU,Y,Y,Y,,
,689692,Pathanamthitta,KERALA,N,N,N,,
,628229,Thiruchendur,TAMIL NADU,Y,Y,Y,,
,612602,Kumbakonam,TAMIL NADU,Y,Y,Y,,
,627425,Tenkasi,TAMIL NADU,Y,Y,Y,,
,638110,Erode,TAMIL NADU,Y,Y,N,,
,635123,ORATHANADU,TAMIL NADU,N,N,N,,
,614205,Thanjavur,TAMIL NADU,Y,Y,Y,,
,620024,Trichy,TAMIL NADU,Y,Y,N,,
,695044,Kallayam,KERALA,Y,Y,N,,
,605758,THIRUKOVILUR,TAMIL NADU,N,N,N,,
,679106,OTTAPALAM,KERALA,Y,Y,N,,
,625515,CUMBAM,TAMIL NADU,Y,Y,N,,
,691006,Kollam,KERALA,Y,Y,Y,,
,682308,Kolenchery,KERALA,N,N,N,,
,577003,DAVANGERE,KARNATAKA,Y,Y,N,,
,574112,Padubidri,KARNATAKA,Y,Y,N,,
,630006,KARAIKUDI,TAMIL NADU,Y,Y,N,,
,586206,Afzalpura,KARNATAKA,Y,Y,Y,,
,688009,Allapey,KERALA,Y,Y,Y,,
,613705,Thanjavur,TAMIL NADU,N,N,N,,
,560022,BANGALORE,KARNATAKA,Y,Y,Y,,
,577216,SHIVAMOGGA,KARNATAKA,Y,Y,N,,
,612102,Kumbakonam,TAMIL NADU,Y,Y,N,,
,620002,Trichy,TAMIL NADU,Y,Y,Y,,
,577424,Thirthahalli,KARNATAKA,Y,Y,N,,
,629701,KANYAKUMARI,TAMIL NADU,Y,Y,N,,
,678532,PALAKKAD,KERALA,Y,Y,N,,
,585325,Kalaburagi,KARNATAKA,Y,Y,Y,,
,577136,Basarikatte,KARNATAKA,N,N,N,,
,575000,Mangalore,KARNATAKA,Y,Y,N,,
,624401,NATHAM,TAMIL NADU,Y,Y,N,,
,628001,Tuticorin,TAMIL NADU,Y,Y,Y,,
,609403,Thanjavur,TAMIL NADU,N,N,N,,
,627812,Tenkasi,TAMIL NADU,Y,Y,N,,
,676504,VENGARA,KERALA,Y,Y,Y,,
,686694,Thodupuzha,KERALA,N,N,N,,
,623711,MUTHUKULATHUR,TAMIL NADU,N,N,N,,
,581205,Haveri,KARNATAKA,Y,Y,Y,,
,621207,KULITHALAI,TAMIL NADU,Y,Y,N,,
,629601,KANYAKUMARI,TAMIL NADU,Y,Y,N,,
,562160,CHANNAPATNA,KARNATAKA,N,N,N,,
,580007,Dharwad,KARNATAKA,Y,Y,Y,,
,628215,Thiruchendur,TAMIL NADU,Y,Y,N,,
,670007,Valiyannur,KERALA,Y,Y,N,,
,678004,PALAKKAD,KERALA,Y,Y,Y,,
,625547,Theni,TAMIL NADU,Y,Y,Y,,
,591331,Belgaum,KARNATAKA,Y,Y,Y,,
,621113,Perambalur,TAMIL NADU,Y,Y,Y,,
,571145,Chamarajanagar,KARNATAKA,Y,Y,Y,,
,691507,KOTTARAKKARA,KERALA,Y,Y,N,,
,670013,Kannur,KERALA,Y,Y,Y,,
,609608,Thanjavur,TAMIL NADU,N,N,N,,
,614808,Trichy,TAMIL NADU,N,N,N,,
,587328,MUDHOL,KARNATAKA,Y,Y,N,,
,573133,Arakalgud,KARNATAKA,Y,Y,N,,
,682033,Cochin,KERALA,N,N,N,,
,635852,Natrampalli,TAMIL NADU,Y,Y,N,,
,642145,Pollachi,TAMIL NADU,Y,Y,N,,
,643004,Ooty,TAMIL NADU,Y,Y,Y,,
,638107,Erode,TAMIL NADU,Y,Y,Y,,
,626556,CUMBAM,TAMIL NADU,Y,Y,N,,
,641041,Coimbatore,TAMIL NADU,Y,Y,Y,,
,577126,KOPPA,KARNATAKA,Y,Y,Y,,
,673126,KALPETTA,KERALA,N,N,N,,
,621706,Lalgudi,TAMIL NADU,Y,Y,N,,
,560037,BANGALORE,KARNATAKA,Y,Y,Y,,
,635212,Gopichettipalyam,TAMIL NADU,Y,Y,N,,
,581359,KUMTA,KARNATAKA,Y,Y,N,,
,623534,Ramanathapuram,TAMIL NADU,Y,Y,Y,,
,627774,TIRUNELVELI,TAMIL NADU,Y,Y,N,,
,192234,Anantnag,JAMMU AND KASHMIR,N,N,N,,
,581356,HALIYAL,KARNATAKA,Y,Y,N,,
,624802,Dindigul,TAMIL NADU,Y,Y,Y,,
,560011,BANGALORE,KARNATAKA,Y,Y,Y,,
,686029,Kottayam,KERALA,Y,Y,N,,
,627759,Tenkasi,TAMIL NADU,Y,Y,Y,,
,678733,PALAKKAD,KERALA,Y,Y,Y,,
,680121,Irinjalakuda,KERALA,N,N,N,,
,683511,Cochin,KERALA,Y,Y,N,,
,686508,Edakunnam,KERALA,Y,Y,N,,
,627011,TIRUNELVELI,TAMIL NADU,Y,Y,Y,,
,581103,HALIYAL,KARNATAKA,N,N,N,,
,685602,Kattapana,KERALA,N,N,N,,
,626059,Virudhunagar,TAMIL NADU,Y,Y,N,,
,635205,Dharmapuri,TAMIL NADU,Y,Y,Y,,
,630201,THIRUPPATHUR,TAMIL NADU,Y,Y,N,,
,560081,BANGALORE,KARNATAKA,Y,Y,Y,,
,581320,Bhatkal,KARNATAKA,Y,Y,Y,,
,572227,TURVEKERE,KARNATAKA,Y,Y,N,,
,585337,Kalaburagi,KARNATAKA,Y,Y,N,,
,614630,Trichy,TAMIL NADU,N,N,N,,
,571110,TNARASIPUR,KARNATAKA,Y,Y,N,,
,676104,Tirur,KERALA,Y,Y,N,,
,613104,Thanjavur,TAMIL NADU,N,N,N,,
,614711,Trichy,TAMIL NADU,N,N,Y,,
,623703,MUTHUKULATHUR,TAMIL NADU,N,N,N,,
,621306,MANAPPARAI,TAMIL NADU,Y,Y,N,,
,686583,Pallikkathodu,KERALA,Y,Y,N,,
,686543,Kottayam,KERALA,Y,Y,N,,
,689662,Pathanamthitta,KERALA,N,N,N,,
,577202,SHIVAMOGGA,KARNATAKA,Y,Y,Y,,
,606101,Cuddalore,TAMIL NADU,Y,Y,N,,
,571124,TNARASIPUR,KARNATAKA,Y,Y,N,,
,585349,Basavakalyan,KARNATAKA,N,N,N,,
,581332,KUMTA,KARNATAKA,Y,Y,N,,
,612402,Kumbakonam,TAMIL NADU,Y,Y,Y,,
,585430,BHALKI,KARNATAKA,Y,Y,N,,
,605803,THIRUKOVILUR,TAMIL NADU,N,N,N,,
,571154,Srirangapatna,KARNATAKA,Y,Y,N,,
,624006,Dindigul,TAMIL NADU,N,N,N,,
,612002,Kumbakonam,TAMIL NADU,Y,Y,Y,,
,575029,Mangalore,KARNATAKA,N,N,N,,
,571117,Chamarajanagar,KARNATAKA,Y,Y,Y,,
,591242,Belguam,KARNATAKA,N,N,N,,
,673633,Calicut,KERALA,Y,Y,Y,,
,606301,Thalaivasal,TAMIL NADU,Y,Y,N,,
,629902,Nagercoil,TAMIL NADU,Y,Y,N,,
,591231,Gokak,KARNATAKA,N,N,N,,
,576218,Mangalore,KARNATAKA,Y,Y,N,,
,580215,Hubli,KARNATAKA,Y,Y,N,,
,630305,Devakottai,TAMIL NADU,Y,Y,Y,,
,638319,Gopichettipalyam,TAMIL NADU,Y,Y,Y,,
,584165,Sindhanur,KARNATAKA,Y,Y,N,,
,585273,Shahapur,KARNATAKA,N,N,N,,
,581301,Kampli,KARNATAKA,N,N,N,,
,621110,Thalaivasal,TAMIL NADU,Y,Y,Y,,
,680513,Manalur,KERALA,Y,Y,N,,
,624302,Dindigul,TAMIL NADU,Y,Y,Y,,
,609314,Thanjavur,TAMIL NADU,N,N,N,,
,673504,NADAPURAM,KERALA,Y,Y,Y,,
,625102,MELUR,TAMIL NADU,N,N,N,,
,637020,Salem,TAMIL NADU,Y,Y,Y,,
,683106,Cochin,KERALA,Y,Y,Y,,
,680017,TRICHUR,KERALA,Y,Y,Y,,
,574238,Kadaba,KARNATAKA,Y,Y,N,,
,680007,TRICHUR,KERALA,Y,Y,Y,,
,636705,Dharmapuri,TAMIL NADU,Y,Y,Y,,
,678594,PALAKKAD,KERALA,Y,Y,N,,
,626537,Usilampatti,TAMIL NADU,Y,Y,N,,
,585213,Afzalpura,KARNATAKA,Y,Y,Y,,
,625091,Usilampatti,TAMIL NADU,N,N,N,,
,591302,Belguam,KARNATAKA,Y,Y,Y,,
,642006,Pollachi,TAMIL NADU,Y,Y,Y,,
,560102,BANGALORE,KARNATAKA,Y,Y,Y,,
,583101,Bellary,KARNATAKA,Y,Y,N,,
,590008,Belgaum,KARNATAKA,Y,Y,Y,,
,625702,Usilampatti,TAMIL NADU,N,N,N,,
,611108,Thanjavur,TAMIL NADU,Y,Y,N,,
,627358,TIRUNELVELI,TAMIL NADU,Y,Y,Y,,
,642131,Pollachi,TAMIL NADU,Y,Y,N,,
,638406,Gopichettipalyam,TAMIL NADU,Y,Y,Y,,
,620019,Trichy,TAMIL NADU,Y,Y,Y,,
,636406,METTUR,TAMIL NADU,Y,Y,N,,
,629501,KANYAKUMARI,TAMIL NADU,Y,Y,Y,,
,623801,Ramanathapuram,TAMIL NADU,Y,Y,N,,
,685587,Thodupuzha,KERALA,Y,Y,Y,,
,679556,EDAPPAL,KERALA,Y,Y,N,,
,571212,MADIKERI,KARNATAKA,N,N,N,,
,637017,Salem,TAMIL NADU,Y,Y,N,,
,577514,DAVANGERE,KARNATAKA,Y,Y,Y,,
,680695,Triprayar,KERALA,Y,Y,N,,
,628652,TIRUNELVELI,TAMIL NADU,Y,Y,N,,
,591308,Gokak,KARNATAKA,Y,Y,N,,
,623205,KARAIKUDI,TAMIL NADU,Y,Y,N,,
,678502,PALAKKAD,KERALA,N,N,N,,
,627154,TIRUNELVELI,TAMIL NADU,Y,Y,N,,
,639106,Karur,TAMIL NADU,N,N,N,,
,577512,DAVANGERE,KARNATAKA,N,N,N,,
,689653,Pathanamthitta,KERALA,Y,Y,Y,,
,636118,Namakkal,TAMIL NADU,Y,Y,Y,,
,582201,ANNIGERE,KARNATAKA,Y,Y,Y,,
,678016,PALAKKAD,KERALA,Y,Y,Y,,
,627515,VALLIYOOR,TAMIL NADU,Y,Y,N,,
,691003,NEENDAKARA,KERALA,Y,Y,Y,,
,613009,Thanjavur,TAMIL NADU,Y,Y,Y,,
,624616,Dindigul,TAMIL NADU,Y,Y,Y,,
,570005,Mysore,KARNATAKA,Y,Y,Y,,
,691624,KOTTARAKKARA,KERALA,Y,Y,N,,
,680010,TRICHUR,KERALA,Y,Y,Y,,
,695509,Vizhinjam,KERALA,N,N,N,,
,690547,Karunagappally,KERALA,N,N,N,,
,691013,Kollam,KERALA,Y,Y,Y,,
,641654,Tiruppur,TAMIL NADU,N,N,Y,,
,577579,DAVANGERE,KARNATAKA,Y,Y,N,,
,581411,Mundgod,KARNATAKA,Y,Y,N,,
,614701,ADIRAMAPATTINAM,TAMIL NADU,Y,Y,Y,,
,627906,TIRUNELVELI,TAMIL NADU,Y,Y,N,,
,580031,Hubli,KARNATAKA,Y,Y,N,,
,581175,Dharwad,KARNATAKA,Y,Y,N,,
,689661,Pathanamthitta,KERALA,N,N,N,,
,695038,Trivandrum,KERALA,Y,Y,Y,,
,609504,Tiruvarur,TAMIL NADU,N,N,N,,
,560057,BANGALORE,KARNATAKA,Y,Y,Y,,
,620023,Trichy,TAMIL NADU,Y,Y,Y,,
,679322,Malappuram,KERALA,Y,Y,Y,,
,621204,Trichy,TAMIL NADU,N,N,N,,
,673601,MUKKAM,KERALA,Y,Y,N,,
,686571,PALA,KERALA,Y,Y,N,,
,571132,MADIKERI,KARNATAKA,Y,Y,Y,,
,577302,SHIVAMOGGA,KARNATAKA,Y,Y,N,,
,613006,Thanjavur,TAMIL NADU,Y,Y,N,,
,680520,Guruvayur,KERALA,Y,Y,N,,
,679339,NILAMBUR,KERALA,N,N,N,,
,643220,PANDALUR,TAMIL NADU,N,N,N,,
,671123,Kasargode,KERALA,Y,Y,Y,,
,625014,Madurai,TAMIL NADU,Y,Y,Y,,
,626126,Rajapalayam,TAMIL NADU,Y,Y,Y,,
,571152,Malavalli,KARNATAKA,Y,Y,N,,
,560112,TAVAREKERE,KARNATAKA,N,N,N,,
,679502,OTTAPALAM,KERALA,Y,Y,N,,
,576247,Kundapura,KARNATAKA,Y,Y,N,,
,695616,Trivandrum,KERALA,N,N,N,,
,695145,Edava,KERALA,Y,Y,Y,,
,628307,TIRUNELVELI,TAMIL NADU,Y,Y,N,,
,691584,Sasthamkotta,KERALA,Y,Y,N,,
,670646,MANANTHAVADY,KERALA,Y,Y,N,,
,585317,SEDAM,KARNATAKA,Y,Y,N,,
,587204,Bagalkot,KARNATAKA,N,N,N,,
,583226,MUNDARGI,KARNATAKA,Y,Y,N,,
,676528,VENGARA,KERALA,Y,Y,Y,,
,695317,Chirayinkeezhu,KERALA,Y,Y,Y,,
,572132,Madhugiri,KARNATAKA,Y,Y,Y,,
,583116,Kurugodu,KARNATAKA,Y,Y,N,,
,614013,Tiruvarur,TAMIL NADU,Y,Y,N,,
,627435,Tenkasi,TAMIL NADU,Y,Y,Y,,
,575023,Bantwal,KARNATAKA,N,N,N,,
,642055,Pollachi,TAMIL NADU,Y,Y,N,,
,641305,ANNUR,TAMIL NADU,Y,Y,N,,
,574212,Mangalore,KARNATAKA,Y,Y,N,,
,636006,Salem,TAMIL NADU,Y,Y,Y,,
,624211,Ayyampalyam,TAMIL NADU,Y,Y,Y,,
,670676,Kannur,KERALA,Y,Y,Y,,
,577217,Honnalli,KARNATAKA,N,N,N,,
,678506,PALAKKAD,KERALA,N,N,N,,
,571155,Chamarajanagar,KARNATAKA,Y,Y,Y,,
,627151,VALLIYOOR,TAMIL NADU,N,N,N,,
,622515,Coimbatore,TAMIL NADU,N,N,N,,
,627909,TIRUNELVELI,TAMIL NADU,Y,Y,N,,
,610201,Trichy,TAMIL NADU,Y,Y,Y,,
,591146,Belgaum,KARNATAKA,Y,Y,Y,,
,670303,Kannur,KERALA,Y,Y,Y,,
,583115,Kudathini,KARNATAKA,N,N,N,,
,689711,Pathanamthitta,KERALA,N,N,N,,
,625000,Madurai,TAMIL NADU,Y,Y,N,,
,582103,Gadag,KARNATAKA,Y,Y,Y,,
,628308,SIVAKASI,TAMIL NADU,Y,Y,N,,
,584144,Manvi,KARNATAKA,N,N,N,,
,695009,Trivandrum,KERALA,Y,Y,Y,,
,629401,KANYAKUMARI,TAMIL NADU,Y,Y,Y,,
,613205,Thanjavur,TAMIL NADU,N,N,Y,,
,673638,Kondotty,KERALA,N,N,N,,
,642135,Pollachi,TAMIL NADU,Y,Y,N,,
,625106,MELUR,TAMIL NADU,N,N,N,,
,641013,Coimbatore,TAMIL NADU,Y,Y,Y,,
,577113,Mudigere,KARNATAKA,N,N,N,,
,582131,Gadag,KARNATAKA,Y,Y,Y,,
,612501,Kumbakonam,TAMIL NADU,Y,Y,Y,,
,624010,Dindigul,TAMIL NADU,N,N,N,,
,623721,Ramanathapuram,TAMIL NADU,Y,Y,N,,
,635112,Krishnagiri,TAMIL NADU,Y,Y,N,,
,626701,Virudhunagar,TAMIL NADU,Y,Y,N,,
,621710,JEYAMKONDAM,TAMIL NADU,N,N,N,,
,621010,THURAIYUR,TAMIL NADU,Y,Y,Y,,
,671319,Kasargode,KERALA,N,N,N,,
,580011,Dharwad,KARNATAKA,Y,Y,Y,,
,624235,Dindigul,TAMIL NADU,N,N,N,,
,577228,Tarikere,KARNATAKA,Y,Y,N,,
,571418,BG Nagar,KARNATAKA,N,N,N,,
,628204,Thiruchendur,TAMIL NADU,Y,Y,N,,
,641664,Tiruppur,TAMIL NADU,N,N,Y,,
,582119,RON,KARNATAKA,Y,Y,N,,
,695108,Trivandrum,KERALA,Y,Y,Y,,
,581211,Ranebennur,KARNATAKA,N,N,N,,
,686722,Thodupuzha,KERALA,N,N,N,,
,678598,PALAKKAD,KERALA,Y,Y,Y,,
,577112,Basarikatte,KARNATAKA,N,N,N,,
,621118,THURAIYUR,TAMIL NADU,Y,Y,Y,,
,627001,TIRUNELVELI,TAMIL NADU,Y,Y,Y,,
,571606,Mysore,KARNATAKA,Y,Y,N,,
,626112,Virudhunagar,TAMIL NADU,Y,Y,N,,
,638401,Sathyamangalam,TAMIL NADU,Y,Y,N,,
,571218,MURNAD,KARNATAKA,Y,Y,N,,
,673603,KODANCHERY,KERALA,Y,Y,Y,,
,690505,CHARUMOOD,KERALA,N,N,N,,
,635203,ORATHANADU,TAMIL NADU,N,N,N,,
,637109,Dharmapuri,TAMIL NADU,Y,Y,N,,
,638324,Anthiyur,TAMIL NADU,Y,Y,N,,
,680651,THRISSUR,KERALA,Y,Y,N,,
,695032,Trivandrum,KERALA,Y,Y,Y,,
,680611,TRICHUR,KERALA,Y,Y,N,,
,695602,Trivandrum,KERALA,Y,Y,Y,,
,624232,Dindigul,TAMIL NADU,N,N,N,,
,695585,Trivandrum,KERALA,Y,Y,Y,,
,583234,Hospet,KARNATAKA,Y,Y,Y,,
,635709,Dharmapuri,TAMIL NADU,Y,Y,N,,
,628630,TIRUNELVELI,TAMIL NADU,Y,Y,N,,
,577223,Honnalli,KARNATAKA,N,N,N,,
,626122,Rajapalayam,TAMIL NADU,Y,Y,N,,
,563157,Kolar,KARNATAKA,Y,Y,N,,
,624716,Vedasanthur,TAMIL NADU,N,N,N,,
,625016,Madurai,TAMIL NADU,Y,Y,Y,,
,681315,Wadakkanchery,KERALA,N,N,N,,
,676302,Tirur,KERALA,Y,Y,Y,,
,636501,Omalur,TAMIL NADU,N,N,N,,
,623120,MUTHUKULATHUR,TAMIL NADU,N,N,N,,
,670110,Kannur,KERALA,Y,Y,N,,
,638404,Sathyamangalam,TAMIL NADU,Y,Y,N,,
,624315,Dindigul,TAMIL NADU,N,N,N,,
,560004,BANGALORE,KARNATAKA,Y,Y,Y,,
,625528,Theni,TAMIL NADU,Y,Y,N,,
,688016,Allapey,KERALA,Y,Y,N,,
,680617,Manalur,KERALA,Y,Y,Y,,
,626146,Virudhunagar,TAMIL NADU,Y,Y,N,,
,680306,THRISSUR,KERALA,Y,Y,Y,,
,623527,Ramanathapuram,TAMIL NADU,Y,Y,Y,,
,639007,Karur,TAMIL NADU,Y,Y,Y,,
,683520,Cochin,KERALA,Y,Y,N,,
,571107,Mysore,KARNATAKA,Y,Y,Y,,
,591279,CHIKODI,KARNATAKA,Y,Y,N,,
,680612,Manalur,KERALA,Y,Y,Y,,
,676108,PUTHANATHANI,KERALA,Y,Y,Y,,
,577422,Thirthahalli,KARNATAKA,Y,Y,Y,,
,678721,PALAKKAD,KERALA,Y,Y,Y,,
,629167,MARTHANDAM,TAMIL NADU,Y,Y,N,,
,643241,PANDALUR,TAMIL NADU,N,N,N,,
,571162,Mysore,KARNATAKA,Y,Y,N,,
,576224,BYNDOOR,KARNATAKA,Y,Y,N,,
,585418,Chitguppa,KARNATAKA,Y,Y,N,,
,639201,Karur,TAMIL NADU,Y,Y,N,,
,678632,PALAKKAD,KERALA,Y,Y,Y,,
,637101,Sankagiri,TAMIL NADU,Y,Y,N,,
,686005,Kottayam,KERALA,N,N,N,,
,641047,PERIYAPALAYAM,TAMIL NADU,Y,Y,N,,
,627815,Tenkasi,TAMIL NADU,Y,Y,N,,
,628101,Tuticorin,TAMIL NADU,N,N,N,,
,573145,Sakleshpur,KARNATAKA,Y,Y,N,,
,623530,Ramanathapuram,TAMIL NADU,N,N,N,,
,624312,Dindigul,TAMIL NADU,N,N,N,,
,625501,Madurai,TAMIL NADU,N,N,N,,
,682026,Cochin,KERALA,Y,Y,Y,,
,679577,EDAPPAL,KERALA,Y,Y,N,,
,629102,MARTHANDAM,TAMIL NADU,Y,Y,N,,
,642103,Pollachi,TAMIL NADU,Y,Y,Y,,
,691551,PANDALAM,KERALA,Y,Y,Y,,
,690575,THODIYOOR,KERALA,N,N,N,,
,571431,Mandya,KARNATAKA,N,N,N,,
,629406,KANYAKUMARI,TAMIL NADU,Y,Y,N,,
,629164,MARTHANDAM,TAMIL NADU,Y,Y,N,,
,625019,Madurai,TAMIL NADU,Y,Y,Y,,
,689122,Allapey,KERALA,Y,Y,N,,
,688562,Allapey,KERALA,N,N,N,,
,688013,Allapey,KERALA,Y,Y,Y,,
,585201,Yadgir,KARNATAKA,Y,Y,N,,
,576225,Mangalore,KARNATAKA,Y,Y,N,,
,642107,Pollachi,TAMIL NADU,Y,Y,Y,,
,673035,Ulliyeri,KERALA,Y,Y,N,,
,586209,Bagalkot,KARNATAKA,Y,Y,Y,,
,587324,MUDHOL,KARNATAKA,Y,Y,N,,
,586117,Bagalkot,KARNATAKA,N,N,N,,
,638328,METTUR,TAMIL NADU,Y,Y,N,,
,627434,TIRUNELVELI,TAMIL NADU,Y,Y,Y,,
,623718,Ramanathapuram,TAMIL NADU,Y,Y,N,,
,590005,Belgaum,KARNATAKA,Y,Y,Y,,
,691586,THODIYOOR,KERALA,N,N,N,,
,627101,VALLIYOOR,TAMIL NADU,Y,Y,N,,
,670319,Kannur,KERALA,Y,Y,N,,
,576107,Manipal,KARNATAKA,Y,Y,N,,
,678572,PALAKKAD,KERALA,Y,Y,Y,,
,626181,Virudhunagar,TAMIL NADU,Y,Y,N,,
,624221,Dindigul,TAMIL NADU,N,N,N,,
,680516,THRISSUR,KERALA,Y,Y,N,,
,629810,Nagercoil,TAMIL NADU,N,N,N,,
,560019,BANGALORE,KARNATAKA,Y,Y,Y,,
,621203,KULITHALAI,TAMIL NADU,Y,Y,N,,
,627753,Salem,TAMIL NADU,Y,Y,N,,
,577233,Bhadravathi,KARNATAKA,Y,Y,Y,,
,678008,PALAKKAD,KERALA,Y,Y,Y,,
,591290,Nipani,KARNATAKA,Y,Y,N,,
,628219,Thiruchendur,TAMIL NADU,Y,Y,Y,,
,642129,Pollachi,TAMIL NADU,Y,Y,N,,
,636204,Salem,TAMIL NADU,Y,Y,Y,,
,691334,PARAVUR,KERALA,Y,Y,N,,
,574116,Padubidri,KARNATAKA,Y,Y,N,,
,574146,SURATHKAL,KARNATAKA,Y,Y,Y,,
,676541,Manjery,KERALA,Y,Y,Y,,
,622002,Pudukkottai,TAMIL NADU,Y,Y,N,,
,573121,Hassan,KARNATAKA,N,N,N,,
,627008,TIRUNELVELI,TAMIL NADU,Y,Y,Y,,
,686026,Kottayam,KERALA,N,N,N,,
,670316,Kannur,KERALA,Y,Y,N,,
,621702,Lalgudi,TAMIL NADU,Y,Y,N,,
,641030,Coimbatore,TAMIL NADU,Y,Y,N,,
,689506,Allapey,KERALA,Y,Y,Y,,
,574239,Sullia,KARNATAKA,N,N,N,,
,637217,Sankagiri,TAMIL NADU,Y,Y,N,,
,624405,NATHAM,TAMIL NADU,Y,Y,N,,
,581334,HONNAVARA,KARNATAKA,N,N,N,,
,680104,Guruvayur,KERALA,Y,Y,N,,
,685620,Kattapana,KERALA,Y,Y,Y,,
,614714,Trichy,TAMIL NADU,N,N,N,,
,635140,Dharmapuri,TAMIL NADU,Y,Y,N,,
,690516,Mavelikera,KERALA,Y,Y,Y,,
,620020,Trichy,TAMIL NADU,Y,Y,Y,,
,581342,HONNAVARA,KARNATAKA,N,N,N,,
,614707,Trichy,TAMIL NADU,Y,Y,Y,,
,679310,OTTAPALAM,KERALA,N,N,N,,
,591802,SAUNDATTI,KARNATAKA,N,N,N,,
,621714,JEYAMKONDAM,TAMIL NADU,N,N,N,,
,676123,Manjery,KERALA,Y,Y,Y,,
,626056,Virudhunagar,TAMIL NADU,Y,Y,N,,
,680319,Ollur,KERALA,Y,Y,N,,
,637408,Namakkal,TAMIL NADU,Y,Y,Y,,
,676161,Manjery,KERALA,Y,Y,N,,
,571402,Mandya,KARNATAKA,Y,Y,N,,
,691002,Kollam,KERALA,Y,Y,Y,,
,572121,KORATAGERE,KARNATAKA,Y,Y,N,,
,575012,Mangalore,KARNATAKA,Y,Y,Y,,
,622507,Trichy,TAMIL NADU,N,N,N,,
,683578,Cochin,KERALA,Y,Y,Y,,
,627015,TIRUNELVELI,TAMIL NADU,Y,Y,Y,,
,628714,KOVILPATTI,TAMIL NADU,N,N,N,,
,571120,TNARASIPUR,KARNATAKA,Y,Y,N,,
,587111,Bagalkot,KARNATAKA,Y,Y,N,,
,625104,Madurai,TAMIL NADU,Y,Y,N,,
,614717,Tiruvarur,TAMIL NADU,Y,Y,N,,
,641037,Coimbatore,TAMIL NADU,Y,Y,Y,,
,581123,Harihar,KARNATAKA,N,N,N,,
,682030,Cochin,KERALA,N,N,N,,
,610001,Tiruvarur,TAMIL NADU,Y,Y,N,,
,620022,Trichy,TAMIL NADU,Y,Y,Y,,
,642132,Udumalpet,TAMIL NADU,Y,Y,Y,,
,571211,MURNAD,KARNATAKA,Y,Y,N,,
,571401,Mandya,KARNATAKA,Y,Y,Y,,
,636318,Tirupur,TAMIL NADU,N,N,Y,,
,572101,Tumkur,KARNATAKA,Y,Y,Y,,
,626521,CUMBAM,TAMIL NADU,Y,Y,N,,
,614027,Tiruvarur,TAMIL NADU,Y,Y,N,,
,560000,BANGALORE,KARNATAKA,Y,Y,Y,,
,471203,Chatarpur,MADHYA PRADESH,Y,Y,N,,
,585282,Kalaburagi,KARNATAKA,Y,Y,N,,
,642142,Pollachi,TAMIL NADU,Y,Y,N,,
,571407,Mandya,KARNATAKA,Y,Y,Y,,
,587203,Bagalkot,KARNATAKA,N,N,N,,
,587210,Badami,KARNATAKA,N,N,N,,
,670018,Valiyannur,KERALA,Y,Y,Y,,
,591168,NARGUND,KARNATAKA,Y,Y,N,,
,679103,OTTAPALAM,KERALA,Y,Y,Y,,
,686588,PALA,KERALA,Y,Y,N,,
,629166,MARTHANDAM,TAMIL NADU,Y,Y,N,,
,670648,Rajapalayam,TAMIL NADU,Y,Y,Y,,
,638506,Gopichettipalyam,TAMIL NADU,Y,Y,N,,
,639120,KULITHALAI,TAMIL NADU,N,N,N,,
,671315,Kasargode,KERALA,Y,Y,Y,,
,621102,Perambalur,TAMIL NADU,Y,Y,Y,,
,686562,Kottayam,KERALA,Y,Y,Y,,
,676506,Malappuram,KERALA,Y,Y,Y,,
,678014,PALAKKAD,KERALA,Y,Y,Y,,
,641658,Tirupur,TAMIL NADU,Y,Y,N,,
,695125,Neyyattinkara,KERALA,Y,Y,Y,,
,591182,Belgaum,KARNATAKA,Y,Y,Y,,
,638462,NAMBIYUR,TAMIL NADU,Y,Y,N,,
,626003,Virudhunagar,TAMIL NADU,Y,Y,Y,,
,581335,HONNAVARA,KARNATAKA,N,N,N,,
,585104,Kalaburagi,KARNATAKA,Y,Y,Y,,
,585352,HUMNABAD,KARNATAKA,Y,Y,N,,
,635208,Gopichettipalyam,TAMIL NADU,Y,Y,N,,
,682027,CHERANALLUR,KERALA,Y,Y,Y,,
,689531,Tiruvella,KERALA,N,N,N,,
,627131,Nagercoil,TAMIL NADU,N,N,N,,
,628401,Tuticorin,TAMIL NADU,N,N,N,,
,573225,Channarayapatna,KARNATAKA,Y,Y,N,,
,676510,PUTHANATHANI,KERALA,Y,Y,Y,,
,670144,Kannur,KERALA,Y,Y,N,,
,679552,EDAPPAL,KERALA,Y,Y,N,,
,682023,Cochin,KERALA,N,N,N,,
,673001,Calicut,KERALA,Y,Y,Y,,
,612303,Kumbakonam,TAMIL NADU,Y,Y,Y,,
,591313,Sankeshwar,KARNATAKA,Y,Y,N,,
,673655,Calicut,KERALA,Y,Y,Y,,
,577568,CHITRADURGA,KARNATAKA,Y,Y,N,,
,627822,TIRUNELVELI,TAMIL NADU,Y,Y,N,,
,620003,Trichy,TAMIL NADU,Y,Y,Y,,
,686040,Kottayam,KERALA,Y,Y,N,,
,638008,Sankagiri,TAMIL NADU,N,N,N,,
,620007,Trichy,TAMIL NADU,Y,Y,Y,,
,628223,TIRUNELVELI,TAMIL NADU,Y,Y,N,,
,628212,Thiruchendur,TAMIL NADU,Y,Y,Y,,
,691500,Sasthamkotta,KERALA,Y,Y,N,,
,695543,Trivandrum,KERALA,N,N,N,,
,670731,MANANTHAVADY,KERALA,Y,Y,Y,,
,577146,JAVAGAL,KARNATAKA,N,N,N,,
,612001,Kumbakonam,TAMIL NADU,Y,Y,Y,,
,680686,Triprayar,KERALA,Y,Y,Y,,
,673311,Mahe,KERALA,Y,Y,Y,,
,680003,TRICHUR,KERALA,Y,Y,Y,,
,560001,BANGALORE,KARNATAKA,N,N,Y,,
,577118,Basarikatte,KARNATAKA,N,N,N,,
,629664,MARTHANDAM,TAMIL NADU,Y,Y,N,,
,635122,Krishnagiri,TAMIL NADU,Y,Y,Y,,
,581440,KUMTA,KARNATAKA,Y,Y,N,,
,560006,BANGALORE,KARNATAKA,N,N,Y,,
,695049,Trivandrum,KERALA,Y,Y,N,,
,575025,SURATHKAL,KARNATAKA,Y,Y,Y,,
,561201,Magadi,KARNATAKA,N,N,N,,
,626132,Rajapalayam,TAMIL NADU,Y,Y,Y,,
,690526,Karunagappally,KERALA,N,N,N,,
,587313,MUDHOL,KARNATAKA,Y,Y,N,,
,580212,Hubli,KARNATAKA,Y,Y,N,,
,623216,KARAIKUDI,TAMIL NADU,Y,Y,N,,
,577221,Channagiri,KARNATAKA,N,N,N,,
,636119,Salem,TAMIL NADU,Y,Y,N,,
,577230,Honnalli,KARNATAKA,N,N,N,,
,583134,Hagaribommanahalli,KARNATAKA,Y,Y,N,,
,585243,Kalaburagi,KARNATAKA,Y,Y,N,,
,636816,Dharmapuri,TAMIL NADU,Y,Y,N,,
,680554,THRISSUR,KERALA,N,N,N,,
,643001,Ooty,TAMIL NADU,Y,Y,Y,,
,626208,Virudhunagar,TAMIL NADU,Y,Y,N,,
,686032,Kottayam,KERALA,Y,Y,N,,
,624004,Dindigul,TAMIL NADU,Y,Y,Y,,
,625556,CUMBAM,TAMIL NADU,Y,Y,Y,,
,670678,Kannur,KERALA,N,N,N,,
,686001,Kottayam,KERALA,Y,Y,Y,,
,690544,Karunagappally,KERALA,N,N,N,,
,690551,Allapey,KERALA,Y,Y,Y,,
,686106,Tiruvella,KERALA,N,N,N,,
,625203,Ayyampalyam,TAMIL NADU,Y,Y,N,,
,641003,Coimbatore,TAMIL NADU,Y,Y,Y,,
,623537,Ramanathapuram,TAMIL NADU,N,N,N,,
,582220,CHITRADURGA,KARNATAKA,Y,Y,N,,
,695609,Kallara,KERALA,Y,Y,N,,
,690506,Mavelikera,KERALA,Y,Y,Y,,
,585102,Kalaburagi,KARNATAKA,Y,Y,N,,
,612401,Kumbakonam,TAMIL NADU,Y,Y,Y,,
,682016,Cochin,KERALA,N,N,N,,
,583121,Sirguppa,KARNATAKA,N,N,N,,
,624212,Dindigul,TAMIL NADU,Y,Y,Y,,
,690530,CHARUMOOD,KERALA,N,N,N,,
,585331,Chitguppa,KARNATAKA,Y,Y,N,,
,577421,Sagarcity,KARNATAKA,Y,Y,N,,
,577401,Sagarcity,KARNATAKA,Y,Y,N,,
,642148,Pollachi,TAMIL NADU,Y,Y,N,,
,576220,BYNDOOR,KARNATAKA,Y,Y,N,,
,682505,Vypin,KERALA,Y,Y,Y,,
,629704,KANYAKUMARI,TAMIL NADU,Y,Y,Y,,
,571602,K R NAGAR,KARNATAKA,Y,Y,N,,
,587156,Bagalkot,KARNATAKA,Y,Y,N,,
,580114,Hubli,KARNATAKA,Y,Y,Y,,
,582238,NARGUND,KARNATAKA,Y,Y,N,,
,606213,KARUNAPURAM,TAMIL NADU,Y,Y,Y,,
,688012,Allapey,KERALA,Y,Y,Y,,
,562127,Magadi,KARNATAKA,Y,Y,Y,,
,642110,Palladam,TAMIL NADU,N,N,N,,
,571430,Malavalli,KARNATAKA,N,N,N,,
,680685,Triprayar,KERALA,Y,Y,N,,
,576213,PETHRI,KARNATAKA,Y,Y,N,,
,612801,Kumbakonam,TAMIL NADU,N,N,N,,
,575004,Mangalore,KARNATAKA,Y,Y,N,,
,624505,Gopichettipalyam,TAMIL NADU,Y,Y,N,,
,591333,Gokak,KARNATAKA,Y,Y,Y,,
,628601,Thiruchendur,TAMIL NADU,Y,Y,Y,,
,680741,MALA KL,KERALA,Y,Y,N,,
,671531,Kasargode,KERALA,Y,Y,Y,,
,580024,Hubli,KARNATAKA,Y,Y,Y,,
,689510,Allapey,KERALA,Y,Y,N,,
,591220,KUDCHI,KARNATAKA,Y,Y,N,,
,628218,Thiruchendur,TAMIL NADU,Y,Y,Y,,
,680657,KOZHIKODE,KERALA,Y,Y,N,,
,560044,BANGALORE,KARNATAKA,Y,Y,Y,,
,629181,MARTHANDAM,TAMIL NADU,Y,Y,N,,
,638053,Salem,TAMIL NADU,Y,Y,Y,,
,642005,Pollachi,TAMIL NADU,Y,Y,Y,,
,591107,Gokak,KARNATAKA,N,N,N,,
,576103,PETHRI,KARNATAKA,N,N,N,,
,670701,Kuthuparamba,KERALA,Y,Y,Y,,
,590017,Belgaum,KARNATAKA,Y,Y,Y,,
,680670,Kodungallur,KERALA,Y,Y,N,,
,591516,Gokak,KARNATAKA,Y,Y,Y,,
,642111,PALLIVASAL,TAMIL NADU,Y,Y,Y,,
,572214,Chikkanayakanahalli,KARNATAKA,Y,Y,N,,
,686561,Kottayam,KERALA,Y,Y,Y,,
,563133,Kolar,KARNATAKA,Y,Y,Y,,
,582124,Gadag,KARNATAKA,Y,Y,Y,,
,637013,Trichy,TAMIL NADU,Y,Y,N,,
,613002,Thanjavur,TAMIL NADU,Y,Y,Y,,
,624627,Dindigul,TAMIL NADU,N,N,N,,
,673101,KOZHIKODE,KERALA,Y,Y,Y,,
,627903,Rajapalayam,TAMIL NADU,Y,Y,Y,,
,574122,NARAVI,KARNATAKA,N,N,N,,
,673106,Calicut,KERALA,Y,Y,N,,
,570008,Mysore,KARNATAKA,Y,Y,Y,,
,577151,Mudigere,KARNATAKA,N,N,N,,
,695301,Trivandrum,KERALA,Y,Y,Y,,
,636403,METTUR,TAMIL NADU,Y,Y,N,,
,627823,TIRUNELVELI,TAMIL NADU,Y,Y,N,,
,611104,Tiruvarur,TAMIL NADU,Y,Y,N,,
,680524,Manalur,KERALA,Y,Y,N,,
,626110,Rajapalayam,TAMIL NADU,Y,Y,Y,,
,591183,SAUNDATTI,KARNATAKA,N,N,N,,
,678612,PALAKKAD,KERALA,Y,Y,N,,
,584103,Raichur,KARNATAKA,Y,Y,Y,,
,695311,Edava,KERALA,Y,Y,Y,,
,629191,MARTHANDAM,TAMIL NADU,Y,Y,N,,
,563102,Kolar,KARNATAKA,Y,Y,N,,
,574108,KARKALA,KARNATAKA,Y,Y,N,,
,627501,VALLIYOOR,TAMIL NADU,Y,Y,N,,
,581121,RAMNAGAR KAR,KARNATAKA,Y,Y,N,,
,686015,Kottayam,KERALA,N,N,N,,
,670703,Mattannur,KERALA,Y,Y,Y,,
,690536,NEENDAKARA,KERALA,Y,Y,N,,
,688006,Allapey,KERALA,Y,Y,Y,,
,563116,Kolar,KARNATAKA,Y,Y,Y,,
,670006,Valiyannur,KERALA,Y,Y,Y,,
,574102,Manipal,KARNATAKA,N,N,N,,
,576226,Mangalore,KARNATAKA,Y,Y,N,,
,612701,Kumbakonam,TAMIL NADU,Y,Y,Y,,
,686523,PALA,KERALA,Y,Y,N,,
,636011,Salem,TAMIL NADU,N,N,N,,
,574324,BC Road,KARNATAKA,N,N,N,,
,625012,Madurai,TAMIL NADU,Y,Y,Y,,
,591272,CHIKODI,KARNATAKA,Y,Y,N,,
,612605,Thanjavur,TAMIL NADU,N,N,N,,
,560108,BANGALORE,KARNATAKA,Y,Y,Y,,
,627111,VALLIYOOR,TAMIL NADU,Y,Y,N,,
,686673,Ernakulam,KERALA,Y,Y,N,,
,679333,NILAMBUR,KERALA,Y,Y,Y,,
,679564,THRISSUR,KERALA,Y,Y,N,,
,686509,Pathanamthitta,KERALA,N,N,N,,
,560085,BANGALORE,KARNATAKA,Y,Y,Y,,
,642003,Pollachi,TAMIL NADU,Y,Y,N,,
,680510,Manalur,KERALA,Y,Y,N,,
,670309,Kannur,KERALA,Y,Y,Y,,
,638511,Anthiyur,TAMIL NADU,Y,Y,N,,
,628663,TIRUNELVELI,TAMIL NADU,Y,Y,N,,
,691531,KOTTARAKKARA,KERALA,Y,Y,N,,
,628201,Thiruchendur,TAMIL NADU,Y,Y,Y,,
,686535,Tiruvella,KERALA,N,N,N,,
,691317,Punalur,KERALA,Y,Y,N,,
,611101,Tiruvarur,TAMIL NADU,Y,Y,Y,,
,643217,Kotigiri,TAMIL NADU,Y,Y,N,,
,620012,Trichy,TAMIL NADU,Y,Y,N,,
,635309,Dharmapuri,TAMIL NADU,Y,Y,N,,
,577529,Molakalmuru,KARNATAKA,Y,Y,N,,
,683544,Perumbavoor,KERALA,Y,Y,N,,
,628626,TIRUNELVELI,TAMIL NADU,Y,Y,N,,
,571169,Mysore,KARNATAKA,Y,Y,N,,
,636301,Morepalayam,TAMIL NADU,N,N,N,,
,642126,Udumalpet,TAMIL NADU,Y,Y,Y,,
,679515,OTTAPALAM,KERALA,Y,Y,N,,
,691020,Kollam,KERALA,Y,Y,Y,,
,627867,TIRUNELVELI,TAMIL NADU,Y,Y,N,,
,689656,Pathanamthitta,KERALA,Y,Y,Y,,
,636005,Omalur,TAMIL NADU,Y,Y,Y,,
,671318,Kasargode,KERALA,N,N,N,,
,626163,Virudhunagar,TAMIL NADU,Y,Y,N,,
,609202,Thanjavur,TAMIL NADU,Y,Y,N,,
,637105,Sankagiri,TAMIL NADU,Y,Y,N,,
,583233,Hospet,KARNATAKA,Y,Y,Y,,
,630002,KARAIKUDI,TAMIL NADU,Y,Y,Y,,
,570019,Mysore,KARNATAKA,Y,Y,Y,,
,680683,Irinjalakuda,KERALA,N,N,N,,
,686511,Pathanamthitta,KERALA,N,N,N,,
,627804,Tenkasi,TAMIL NADU,Y,Y,Y,,
,591296,CHIKODI,KARNATAKA,Y,Y,N,,
,686544,Pathanamthitta,KERALA,N,N,N,,
,622004,Pudukkottai,TAMIL NADU,Y,Y,N,,
,635210,Krishnagiri,TAMIL NADU,N,N,N,,
,581233,Hubli,KARNATAKA,Y,Y,N,,
,680701,THRISSUR,KERALA,N,N,N,,
,581304,Kampli,KARNATAKA,N,N,N,,
,671328,PARAPPA,KERALA,N,N,N,,
,571404,Mandya,KARNATAKA,Y,Y,Y,,
,680691,Triprayar,KERALA,Y,Y,Y,,
,613504,Thanjavur,TAMIL NADU,Y,Y,Y,,
,572201,Tiptur,KARNATAKA,Y,Y,Y,,
,680521,KUNNAMKULAM,KERALA,Y,Y,Y,,
,628618,Thiruchendur,TAMIL NADU,Y,Y,Y,,
,581325,DANDELI,KARNATAKA,Y,Y,N,,
,625538,Usilampatti,TAMIL NADU,Y,Y,N,,
,636014,AYOTHIYAPATINAM,TAMIL NADU,Y,Y,N,,
,680642,THRISSUR,KERALA,N,N,N,,
,582217,RON,KARNATAKA,Y,Y,Y,,
,582221,NARGUND,KARNATAKA,Y,Y,N,,
,571434,Srirangapatna,KARNATAKA,N,N,N,,
,562120,Magadi,KARNATAKA,Y,Y,Y,,
,678503,PALAKKAD,KERALA,N,N,N,,
,683547,Perumbavoor,KERALA,Y,Y,Y,,
,638657,Dharapuram,TAMIL NADU,Y,Y,Y,,
,691324,CHITHARA,KERALA,Y,Y,N,,
,627453,TIRUNELVELI,TAMIL NADU,Y,Y,Y,,
,642118,Pollachi,TAMIL NADU,Y,Y,N,,
,623502,Ramanathapuram,TAMIL NADU,N,N,N,,
,676110,EDAPPAL,KERALA,Y,Y,N,,
,580008,Dharwad,KARNATAKA,Y,Y,Y,,
,636010,Salem,TAMIL NADU,Y,Y,Y,,
,591293,CHIKODI,KARNATAKA,Y,Y,N,,
,623520,Ramanathapuram,TAMIL NADU,N,N,Y,,
,679589,EDAPPAL,KERALA,Y,Y,N,,
,683579,Cochin,KERALA,Y,Y,Y,,
,626170,SIVAKASI,TAMIL NADU,Y,Y,N,,
,626129,Virudhunagar,TAMIL NADU,Y,Y,N,,
,622001,Pudukkottai,TAMIL NADU,Y,Y,Y,,
,676514,Manjery,KERALA,Y,Y,Y,,
,627951,KOVILPATTI,TAMIL NADU,N,N,N,,
,625521,CUMBAM,TAMIL NADU,Y,Y,Y,,
,623531,Ramanathapuram,TAMIL NADU,Y,Y,Y,,
,609205,Thanjavur,TAMIL NADU,N,N,N,,
,680661,Irinjalakuda,KERALA,N,N,N,,
,623319,UTHANGARAI,TAMIL NADU,Y,Y,N,,
,576114,Manipal,KARNATAKA,Y,Y,N,,
,680562,THRISSUR,KERALA,Y,Y,Y,,
,635101,Krishnagiri,TAMIL NADU,Y,Y,Y,,
,590010,Belgaum,KARNATAKA,Y,Y,Y,,
,582135,NARGUND,KARNATAKA,Y,Y,N,,
,587325,MUDHOL,KARNATAKA,Y,Y,N,,
,638501,Anthiyur,TAMIL NADU,Y,Y,Y,,
,641001,Coimbatore,TAMIL NADU,Y,Y,Y,,
,612203,MAYILADURAI,TAMIL NADU,N,N,Y,,
,629854,Nagercoil,TAMIL NADU,Y,Y,N,,
,627814,Tenkasi,TAMIL NADU,Y,Y,N,,
,628004,Tuticorin,TAMIL NADU,Y,Y,Y,,
,563101,Kolar,KARNATAKA,Y,Y,Y,,
,679512,OTTAPALAM,KERALA,Y,Y,Y,,
,691017,Kollam,KERALA,Y,Y,N,,
,577123,Basarikatte,KARNATAKA,Y,Y,N,,
,577229,SHIVAMOGGA,KARNATAKA,Y,Y,N,,
,690103,Mavelikera,KERALA,Y,Y,Y,,
,571189,Mysore,KARNATAKA,Y,Y,Y,,
,676508,VENGARA,KERALA,Y,Y,Y,,
,626121,Rajapalayam,TAMIL NADU,Y,Y,N,,
,621303,MANAPPARAI,TAMIL NADU,Y,Y,N,,
,624203,Ayyampalyam,TAMIL NADU,Y,Y,Y,,
,695021,Trivandrum,KERALA,N,N,N,,
,691306,CHITHARA,KERALA,Y,Y,N,,
,624052,Dindigul,TAMIL NADU,N,N,N,,
,574265,BC Road,KARNATAKA,N,N,N,,
,612505,Kumbakonam,TAMIL NADU,Y,Y,N,,
,623526,Ramanathapuram,TAMIL NADU,Y,Y,Y,,
,682508,Vypin,KERALA,Y,Y,Y,,
,626157,Virudhunagar,TAMIL NADU,Y,Y,N,,
,691641,KOTTARAKKARA,KERALA,Y,Y,N,,
,673634,Calicut,KERALA,Y,Y,N,,
,581348,Murdeshwar,KARNATAKA,Y,Y,N,,
,609803,Thanjavur,TAMIL NADU,Y,Y,N,,
,690558,PANDALAM,KERALA,Y,Y,Y,,
,311030,Sahpura Bhilwara,RAJASTHAN,N,N,N,,
,628629,TIRUNELVELI,TAMIL NADU,Y,Y,N,,
,587344,MUDHOL,KARNATAKA,Y,Y,N,,
,625518,CUMBAM,TAMIL NADU,Y,Y,Y,,
,570026,Mysore,KARNATAKA,Y,Y,Y,,
,670121,Rajapalayam,TAMIL NADU,Y,Y,Y,,
,612703,Kumbakonam,TAMIL NADU,Y,Y,Y,,
,695542,Trivandrum,KERALA,Y,Y,Y,,
,673517,Kallachi,KERALA,Y,Y,N,,
,614401,PAPANASAM,TAMIL NADU,N,N,N,,
,636451,METTUR,TAMIL NADU,N,N,N,,
,671551,Kasargode,KERALA,N,N,N,,
,570023,Mysore,KARNATAKA,Y,Y,Y,,
,591512,CHIKODI,KARNATAKA,Y,Y,N,,
,591181,Belgaum,KARNATAKA,Y,Y,Y,,
,591223,Belguam,KARNATAKA,N,N,N,,
,686693,Thodupuzha,KERALA,Y,Y,Y,,
,682511,Vypin,KERALA,Y,Y,Y,,
,680604,KUNNAMKULAM,KERALA,Y,Y,Y,,
,627119,VALLIYOOR,TAMIL NADU,Y,Y,Y,,
,636902,UTHANGARAI,TAMIL NADU,Y,Y,Y,,
,680567,Edamuttam,KERALA,Y,Y,Y,,
,563147,Kolar,KARNATAKA,N,N,N,,
,689626,Allapey,KERALA,Y,Y,N,,
,627760,Salem,TAMIL NADU,Y,Y,Y,,
,637003,Salem,TAMIL NADU,Y,Y,Y,,
,627353,TIRUNELVELI,TAMIL NADU,Y,Y,N,,
,560023,BANGALORE,KARNATAKA,Y,Y,Y,,
,695568,Kallara,KERALA,Y,Y,N,,
,574259,Mangalore,KARNATAKA,Y,Y,N,,
,586211,Bagalkot,KARNATAKA,Y,Y,N,,
,641668,Tiruppur,TAMIL NADU,Y,Y,Y,,
,629175,MARTHANDAM,TAMIL NADU,Y,Y,N,,
,576235,BYNDOOR,KARNATAKA,N,N,N,,
,686691,Thodupuzha,KERALA,Y,Y,N,,
,670679,Kannur,KERALA,Y,Y,Y,,
,627303,TIRUNELVELI,TAMIL NADU,Y,Y,N,,
,580005,Dharwad,KARNATAKA,Y,Y,Y,,
,691519,CHITHARA,KERALA,Y,Y,N,,
,679582,EDAPPAL,KERALA,Y,Y,N,,
,625703,Usilampatti,TAMIL NADU,N,N,N,,
,625523,Theni,TAMIL NADU,Y,Y,Y,,
,587207,Bijapur,KARNATAKA,N,N,N,,
,582231,Gadag,KARNATAKA,Y,Y,Y,,
,606208,KARUNAPURAM,TAMIL NADU,Y,Y,N,,
,585302,Aland,KARNATAKA,N,N,N,,
,613702,Thanjavur,TAMIL NADU,Y,Y,Y,,
,680547,THRISSUR,KERALA,N,N,N,,
,689664,Pathanamthitta,KERALA,N,N,N,,
,577129,Tarikere,KARNATAKA,Y,Y,N,,
,577101,Chikkamagalur,KARNATAKA,Y,Y,N,,
,673312,Kannur,KERALA,N,N,N,,
,689649,Pathanamthitta,KERALA,N,N,N,,
,577224,Honnalli,KARNATAKA,N,N,N,,
,623516,Ramanathapuram,TAMIL NADU,N,N,N,,
,679535,KOOTANAD,KERALA,N,N,N,,
,560007,BANGALORE,KARNATAKA,Y,Y,Y,,
,591127,Ramdurg,KARNATAKA,N,N,N,,
,626184,SIVAKASI,TAMIL NADU,Y,Y,N,,
,643253,PANDALUR,TAMIL NADU,N,N,N,,
,630301,Devakottai,TAMIL NADU,Y,Y,Y,,
,683513,Cochin,KERALA,Y,Y,N,,
,583119,Sandur,KARNATAKA,Y,Y,N,,
,560042,BANGALORE,KARNATAKA,N,N,Y,,
,560068,BANGALORE,KARNATAKA,Y,Y,Y,,
,626142,Rajapalayam,TAMIL NADU,Y,Y,N,,
,636604,METTUR,TAMIL NADU,Y,Y,N,,
,686578,PALA,KERALA,Y,Y,Y,,
,689676,RANNI,KERALA,N,N,N,,
,629301,Nagercoil,TAMIL NADU,Y,Y,N,,
,627722,TIRUNELVELI,TAMIL NADU,Y,Y,N,,
,577530,Malebennur,KARNATAKA,Y,Y,Y,,
,635306,UTHANGARAI,TAMIL NADU,Y,Y,N,,
,680667,Kodungallur,KERALA,Y,Y,N,,
,637418,Namakkal,TAMIL NADU,N,N,N,,
,678704,Vadakkenchery,KERALA,N,N,N,,
,587215,Bagalkot,KARNATAKA,Y,Y,Y,,
,591117,MUNAVALLI,KARNATAKA,Y,Y,N,,
,571463,Malavalli,KARNATAKA,N,N,N,,
,678541,Vadakkenchery,KERALA,N,N,N,,
,625205,Madurai,TAMIL NADU,Y,Y,N,,
,683516,Cochin,KERALA,Y,Y,N,,
,630603,Devakottai,TAMIL NADU,Y,Y,Y,,
,680590,TRICHUR,KERALA,Y,Y,N,,
,575022,Bantwal,KARNATAKA,Y,Y,N,,
,641401,Tirupur,TAMIL NADU,Y,Y,Y,,
,679357,Malappuram,KERALA,Y,Y,Y,,
,606111,Cuddalore,TAMIL NADU,Y,Y,N,,
,625522,CUMBAM,TAMIL NADU,Y,Y,N,,
,591269,Nipani,KARNATAKA,Y,Y,N,,
,690559,Mavelikera,KERALA,Y,Y,Y,,
,571106,Mysore,KARNATAKA,Y,Y,Y,,
,683502,Aluva,KERALA,Y,Y,N,,
,572217,Tiptur,KARNATAKA,Y,Y,N,,
,635126,BANGALORE,KARNATAKA,Y,Y,Y,,
,626137,Rajapalayam,TAMIL NADU,Y,Y,N,,
,679563,Guruvayur,KERALA,Y,Y,N,,
,670693,Kannur,KERALA,Y,Y,Y,,
,670673,Mattannur,KERALA,Y,Y,Y,,
,560030,BANGALORE,KARNATAKA,Y,Y,Y,,
,629253,Nagercoil,TAMIL NADU,Y,Y,N,,
,581118,Haveri,KARNATAKA,Y,Y,Y,,
,623704,MUTHUKULATHUR,TAMIL NADU,N,N,N,,
,642207,Udumalpet,TAMIL NADU,Y,Y,N,,
,686529,Kottayam,KERALA,Y,Y,N,,
,641010,Coimbatore,TAMIL NADU,Y,Y,N,,
,683519,Cochin,KERALA,Y,Y,N,,
,563115,Kolar,KARNATAKA,Y,Y,Y,,
,682000,Cochin,KERALA,Y,Y,Y,,
,680565,THRISSUR,KERALA,N,N,N,,
,591275,Nipani,KARNATAKA,Y,Y,N,,
,628501,KOVILPATTI,TAMIL NADU,Y,Y,N,,
,676109,Tirur,KERALA,Y,Y,Y,,
,680018,TRICHUR,KERALA,Y,Y,Y,,
,562130,TAVAREKERE,KARNATAKA,N,N,N,,
,688524,Cherthala,KERALA,Y,Y,N,,
,560086,BANGALORE,KARNATAKA,Y,Y,Y,,
,673580,KODANCHERY,KERALA,Y,Y,N,,
,560025,BANGALORE,KARNATAKA,N,N,Y,,
,629002,Nagercoil,TAMIL NADU,Y,Y,Y,,
,614505,PAPANASAM,TAMIL NADU,N,N,N,,
,641301,ANNUR,TAMIL NADU,Y,Y,N,,
,683522,Cochin,KERALA,Y,Y,N,,
,680323,TRICHUR,KERALA,Y,Y,Y,,
,670571,Taliparamba,KERALA,Y,Y,N,,
,691623,KOTTARAKKARA,KERALA,Y,Y,N,,
,580113,Dharwad,KARNATAKA,Y,Y,N,,
,623304,UTHANGARAI,TAMIL NADU,Y,Y,N,,
,642124,Pollachi,TAMIL NADU,Y,Y,N,,
,577436,Thirthahalli,KARNATAKA,Y,Y,Y,,
,627859,Tenkasi,TAMIL NADU,Y,Y,N,,
,586105,Bijapur,KARNATAKA,Y,Y,N,,
,577160,Basarikatte,KARNATAKA,N,N,N,,
,676562,Tirur,KERALA,Y,Y,Y,,
,689623,Allapey,KERALA,Y,Y,N,,
,676523,NILAMBUR,KERALA,N,N,N,,
,673522,KOZHIKODE,KERALA,Y,Y,N,,
,680703,Edamuttam,KERALA,Y,Y,N,,
,680021,TRICHUR,KERALA,Y,Y,Y,,
,581345,Kampli,KARNATAKA,N,N,N,,
,686637,Kottayam,KERALA,Y,Y,Y,,
,563125,Chintamani,KARNATAKA,N,N,N,,
,673505,NADAPURAM,KERALA,N,N,N,,
,591340,Sankeshwar,KARNATAKA,Y,Y,N,,
,583283,Kanakgiri,KARNATAKA,N,N,N,,
,629201,KANYAKUMARI,TAMIL NADU,Y,Y,N,,
,582229,NARGUND,KARNATAKA,Y,Y,N,,
,676516,Manjery,KERALA,Y,Y,N,,
,614809,Trichy,TAMIL NADU,Y,Y,N,,
,670308,Kannur,KERALA,Y,Y,N,,
,695127,PARASSALA,KERALA,Y,Y,Y,,
,629168,MARTHANDAM,TAMIL NADU,Y,Y,N,,
,576117,KARKALA,KARNATAKA,Y,Y,N,,
,560054,BANGALORE,KARNATAKA,Y,Y,Y,,
,586201,Bijapur,KARNATAKA,N,N,N,,
,637103,Salem,TAMIL NADU,Y,Y,N,,
,624215,Ayyampalyam,TAMIL NADU,Y,Y,Y,,
,584115,Lingasugur,KARNATAKA,N,N,N,,
,641050,Palladam,TAMIL NADU,N,N,Y,,
,613204,Thanjavur,TAMIL NADU,Y,Y,N,,
,581228,Hubli,KARNATAKA,Y,Y,N,,
,627855,Salem,TAMIL NADU,Y,Y,N,,
,638888,Tirupur,TAMIL NADU,Y,Y,Y,,
,686572,PALA,KERALA,Y,Y,N,,
,673212,KALPETTA,KERALA,N,N,N,,
,571232,MADIKERI,KARNATAKA,Y,Y,Y,,
,680732,MALA KL,KERALA,Y,Y,N,,
,591703,NARGUND,KARNATAKA,Y,Y,N,,
,571201,MADIKERI,KARNATAKA,Y,Y,N,,
,680125,Irinjalakuda,KERALA,N,N,N,,
,625706,Thiruparankundram,TAMIL NADU,N,N,N,,
,689620,Allapey,KERALA,Y,Y,N,,
,560017,BANGALORE,KARNATAKA,Y,Y,Y,,
,686667,Thodupuzha,KERALA,Y,Y,Y,,
,680613,Manalur,KERALA,Y,Y,Y,,
,629169,MARTHANDAM,TAMIL NADU,Y,Y,N,,
,577546,CHITRADURGA,KARNATAKA,N,N,N,,
,680574,CHERPU,KERALA,Y,Y,Y,,
,605757,THIRUKOVILUR,TAMIL NADU,N,N,N,,
,629162,MARTHANDAM,TAMIL NADU,Y,Y,N,,
,630611,THIRUPPUVANAM,TAMIL NADU,N,N,N,,
,574101,KARKALA,KARNATAKA,Y,Y,N,,
,628216,Thiruchendur,TAMIL NADU,Y,Y,N,,
,560099,BANGALORE,KARNATAKA,Y,Y,Y,,
,586104,Bijapur,KARNATAKA,Y,Y,N,,
,679329,NILAMBUR,KERALA,N,N,N,,
,560045,BANGALORE,KARNATAKA,Y,Y,Y,,
,642106,Pollachi,TAMIL NADU,N,N,N,,
,562111,Dabaspet,KARNATAKA,N,N,Y,,
,690502,Mavelikera,KERALA,Y,Y,Y,,
,629851,Nagercoil,TAMIL NADU,Y,Y,N,,
,577243,Bhadravathi,KARNATAKA,Y,Y,Y,,
,626205,SIVAKASI,TAMIL NADU,Y,Y,N,,
,680320,TRICHUR,KERALA,Y,Y,Y,,
,637212,Salem,TAMIL NADU,Y,Y,Y,,
,587101,Bagalkot,KARNATAKA,Y,Y,Y,,
,571161,Mysore,KARNATAKA,Y,Y,N,,
,686692,Thodupuzha,KERALA,Y,Y,Y,,
,673558,Vadakara,KERALA,N,N,N,,
,627424,Tenkasi,TAMIL NADU,Y,Y,Y,,
,560059,BANGALORE,KARNATAKA,Y,Y,Y,,
,562161,CHANNAPATNA,KARNATAKA,N,N,N,,
,638054,Gopichettipalyam,TAMIL NADU,Y,Y,Y,,
,627725,Ramanathapuram,TAMIL NADU,Y,Y,N,,
,625562,Theni,TAMIL NADU,Y,Y,N,,
,571302,Nanjanagudu,KARNATAKA,N,N,Y,,
,561222,BANGALORE,KARNATAKA,Y,Y,N,,
,580216,Hubli,KARNATAKA,Y,Y,N,,
,695036,Trivandrum,KERALA,Y,Y,Y,,
,628306,TIRUNELVELI,TAMIL NADU,Y,Y,N,,
,679573,EDAPPAL,KERALA,Y,Y,N,,
,670109,Kannur,KERALA,Y,Y,Y,,
,639105,Karur,TAMIL NADU,N,N,N,,
,689112,Tiruvella,KERALA,N,N,N,,
,641652,Tirupur,TAMIL NADU,Y,Y,Y,,
,583120,Bellary,KARNATAKA,N,N,N,,
,628214,TIRUNELVELI,TAMIL NADU,Y,Y,N,,
,678552,PALAKKAD,KERALA,Y,Y,N,,
,591157,Belgaum,KARNATAKA,Y,Y,Y,,
,680665,Kodungallur,KERALA,Y,Y,Y,,
,623305,KARAIKUDI,TAMIL NADU,Y,Y,N,,
,680702,THRISSUR,KERALA,N,N,N,,
,591250,Gokak,KARNATAKA,Y,Y,Y,,
,639111,Karur,TAMIL NADU,N,N,N,,
,682009,THOPPUMPADI,KERALA,N,N,N,,
,577528,JAGLUR,KARNATAKA,Y,Y,N,,
,671313,Kannur,KERALA,N,N,N,,
,643215,Ooty,TAMIL NADU,Y,Y,Y,,
,686016,Kottayam,KERALA,Y,Y,Y,,
,695134,PARASSALA,KERALA,Y,Y,Y,,
,642146,Pollachi,TAMIL NADU,Y,Y,N,,
,678553,PALAKKAD,KERALA,Y,Y,Y,,
,689503,PANDALAM,KERALA,Y,Y,Y,,
,637301,Sankagiri,TAMIL NADU,Y,Y,Y,,
,627127,KANYAKUMARI,TAMIL NADU,N,N,N,,
,591217,KUDCHI,KARNATAKA,Y,Y,N,,
,580030,Hubli,KARNATAKA,Y,Y,Y,,
,695313,Chirayinkeezhu,KERALA,Y,Y,Y,,
,680592,TRICHUR,KERALA,Y,Y,Y,,
,623710,Ramanathapuram,TAMIL NADU,Y,Y,N,,
,673322,Ulliyeri,KERALA,Y,Y,N,,
,624503,Gopichettipalyam,TAMIL NADU,Y,Y,N,,
,585228,Kalaburagi,KARNATAKA,Y,Y,Y,,
,607201,Salem,TAMIL NADU,N,N,N,,
,581172,Haveri,KARNATAKA,Y,Y,N,,
,571105,Mysore,KARNATAKA,Y,Y,Y,,
,625513,Theni,TAMIL NADU,Y,Y,Y,,
,685603,Kattapana,KERALA,N,N,N,,
,690532,Mavelikera,KERALA,Y,Y,Y,,
,611103,Trichy,TAMIL NADU,N,N,N,,
,683543,Perumbavoor,KERALA,Y,Y,Y,,
,611110,Trichy,TAMIL NADU,Y,Y,N,,
,680687,Edamuttam,KERALA,Y,Y,Y,,
,695512,Trivandrum,KERALA,Y,Y,Y,,
,622005,Pudukkottai,TAMIL NADU,Y,Y,N,,
,686565,PALA,KERALA,Y,Y,N,,
,626173,SIVAKASI,TAMIL NADU,Y,Y,N,,
,574154,SURATHKAL,KARNATAKA,Y,Y,Y,,
,591287,CHIKODI,KARNATAKA,N,N,N,,
,626180,SIVAKASI,TAMIL NADU,Y,Y,N,,
,676125,Manjery,KERALA,Y,Y,N,,
,584101,Raichur,KARNATAKA,Y,Y,Y,,
,625514,Usilampatti,TAMIL NADU,Y,Y,N,,
,614629,Trichy,TAMIL NADU,N,N,N,,
,673508,Vadakara,KERALA,N,N,Y,,
,678631,PALAKKAD,KERALA,Y,Y,N,,
,678596,PALAKKAD,KERALA,Y,Y,Y,,
,686004,Kottayam,KERALA,Y,Y,Y,,
,695571,Trivandrum,KERALA,Y,Y,N,,
,581337,KUMTA,KARNATAKA,Y,Y,N,,
,690538,Sasthamkotta,KERALA,Y,Y,N,,
,679306,OTTAPALAM,KERALA,N,N,N,,
,688530,Cherthala,KERALA,Y,Y,N,,
,576111,Padubidri,KARNATAKA,Y,Y,N,,
,643240,PANDALUR,TAMIL NADU,N,N,N,,
,639108,Karur,TAMIL NADU,Y,Y,Y,,
,609503,Thanjavur,TAMIL NADU,N,N,N,,
,621211,KULITHALAI,TAMIL NADU,Y,Y,N,,
,623529,Ramanathapuram,TAMIL NADU,Y,Y,N,,
,627417,Tenkasi,TAMIL NADU,N,N,N,,
,636103,AYOTHIYAPATINAM,TAMIL NADU,Y,Y,N,,
,673032,Calicut,KERALA,Y,Y,Y,,
,585356,BHALKI,KARNATAKA,Y,Y,N,,
,621704,KALLAKURUCHI,TAMIL NADU,N,N,N,,
,571165,Chamarajanagar,KARNATAKA,Y,Y,Y,,
,689110,Tiruvella,KERALA,N,N,N,,
,691315,Punalur,KERALA,Y,Y,N,,
,591103,Belgaum,KARNATAKA,Y,Y,Y,,
,679587,EDAPPAL,KERALA,Y,Y,Y,,
,570025,Mysore,KARNATAKA,Y,Y,Y,,
,695007,Trivandrum,KERALA,N,N,N,,
,676553,PUTHANATHANI,KERALA,Y,Y,N,,
,639006,Karur,TAMIL NADU,Y,Y,Y,,
,627766,TIRUNELVELI,TAMIL NADU,Y,Y,N,,
,561111,BANGALORE,KARNATAKA,Y,Y,N,,
,612502,Kumbakonam,TAMIL NADU,Y,Y,Y,,
,680698,MALA KL,KERALA,Y,Y,N,,
,686536,Tiruvella,KERALA,N,N,N,,
,673620,Ulliyeri,KERALA,N,N,N,,
,680620,Manalur,KERALA,Y,Y,N,,
,695131,Neyyattinkara,KERALA,Y,Y,N,,
,695615,Kallayam,KERALA,Y,Y,Y,,
,627359,TIRUNELVELI,TAMIL NADU,Y,Y,N,,
,577594,DAVANGERE,KARNATAKA,Y,Y,N,,
,900012,BANGALORE,KARNATAKA,Y,Y,N,,
,583118,Sandur,KARNATAKA,Y,Y,N,,
,641006,Coimbatore,TAMIL NADU,Y,Y,Y,,
,576120,PETHRI,KARNATAKA,Y,Y,N,,
,673316,Kannur,KERALA,N,N,N,,
,624054,Dindigul,TAMIL NADU,N,N,N,,
,623208,KARAIKUDI,TAMIL NADU,Y,Y,N,,
,683110,Aluva,KERALA,Y,Y,N,,
,591276,Gokak,KARNATAKA,Y,Y,Y,,
,587118,ILKAL,KARNATAKA,Y,Y,N,,
,585286,Kalaburagi,KARNATAKA,Y,Y,N,,
,629154,MARTHANDAM,TAMIL NADU,Y,Y,N,,
,689106,Allapey,KERALA,Y,Y,Y,,
,638002,Erode,TAMIL NADU,Y,Y,N,,
,625003,Madurai,TAMIL NADU,Y,Y,Y,,
,635103,BANGALORE,KARNATAKA,Y,Y,Y,,
,586216,Bijapur,KARNATAKA,Y,Y,N,,
,623514,Ramanathapuram,TAMIL NADU,Y,Y,Y,,
,689691,Pathanamthitta,KERALA,N,N,N,,
,562201,Magadi,KARNATAKA,N,N,N,,
,695104,Kottiyod,KERALA,Y,Y,N,,
,673104,KOZHIKODE,KERALA,Y,Y,Y,,
,671323,Manjeshwar,KERALA,N,N,N,,
,621127,Rajapalayam,TAMIL NADU,Y,Y,Y,,
,679536,KOOTANAD,KERALA,N,N,N,,
,581327,HONNAVARA,KARNATAKA,N,N,N,,
,695303,Chirayinkeezhu,KERALA,N,N,N,,
,629001,Nagercoil,TAMIL NADU,Y,Y,Y,,
,643201,Kotigiri,TAMIL NADU,Y,Y,N,,
,670563,Kannur,KERALA,N,N,N,,
,642206,Udumalpet,TAMIL NADU,Y,Y,N,,
,577589,DAVANGERE,KARNATAKA,N,N,N,,
,562125,BANGALORE,KARNATAKA,Y,Y,Y,,
,670314,PARAPPA,KERALA,N,N,N,,
,582241,NARGUND,KARNATAKA,Y,Y,N,,
,621133,Perambalur,TAMIL NADU,Y,Y,Y,,
,627355,VALLIYOOR,TAMIL NADU,N,N,N,,
,680689,THRISSUR,KERALA,N,N,N,,
,625540,CUMBAM,TAMIL NADU,Y,Y,Y,,
,627652,Thisayanvilai,TAMIL NADU,Y,Y,N,,
,626566,Usilampatti,TAMIL NADU,Y,Y,N,,
,609309,MAYILADURAI,TAMIL NADU,Y,Y,Y,,
,575015,Mangalore,KARNATAKA,Y,Y,Y,,
,673307,Ulliyeri,KERALA,Y,Y,N,,
,625002,Madurai,TAMIL NADU,Y,Y,Y,,
,625122,MELUR,TAMIL NADU,N,N,N,,
,623536,Ramanathapuram,TAMIL NADU,Y,Y,N,,
,679592,EDAPPAL,KERALA,N,N,N,,
,621011,THURAIYUR,TAMIL NADU,Y,Y,N,,
,680533,THRISSUR,KERALA,N,N,N,,
,577435,Sagarcity,KARNATAKA,Y,Y,N,,
,576244,BYNDOOR,KARNATAKA,Y,Y,N,,
,560079,BANGALORE,KARNATAKA,Y,Y,Y,,
,591228,Nipani,KARNATAKA,Y,Y,N,,
,673596,Bathery,KERALA,Y,Y,N,,
,627451,TIRUNELVELI,TAMIL NADU,Y,Y,N,,
,575001,Mangalore,KARNATAKA,Y,Y,N,,
,581307,Kampli,KARNATAKA,N,N,N,,
,560094,BANGALORE,KARNATAKA,Y,Y,Y,,
,679313,OTTAPALAM,KERALA,N,N,N,,
,630106,KARAIKUDI,TAMIL NADU,Y,Y,N,,
,606303,Cuddalore,TAMIL NADU,Y,Y,N,,
,673591,Bathery,KERALA,Y,Y,Y,,
,590006,Belgaum,KARNATAKA,Y,Y,Y,,
,584160,Raichur,KARNATAKA,Y,Y,Y,,
,635611,Dharmapuri,TAMIL NADU,Y,Y,N,,
,682025,Cochin,KERALA,N,N,N,,
,577566,Harihar,KARNATAKA,Y,Y,Y,,
,690562,THODIYOOR,KERALA,N,N,N,,
,638460,NAMBIYUR,TAMIL NADU,Y,Y,N,,
,624231,Dindigul,TAMIL NADU,N,N,N,,
,571342,Chamarajanagar,KARNATAKA,Y,Y,Y,,
,690522,CHARUMOOD,KERALA,N,N,N,,
,585225,Kalaburagi,KARNATAKA,Y,Y,Y,,
,688003,Allapey,KERALA,Y,Y,Y,,
,562107,BANGALORE,KARNATAKA,N,N,Y,,
,575011,Mangalore,KARNATAKA,N,N,N,,
,695586,Trivandrum,KERALA,Y,Y,Y,,
,680672,MALA KL,KERALA,Y,Y,N,,
,635708,Dharmapuri,TAMIL NADU,Y,Y,N,,
,686009,Kottayam,KERALA,N,N,N,,
,678012,PALAKKAD,KERALA,Y,Y,Y,,
,625533,CUMBAM,TAMIL NADU,Y,Y,Y,,
,678611,PALAKKAD,KERALA,Y,Y,N,,
,624708,Ayyampalyam,TAMIL NADU,Y,Y,Y,,
,627005,TIRUNELVELI,TAMIL NADU,Y,Y,Y,,
,571304,Mysore,KARNATAKA,Y,Y,Y,,
,586212,Muddebihal,KARNATAKA,N,N,N,,
,670003,Valiyannur,KERALA,Y,Y,Y,,
,680641,Manalur,KERALA,Y,Y,Y,,
,636457,Omalur,TAMIL NADU,N,N,N,,
,560050,BANGALORE,KARNATAKA,Y,Y,Y,,
,626159,Virudhunagar,TAMIL NADU,Y,Y,N,,
,560098,BANGALORE,KARNATAKA,Y,Y,Y,,
,695122,PARASSALA,KERALA,Y,Y,N,,
,686577,PALA,KERALA,Y,Y,N,,
,629177,MARTHANDAM,TAMIL NADU,Y,Y,N,,
,586116,Muddebihal,KARNATAKA,N,N,N,,
,680549,THRISSUR,KERALA,N,N,N,,
,691590,Sasthamkotta,KERALA,Y,Y,N,,
,673301,Calicut,KERALA,Y,Y,Y,,
,639101,KULITHALAI,TAMIL NADU,N,N,N,,
,641009,Coimbatore,TAMIL NADU,Y,Y,Y,,
,625218,Madurai,TAMIL NADU,Y,Y,N,,
,670325,Kannur,KERALA,Y,Y,Y,,
,680609,Guruvayur,KERALA,Y,Y,N,,
,638117,Gopichettipalyam,TAMIL NADU,Y,Y,Y,,
,691010,Kollam,KERALA,Y,Y,Y,,
,577520,Sirigere,KARNATAKA,N,N,Y,,
,621219,Perambalur,TAMIL NADU,Y,Y,Y,,
,606207,KARUNAPURAM,TAMIL NADU,Y,Y,N,,
,581336,Sirsi,KARNATAKA,Y,Y,Y,,
,683573,Cochin,KERALA,Y,Y,Y,,
,574236,MADANTHYAR,KARNATAKA,N,N,N,,
,611111,Thanjavur,TAMIL NADU,Y,Y,N,,
,695031,Trivandrum,KERALA,Y,Y,Y,,
,577237,SHIVAMOGGA,KARNATAKA,Y,Y,N,,
,641065,Coimbatore,TAMIL NADU,N,N,N,,
,639112,KULITHALAI,TAMIL NADU,Y,Y,N,,
,688523,Cherthala,KERALA,Y,Y,Y,,
,626051,Virudhunagar,TAMIL NADU,Y,Y,N,,
,680122,Kodungallur,KERALA,Y,Y,Y,,
,680614,Manalur,KERALA,Y,Y,N,,
,680551,THRISSUR,KERALA,Y,Y,Y,,
,614615,ADIRAMAPATTINAM,TAMIL NADU,N,N,N,,
,621601,Lalgudi,TAMIL NADU,Y,Y,N,,
,628503,KOVILPATTI,TAMIL NADU,Y,Y,N,,
,628722,Tuticorin,TAMIL NADU,N,N,N,,
,680020,TRICHUR,KERALA,Y,Y,Y,,
,642114,Pollachi,TAMIL NADU,Y,Y,Y,,
,689552,MARAMON,KERALA,Y,Y,Y,,
,625001,Madurai,TAMIL NADU,Y,Y,Y,,
,686695,Thodupuzha,KERALA,N,N,N,,
,590011,Belgaum,KARNATAKA,Y,Y,Y,,
,670010,Kannur,KERALA,Y,Y,Y,,
,686632,Kottayam,KERALA,Y,Y,Y,,
,673650,Kondotty,KERALA,Y,Y,N,,
,573202,Hassan,KARNATAKA,Y,Y,Y,,
,586109,Bijapur,KARNATAKA,Y,Y,N,,
,605752,THIRUKOVILUR,TAMIL NADU,N,N,N,,
,561208,Gouribidanur,KARNATAKA,Y,Y,Y,,
,574244,Manipal,KARNATAKA,N,N,N,,
,641114,Thondamuthur,TAMIL NADU,N,N,N,,
,623503,Ramanathapuram,TAMIL NADU,Y,Y,Y,,
,586213,Bijapur,KARNATAKA,N,N,N,,
,624623,Dindigul,TAMIL NADU,N,N,N,,
,582211,Gajendragad,KARNATAKA,N,N,N,,
,583216,Hubli,KARNATAKA,N,N,N,,
,682044,OTTAPALAM,KERALA,Y,Y,N,,
,635132,Dharmapuri,TAMIL NADU,Y,Y,N,,
,685507,Kattapana,KERALA,N,N,N,,
,643003,Ooty,TAMIL NADU,Y,Y,Y,,
,571186,Mysore,KARNATAKA,Y,Y,Y,,
,581341,HONNAVARA,KARNATAKA,N,N,N,,
,577115,SHIVAMOGGA,KARNATAKA,Y,Y,N,,
,580004,Dharwad,KARNATAKA,Y,Y,Y,,
,561203,Doddaballapura,KARNATAKA,N,N,N,,
,577144,Tarikere,KARNATAKA,Y,Y,N,,
,571337,Chamarajanagar,KARNATAKA,Y,Y,Y,,
,673306,Ulliyeri,KERALA,Y,Y,N,,
,630410,Pudukkottai,TAMIL NADU,Y,Y,N,,
,629193,MARTHANDAM,TAMIL NADU,Y,Y,N,,
,560040,BANGALORE,KARNATAKA,Y,Y,Y,,
,583135,Hagaribommanahalli,KARNATAKA,Y,Y,N,,
,676561,Tirur,KERALA,Y,Y,Y,,
,577006,DAVANGERE,KARNATAKA,Y,Y,Y,,
,612601,Thanjavur,TAMIL NADU,Y,Y,Y,,
,629189,MARTHANDAM,TAMIL NADU,N,N,N,,
,626151,SIVAKASI,TAMIL NADU,Y,Y,N,,
,576104,Manipal,KARNATAKA,Y,Y,N,,
,560029,BANGALORE,KARNATAKA,Y,Y,Y,,
,627857,Tenkasi,TAMIL NADU,Y,Y,Y,,
,641685,Rayarkoil,TAMIL NADU,N,N,N,,
,686021,Kottayam,KERALA,N,N,Y,,
,609807,Thanjavur,TAMIL NADU,Y,Y,Y,,
,690523,THODIYOOR,KERALA,N,N,N,,
,676105,Tirur,KERALA,Y,Y,Y,,
,585292,SEDAM,KARNATAKA,Y,Y,N,,
,628623,Thiruchendur,TAMIL NADU,Y,Y,N,,
,629197,MARTHANDAM,TAMIL NADU,Y,Y,Y,,
,691578,PARAVUR,KERALA,Y,Y,Y,,
,611003,Thanjavur,TAMIL NADU,Y,Y,N,,
,606401,KARUNAPURAM,TAMIL NADU,Y,Y,Y,,
,622402,PONNAMARAVATHY,TAMIL NADU,N,N,N,,
,691302,PARAVUR,KERALA,Y,Y,Y,,
,641302,ANNUR,TAMIL NADU,Y,Y,Y,,
,625007,Madurai,TAMIL NADU,Y,Y,Y,,
,678508,Vadakkenchery,KERALA,N,N,N,,
,688001,Allapey,KERALA,Y,Y,Y,,
,678007,PALAKKAD,KERALA,Y,Y,Y,,
,620010,Trichy,TAMIL NADU,Y,Y,Y,,
,695610,Kallara,KERALA,Y,Y,N,,
,636402,METTUR,TAMIL NADU,Y,Y,N,,
,682051,Cochin,KERALA,N,N,N,,
,571142,Chamarajanagar,KARNATAKA,Y,Y,Y,,
,673502,NADAPURAM,KERALA,N,N,Y,,
,626522,CUMBAM,TAMIL NADU,Y,Y,N,,
,614708,Tiruvarur,TAMIL NADU,Y,Y,N,,
,571807,Srirangapatna,KARNATAKA,Y,Y,Y,,
,561110,BANGALORE,KARNATAKA,Y,Y,N,,
,580028,Hubli,KARNATAKA,Y,Y,Y,,
,587214,Bagalkot,KARNATAKA,Y,Y,Y,,
,676521,Manjery,KERALA,Y,Y,Y,,
,613003,Thanjavur,TAMIL NADU,Y,Y,N,,
,641048,Coimbatore,TAMIL NADU,Y,Y,N,,
,636015,Salem,TAMIL NADU,Y,Y,Y,,
,686521,Kottiyam,KERALA,N,N,N,,
,623545,Ramanathapuram,TAMIL NADU,Y,Y,N,,
,587148,ILKAL,KARNATAKA,Y,Y,N,,
,673637,Kondotty,KERALA,N,N,N,,
,689121,Allapey,KERALA,Y,Y,Y,,
,626195,Virudhunagar,TAMIL NADU,Y,Y,N,,
,581208,Ranebennur,KARNATAKA,N,N,N,,
,637505,Morepalayam,TAMIL NADU,N,N,N,,
,626135,Rajapalayam,TAMIL NADU,Y,Y,N,,
,577222,SHIVAMOGGA,KARNATAKA,N,N,N,,
,591237,Nipani,KARNATAKA,Y,Y,Y,,
,680669,Kodungallur,KERALA,Y,Y,N,,
,642153,Pollachi,TAMIL NADU,N,N,N,,
,613517,Gopichettipalyam,TAMIL NADU,Y,Y,N,,
,636701,Dharmapuri,TAMIL NADU,Y,Y,Y,,
,637303,Sankagiri,TAMIL NADU,Y,Y,Y,,
,571605,KR Pete,KARNATAKA,N,N,N,,
,560109,BANGALORE,KARNATAKA,Y,Y,N,,
,581350,Murdeshwar,KARNATAKA,Y,Y,N,,
,670504,Kannur,KERALA,Y,Y,Y,,
,581303,Kampli,KARNATAKA,N,N,N,,
,673631,Calicut,KERALA,Y,Y,Y,,
,624619,Dindigul,TAMIL NADU,Y,Y,N,,
,679511,OTTAPALAM,KERALA,Y,Y,N,,
,689642,Pathanamthitta,KERALA,N,N,N,,
,636115,VALAPPADI,TAMIL NADU,N,N,N,,
,686655,PALA,KERALA,Y,Y,N,,
,695102,Edava,KERALA,Y,Y,Y,,
,673593,Bathery,KERALA,Y,Y,Y,,
,571150,Nanjanagudu,KARNATAKA,Y,Y,N,,
,613105,Thanjavur,TAMIL NADU,N,N,N,,
,680013,TRICHUR,KERALA,Y,Y,Y,,
,682028,Cochin,KERALA,Y,Y,Y,,
,676517,Manjery,KERALA,Y,Y,Y,,
,582207,NARGUND,KARNATAKA,Y,Y,N,,
,680504,Guruvayur,KERALA,Y,Y,N,,
,571170,Chamarajanagar,KARNATAKA,Y,Y,Y,,
,690514,Mavelikera,KERALA,Y,Y,Y,,
,627912,TIRUNELVELI,TAMIL NADU,Y,Y,N,,
,670106,Kannur,KERALA,Y,Y,Y,,
,623109,KARAIKUDI,TAMIL NADU,Y,Y,N,,
,678102,PALAKKAD,KERALA,N,N,N,,
,560049,BANGALORE,KARNATAKA,Y,Y,Y,,
,695024,Trivandrum,KERALA,Y,Y,Y,,
,560012,BANGALORE,KARNATAKA,Y,Y,Y,,
,695611,Edava,KERALA,Y,Y,Y,,
,641005,Coimbatore,TAMIL NADU,Y,Y,N,,
,563128,Kolar,KARNATAKA,N,N,N,,
,606708,Salem,TAMIL NADU,Y,Y,N,,
,623135,MUTHUKULATHUR,TAMIL NADU,N,N,N,,
,686602,Kottayam,KERALA,Y,Y,Y,,
,680734,MALA KL,KERALA,Y,Y,N,,
,610204,Trichy,TAMIL NADU,N,N,N,,
,628155,TIRUNELVELI,TAMIL NADU,Y,Y,N,,
,679309,Malappuram,KERALA,Y,Y,Y,,
,627118,Thisayanvilai,TAMIL NADU,N,N,N,,
,577586,Challakere,KARNATAKA,Y,Y,N,,
,622403,Pudukkottai,TAMIL NADU,Y,Y,Y,,
,627201,TIRUNELVELI,TAMIL NADU,Y,Y,Y,,
,577225,SHIVAMOGGA,KARNATAKA,N,N,N,,
,625013,Madurai,TAMIL NADU,N,N,Y,,
,571253,Virajpet,KARNATAKA,N,N,N,,
,676309,VENGARA,KERALA,Y,Y,Y,,
,641039,Coimbatore,TAMIL NADU,Y,Y,Y,,
,581326,GOKARNA,KARNATAKA,N,N,N,,
,682509,Vypin,KERALA,Y,Y,Y,,
,626004,Virudhunagar,TAMIL NADU,Y,Y,Y,,
,627107,VALLIYOOR,TAMIL NADU,Y,Y,N,,
,689103,Tiruvella,KERALA,N,N,N,,
,626534,Theni,TAMIL NADU,N,N,N,,
,624007,Dindigul,TAMIL NADU,Y,Y,Y,,
,695502,PARASSALA,KERALA,Y,Y,N,,
,670313,Kannur,KERALA,Y,Y,N,,
,695010,Trivandrum,KERALA,Y,Y,Y,,
,571442,Kollegala,KARNATAKA,N,N,N,,
,614617,Trichy,TAMIL NADU,N,N,N,,
,670334,Kannur,KERALA,Y,Y,Y,,
,624701,Ayyampalyam,TAMIL NADU,Y,Y,N,,
,629807,Nagercoil,TAMIL NADU,N,N,N,,
,581185,Bhatkal,KARNATAKA,Y,Y,N,,
,627126,TIRUNELVELI,TAMIL NADU,Y,Y,N,,
,635826,Dharmapuri,TAMIL NADU,Y,Y,N,,
,642141,Pollachi,TAMIL NADU,Y,Y,N,,
,678019,PALAKKAD,KERALA,Y,Y,Y,,
,625535,Usilampatti,TAMIL NADU,N,N,N,,
,571318,Chamarajanagar,KARNATAKA,Y,Y,Y,,
,560095,BANGALORE,KARNATAKA,Y,Y,Y,,
,636007,Salem,TAMIL NADU,Y,Y,Y,,
,691583,NEENDAKARA,KERALA,Y,Y,N,,
,612103,Kumbakonam,TAMIL NADU,Y,Y,Y,,
,621802,JEYAMKONDAM,TAMIL NADU,N,N,N,,
,612504,Kumbakonam,TAMIL NADU,Y,Y,Y,,
,679337,OTTAPALAM,KERALA,N,N,Y,,
,575006,Mangalore,KARNATAKA,Y,Y,N,,
,577227,Bhadravathi,KARNATAKA,Y,Y,Y,,
,627851,Tenkasi,TAMIL NADU,Y,Y,Y,,
,628707,TIRUNELVELI,TAMIL NADU,Y,Y,N,,
,576222,Kundapura,KARNATAKA,Y,Y,N,,
,690537,Mavelikera,KERALA,Y,Y,Y,,
,581333,KUMTA,KARNATAKA,Y,Y,N,,
,626133,Rajapalayam,TAMIL NADU,Y,Y,N,,
,580025,Hubli,KARNATAKA,Y,Y,N,,
,625605,Theni,TAMIL NADU,Y,Y,N,,
,629202,Nagercoil,TAMIL NADU,Y,Y,N,,
,639004,Karur,TAMIL NADU,Y,Y,Y,,
,679588,EDAPPAL,KERALA,Y,Y,N,,
,671312,PADANNA,KERALA,N,N,N,,
,576214,BYNDOOR,KARNATAKA,Y,Y,N,,
,637205,Sankagiri,TAMIL NADU,Y,Y,Y,,
,626152,Virudhunagar,TAMIL NADU,Y,Y,N,,
,591517,Gokak,KARNATAKA,Y,Y,Y,,
,695132,PARASSALA,KERALA,Y,Y,N,,
,621108,Perambalur,TAMIL NADU,Y,Y,Y,,
,591292,Gokak,KARNATAKA,Y,Y,Y,,
,562135,Vijayapura,KARNATAKA,Y,Y,N,,
,636803,Dharmapuri,TAMIL NADU,Y,Y,N,,
,686567,PALA,KERALA,Y,Y,N,,
,613103,Thanjavur,TAMIL NADU,Y,Y,Y,,
,670702,Mattannur,KERALA,N,N,N,,
,691571,Chathannur,KERALA,Y,Y,N,,
,686028,Kottayam,KERALA,Y,Y,N,,
,627601,Tenkasi,TAMIL NADU,Y,Y,Y,,
,621001,THURAIYUR,TAMIL NADU,Y,Y,Y,,
,689674,RANNI,KERALA,N,N,N,,
,621014,THURAIYUR,TAMIL NADU,Y,Y,Y,,
,571311,Mysore,KARNATAKA,Y,Y,Y,,
,627755,Salem,TAMIL NADU,Y,Y,Y,,
,591213,Ankali,KARNATAKA,Y,Y,N,,
,635755,Dharmapuri,TAMIL NADU,Y,Y,N,,
,560047,BANGALORE,KARNATAKA,N,N,Y,,
,636808,ULAGANAHALLI,TAMIL NADU,Y,Y,Y,,
,686532,Tiruvella,KERALA,N,N,N,,
,678623,PALAKKAD,KERALA,Y,Y,Y,,
,676503,VENGARA,KERALA,Y,Y,Y,,
,614901,ADIRAMAPATTINAM,TAMIL NADU,Y,Y,N,,
,570006,Mysore,KARNATAKA,Y,Y,N,,
,673013,Calicut,KERALA,Y,Y,Y,,
,565656,BANGALORE,KARNATAKA,Y,Y,Y,,
,673121,KALPETTA,KERALA,Y,Y,Y,,
,636802,Dharmapuri,TAMIL NADU,Y,Y,N,,
,629305,Nagercoil,TAMIL NADU,Y,Y,N,,
,695583,KANIYAPURAM,KERALA,Y,Y,N,,
,581207,Hubli,KARNATAKA,N,N,N,,
,638060,Salem,TAMIL NADU,Y,Y,Y,,
,673636,Calicut,KERALA,Y,Y,Y,,
,560031,BANGALORE,KARNATAKA,Y,Y,Y,,
,583238,Koppal,KARNATAKA,Y,Y,N,,
,563122,Kolar,KARNATAKA,Y,Y,Y,,
,635110,BANGALORE,KARNATAKA,Y,Y,Y,,
,577531,Channagiri,KARNATAKA,N,N,N,,
,571141,Chamarajanagar,KARNATAKA,Y,Y,Y,,
,682312,Cochin,KERALA,Y,Y,Y,,
,642116,Pollachi,TAMIL NADU,Y,Y,N,,
,670011,Kannur,KERALA,Y,Y,N,,
,580002,Dharwad,KARNATAKA,Y,Y,Y,,
,624307,Dindigul,TAMIL NADU,Y,Y,Y,,
,638456,Gopichettipalyam,TAMIL NADU,Y,Y,Y,,
,577119,Sakleshpur,KARNATAKA,Y,Y,N,,
,627809,Tenkasi,TAMIL NADU,Y,Y,Y,,
,635659,Dharmapuri,TAMIL NADU,Y,Y,N,,
,572116,Pavagada,KARNATAKA,N,N,N,,
,685619,Kattapana,KERALA,N,N,N,,
,585402,Bidar,KARNATAKA,Y,Y,N,,
,680594,OTTAPALAM,KERALA,Y,Y,Y,,
,621111,Lalgudi,TAMIL NADU,Y,Y,N,,
,580009,Dharwad,KARNATAKA,Y,Y,Y,,
,584141,Sindhanur,KARNATAKA,Y,Y,N,,
,628005,Tuticorin,TAMIL NADU,Y,Y,Y,,
,591123,Ramdurg,KARNATAKA,N,N,N,,
,625018,Madurai,TAMIL NADU,Y,Y,Y,,
,680561,THRISSUR,KERALA,N,N,N,,
,643002,Ooty,TAMIL NADU,Y,Y,Y,,
,680002,TRICHUR,KERALA,Y,Y,Y,,
,690525,Karunagappally,KERALA,N,N,N,,
,587125,ILKAL,KARNATAKA,Y,Y,N,,
,591211,Nipani,KARNATAKA,Y,Y,N,,
,680511,Guruvayur,KERALA,Y,Y,N,,
,623601,MUTHUKULATHUR,TAMIL NADU,N,N,N,,
,695029,Trivandrum,KERALA,Y,Y,Y,,
,621213,Trichy,TAMIL NADU,Y,Y,Y,,
,582127,NARGUND,KARNATAKA,Y,Y,N,,
,609003,MAYILADURAI,TAMIL NADU,Y,Y,N,,
,641109,Thondamuthur,TAMIL NADU,N,N,N,,
,689645,Pathanamthitta,KERALA,Y,Y,Y,,
,626134,Virudhunagar,TAMIL NADU,N,N,N,,
,670102,Kannur,KERALA,Y,Y,Y,,
,627112,VALLIYOOR,TAMIL NADU,Y,Y,N,,
,679334,NILAMBUR,KERALA,Y,Y,Y,,
,679583,EDAPPAL,KERALA,Y,Y,N,,
,621216,Lalgudi,TAMIL NADU,Y,Y,Y,,
,586215,Bagalkot,KARNATAKA,Y,Y,N,,
,686039,Kottayam,KERALA,N,N,N,,
,584121,Kushtagi,KARNATAKA,Y,Y,N,,
,612604,Thanjavur,TAMIL NADU,Y,Y,N,,
,680111,Guruvayur,KERALA,Y,Y,N,,
,678556,PALAKKAD,KERALA,Y,Y,N,,
,670301,Kannur,KERALA,Y,Y,N,,
,571134,Mysore,KARNATAKA,Y,Y,Y,,
,695004,Trivandrum,KERALA,Y,Y,Y,,
,670565,Kannur,KERALA,Y,Y,N,,
,612205,Kumbakonam,TAMIL NADU,Y,Y,N,,
,678001,PALAKKAD,KERALA,Y,Y,Y,,
,635133,Dharmapuri,TAMIL NADU,Y,Y,N,,
,622103,Pudukkottai,TAMIL NADU,N,N,N,,
,627718,TIRUNELVELI,TAMIL NADU,Y,Y,N,,
,673014,PANDEERANKAVU,KERALA,Y,Y,Y,,
,625604,Theni,TAMIL NADU,Y,Y,Y,,
,627428,Tenkasi,TAMIL NADU,Y,Y,Y,,
,695121,Neyyattinkara,KERALA,Y,Y,N,,
,585375,Shahapur,KARNATAKA,N,N,N,,
,580003,Dharwad,KARNATAKA,Y,Y,Y,,
,583231,Koppal,KARNATAKA,Y,Y,N,,
,609103,MAYILADURAI,TAMIL NADU,N,N,N,,
,623708,MUTHUKULATHUR,TAMIL NADU,N,N,N,,
,612905,JEYAMKONDAM,TAMIL NADU,N,N,N,,
,690104,Mavelikera,KERALA,Y,Y,Y,,
,636455,Omalur,TAMIL NADU,Y,Y,N,,
,627502,VALLIYOOR,TAMIL NADU,N,N,N,,
,627657,Thisayanvilai,TAMIL NADU,Y,Y,Y,,
,682301,Cochin,KERALA,Y,Y,N,,
,630309,Pudukkottai,TAMIL NADU,Y,Y,Y,,
,613007,Thanjavur,TAMIL NADU,Y,Y,Y,,
,624005,Dindigul,TAMIL NADU,Y,Y,Y,,
,601016,Coimbatore,TAMIL NADU,N,N,N,,
,627803,Tenkasi,TAMIL NADU,Y,Y,Y,,
,625015,Thiruparankundram,TAMIL NADU,Y,Y,N,,
,670015,Kannur,KERALA,Y,Y,Y,,
,641036,Coimbatore,TAMIL NADU,Y,Y,Y,,
,560027,BANGALORE,KARNATAKA,N,N,Y,,
,560104,BANGALORE,KARNATAKA,Y,Y,Y,,
,671353,Kannur,KERALA,N,N,N,,
,678622,PALAKKAD,KERALA,Y,Y,Y,,
,591160,MUDHOL,KARNATAKA,Y,Y,N,,
,627706,Rajapalayam,TAMIL NADU,Y,Y,Y,,
,623562,Ramanathapuram,TAMIL NADU,Y,Y,N,,
,635310,Dharmapuri,TAMIL NADU,Y,Y,N,,
,676525,NILAMBUR,KERALA,N,N,N,,
,622409,PONNAMARAVATHY,TAMIL NADU,Y,Y,Y,,
,606107,Salem,TAMIL NADU,Y,Y,Y,,
,679516,OTTAPALAM,KERALA,Y,Y,N,,
,685554,Kattapana,KERALA,N,N,N,,
,587133,Raichur,KARNATAKA,Y,Y,Y,,
,570018,Mysore,KARNATAKA,Y,Y,Y,,
,577204,SHIVAMOGGA,KARNATAKA,Y,Y,N,,
,585327,Basavakalyan,KARNATAKA,Y,Y,N,,
,686033,Kottayam,KERALA,Y,Y,N,,
,623519,Ramanathapuram,TAMIL NADU,N,N,N,,
,624301,Dindigul,TAMIL NADU,Y,Y,Y,,
,691527,KOTTARAKKARA,KERALA,N,N,N,,
,690574,THODIYOOR,KERALA,N,N,N,,
,643270,PANDALUR,TAMIL NADU,N,N,N,,
,635307,UTHANGARAI,TAMIL NADU,Y,Y,N,,
,676303,VENGARA,KERALA,Y,Y,Y,,
,628658,UTHANGARAI,TAMIL NADU,Y,Y,N,,
,581302,Kampli,KARNATAKA,N,N,N,,
,614906,ADIRAMAPATTINAM,TAMIL NADU,Y,Y,Y,,
,680518,THRISSUR,KERALA,Y,Y,Y,,
,581124,Hubli,KARNATAKA,Y,Y,Y,,
,678583,PALAKKAD,KERALA,N,N,N,,
,627356,TIRUNELVELI,TAMIL NADU,Y,Y,Y,,
,678542,Vadakkenchery,KERALA,Y,Y,Y,,
,609401,Thanjavur,TAMIL NADU,N,N,N,,
,590000,Belgaum,KARNATAKA,Y,Y,Y,,
,571403,Mandya,KARNATAKA,Y,Y,N,,
,673582,KODANCHERY,KERALA,Y,Y,N,,
,582128,NARGUND,KARNATAKA,Y,Y,N,,
,695003,Trivandrum,KERALA,Y,Y,Y,,
,691574,Edava,KERALA,Y,Y,Y,,
,577516,Malebennur,KARNATAKA,N,N,N,,
,680552,THRISSUR,KERALA,N,N,N,,
,689621,Allapey,KERALA,Y,Y,N,,
,635139,Dharmapuri,TAMIL NADU,Y,Y,N,,
,621703,Lalgudi,TAMIL NADU,Y,Y,N,,
,582118,MUNDARGI,KARNATAKA,Y,Y,N,,
,688014,Allapey,KERALA,Y,Y,Y,,
,636108,Salem,TAMIL NADU,Y,Y,N,,
,635209,Gopichettipalyam,TAMIL NADU,N,N,N,,
,670581,Taliparamba,KERALA,Y,Y,Y,,
,636308,Salem,TAMIL NADU,Y,Y,Y,,
,590012,Belgaum,KARNATAKA,N,N,Y,,
,576232,BYNDOOR,KARNATAKA,Y,Y,N,,
,571312,Mysore,KARNATAKA,N,N,N,,
,586122,Bijapur,KARNATAKA,Y,Y,N,,
,680664,Kodungallur,KERALA,Y,Y,Y,,
,581183,DAVANGERE,KARNATAKA,Y,Y,N,,
,581214,Haveri,KARNATAKA,Y,Y,N,,
,695601,Trivandrum,KERALA,Y,Y,Y,,
,572128,Tumkur,KARNATAKA,Y,Y,N,,
,621220,Perambalur,TAMIL NADU,Y,Y,Y,,
,673022,Ulliyeri,KERALA,Y,Y,N,,
,641026,Coimbatore,TAMIL NADU,Y,Y,Y,,
,686027,Kottayam,KERALA,Y,Y,N,,
,627771,TIRUNELVELI,TAMIL NADU,Y,Y,N,,
,680008,TRICHUR,KERALA,Y,Y,Y,,
,690561,CHARUMOOD,KERALA,N,N,N,,
,627862,Salem,TAMIL NADU,Y,Y,Y,,
,624101,KODAIKANAL,TAMIL NADU,Y,Y,N,,
,580001,Dharwad,KARNATAKA,Y,Y,Y,,
,624314,Dindigul,TAMIL NADU,N,N,N,,
,621214,Trichy,TAMIL NADU,Y,Y,N,,
,686531,Kottayam,KERALA,N,N,N,,
,591108,Belgaum,KARNATAKA,Y,Y,Y,,
,626168,SIVAKASI,TAMIL NADU,Y,Y,N,,
,627717,TIRUNELVELI,TAMIL NADU,Y,Y,N,,
,670358,Kannur,KERALA,Y,Y,Y,,
,581426,NAVNAGAR,KARNATAKA,N,N,N,,
,691021,Kollam,KERALA,Y,Y,Y,,
,642112,Udumalpet,TAMIL NADU,Y,Y,N,,
,627808,Tenkasi,TAMIL NADU,Y,Y,Y,,
,573136,Hassan,KARNATAKA,Y,Y,N,,
,683572,Cochin,KERALA,Y,Y,Y,,
,679102,OTTAPALAM,KERALA,Y,Y,N,,
,571319,Chamarajanagar,KARNATAKA,Y,Y,Y,,
,591226,CHIKODI,KARNATAKA,N,N,N,,
,688632,Kottayam,KERALA,Y,Y,N,,
,673122,KALPETTA,KERALA,Y,Y,N,,
,581158,Hubli,KARNATAKA,Y,Y,N,,
,584139,Lingasugur,KARNATAKA,N,N,N,,
,686589,PALA,KERALA,Y,Y,N,,
,691009,Kollam,KERALA,Y,Y,Y,,
,583102,Bellary,KARNATAKA,Y,Y,Y,,
,679321,Malappuram,KERALA,Y,Y,Y,,
,571441,Kollegala,KARNATAKA,N,N,N,,
,628625,TIRUNELVELI,TAMIL NADU,Y,Y,N,,
,679124,OTTAPALAM,KERALA,N,N,N,,
,581202,Haveri,KARNATAKA,N,N,Y,,
,636809,ULAGANAHALLI,TAMIL NADU,Y,Y,N,,
,577601,Harihar,KARNATAKA,Y,Y,Y,,
,680506,Guruvayur,KERALA,Y,Y,Y,,
,606201,Thalaivasal,TAMIL NADU,Y,Y,N,,
,623518,Ramanathapuram,TAMIL NADU,Y,Y,N,,
,571251,SHUNTIKOPPA,KARNATAKA,Y,Y,N,,
,678557,PALAKKAD,KERALA,Y,Y,Y,,
,624204,Ayyampalyam,TAMIL NADU,Y,Y,Y,,
,680505,Guruvayur,KERALA,Y,Y,N,,
,561100,BANGALORE,KARNATAKA,Y,Y,N,,
,624214,Dindigul,TAMIL NADU,N,N,N,,
,678531,PALAKKAD,KERALA,N,N,Y,,
,682306,Cochin,KERALA,Y,Y,Y,,
,690572,Mavelikera,KERALA,Y,Y,Y,,
,627723,TIRUNELVELI,TAMIL NADU,Y,Y,N,,
,576228,BYNDOOR,KARNATAKA,Y,Y,N,,
,560096,BANGALORE,KARNATAKA,Y,Y,Y,,
,587242,Badami,KARNATAKA,N,N,N,,
,562145,HOSUR,KARNATAKA,N,N,N,,
,678600,PALAKKAD,KERALA,Y,Y,N,,
,673577,KALPETTA,KERALA,Y,Y,N,,
,590018,Belgaum,KARNATAKA,Y,Y,Y,,
,637504,Salem,TAMIL NADU,Y,Y,N,,
,641029,Coimbatore,TAMIL NADU,Y,Y,N,,
,670101,Kannur,KERALA,Y,Y,Y,,
,629165,MARTHANDAM,TAMIL NADU,Y,Y,N,,
,636008,Salem,TAMIL NADU,Y,Y,Y,,
,570029,Mysore,KARNATAKA,Y,Y,Y,,
,685566,Kattapana,KERALA,N,N,N,,
,678685,Vadakkenchery,KERALA,N,N,N,,
,678601,PALAKKAD,KERALA,Y,Y,Y,,
,685588,Thodupuzha,KERALA,N,N,N,,
,629151,MARTHANDAM,TAMIL NADU,Y,Y,N,,
,627818,Tenkasi,TAMIL NADU,Y,Y,N,,
,643205,PANDALUR,TAMIL NADU,N,N,N,,
,609802,Thanjavur,TAMIL NADU,Y,Y,Y,,
,679532,PALAKKAD,KERALA,Y,Y,Y,,
,688020,Allapey,KERALA,Y,Y,N,,
,574117,Padubidri,KARNATAKA,N,N,N,,
,591507,Nipani,KARNATAKA,Y,Y,N,,
,686654,PALA,KERALA,Y,Y,N,,
,690578,Karunagappally,KERALA,N,N,N,,
,636702,Dharmapuri,TAMIL NADU,Y,Y,Y,,
,571406,Mandya,KARNATAKA,Y,Y,Y,,
,612204,Kumbakonam,TAMIL NADU,Y,Y,Y,,
,626125,Rajapalayam,TAMIL NADU,Y,Y,N,,
,679584,EDAPPAL,KERALA,Y,Y,N,,
,560032,BANGALORE,KARNATAKA,N,N,Y,,
,689643,Pathanamthitta,KERALA,N,N,N,,
,621101,Perambalur,TAMIL NADU,Y,Y,Y,,
,574201,Uppinangady,KARNATAKA,Y,Y,Y,,
,691585,NEENDAKARA,KERALA,Y,Y,N,,
,609204,Thanjavur,TAMIL NADU,Y,Y,N,,
,690518,Karunagappally,KERALA,N,N,N,,
,673317,Kakkodi,KERALA,N,N,N,,
,682204,OTTAPALAM,KERALA,Y,Y,N,,
,683503,Cochin,KERALA,N,N,N,,
,691581,NEENDAKARA,KERALA,Y,Y,Y,,
,587317,MUDHOL,KARNATAKA,N,N,N,,
,621314,Pudukkottai,TAMIL NADU,Y,Y,N,,
,680566,Edamuttam,KERALA,Y,Y,N,,
,636306,Omalur,TAMIL NADU,N,N,N,,
,627802,Tenkasi,TAMIL NADU,Y,Y,Y,,
,673021,ELATHUR,KERALA,Y,Y,Y,,
,638454,Sathyamangalam,TAMIL NADU,Y,Y,N,,
,627853,Tenkasi,TAMIL NADU,Y,Y,Y,,
,635127,Dharmapuri,TAMIL NADU,Y,Y,N,,
,628631,TIRUNELVELI,TAMIL NADU,Y,Y,N,,
,682038,Cochin,KERALA,Y,Y,Y,,
,625516,CUMBAM,TAMIL NADU,Y,Y,N,,
,628002,Tuticorin,TAMIL NADU,Y,Y,Y,,
,614723,ADIRAMAPATTINAM,TAMIL NADU,N,N,N,,
,622102,Pudukkottai,TAMIL NADU,N,N,N,,
,695582,KANIYAPURAM,KERALA,Y,Y,Y,,
,626143,Rajapalayam,TAMIL NADU,N,N,N,,
,560071,BANGALORE,KARNATAKA,Y,Y,Y,,
,609501,Thanjavur,TAMIL NADU,Y,Y,Y,,
,678633,PALAKKAD,KERALA,N,N,N,,
,686512,Edakunnam,KERALA,Y,Y,N,,
,626108,Rajapalayam,TAMIL NADU,Y,Y,N,,
,680553,THRISSUR,KERALA,Y,Y,Y,,
,639005,Karur,TAMIL NADU,Y,Y,Y,,
,628716,KOVILPATTI,TAMIL NADU,N,N,N,,
,581401,Sirsi,KARNATAKA,Y,Y,N,,
,576221,Kundapura,KARNATAKA,Y,Y,N,,
,629509,Nagercoil,TAMIL NADU,Y,Y,N,,
,624504,Gopichettipalyam,TAMIL NADU,Y,Y,N,,
,637302,Sankagiri,TAMIL NADU,Y,Y,Y,,
,695305,Chirayinkeezhu,KERALA,N,N,N,,
,560035,BANGALORE,KARNATAKA,Y,Y,Y,,
,576257,Kundapura,KARNATAKA,Y,Y,N,,
,625582,Theni,TAMIL NADU,Y,Y,Y,,
,673123,KALPETTA,KERALA,Y,Y,Y,,
,627120,KANYAKUMARI,TAMIL NADU,N,N,N,,
,690521,Sasthamkotta,KERALA,Y,Y,N,,
,682022,Cochin,KERALA,N,N,N,,
,577452,HOSANAGARA,KARNATAKA,Y,Y,N,,
,690507,Mavelikera,KERALA,Y,Y,Y,,
,621801,JEYAMKONDAM,TAMIL NADU,N,N,N,,
,635815,Natrampalli,TAMIL NADU,Y,Y,N,,
,591229,Nipani,KARNATAKA,Y,Y,N,,
,582215,Haveri,KARNATAKA,Y,Y,N,,
,686670,Thodupuzha,KERALA,Y,Y,Y,,
,686560,Kottayam,KERALA,Y,Y,Y,,
,628211,Thiruchendur,TAMIL NADU,Y,Y,Y,,
,673501,Calicut,KERALA,Y,Y,N,,
,671351,PADANNA,KERALA,N,N,N,,
,577128,SHIVAMOGGA,KARNATAKA,Y,Y,N,,
,678558,PALAKKAD,KERALA,Y,Y,N,,
,627756,Salem,TAMIL NADU,Y,Y,Y,,
,563117,Kolar,KARNATAKA,Y,Y,Y,,
,695604,Trivandrum,KERALA,Y,Y,Y,,
,585222,SEDAM,KARNATAKA,Y,Y,N,,
,695011,Trivandrum,KERALA,Y,Y,Y,,
,621307,MANAPPARAI,TAMIL NADU,Y,Y,N,,
,577114,Basarikatte,KARNATAKA,Y,Y,N,,
,628222,TIRUNELVELI,TAMIL NADU,Y,Y,N,,
,683563,Cochin,KERALA,Y,Y,Y,,
,570001,Mysore,KARNATAKA,Y,Y,Y,,
,635207,UTHANGARAI,TAMIL NADU,Y,Y,N,,
,626153,Virudhunagar,TAMIL NADU,Y,Y,N,,
,623215,KARAIKUDI,TAMIL NADU,Y,Y,N,,
,629174,MARTHANDAM,TAMIL NADU,Y,Y,N,,
,678505,PALAKKAD,KERALA,N,N,N,,
,695101,Edava,KERALA,Y,Y,N,,
,688002,Allapey,KERALA,Y,Y,Y,,
,689673,RANNI,KERALA,N,N,N,,
,578105,Manipal,KARNATAKA,Y,Y,N,,
,612702,Kumbakonam,TAMIL NADU,Y,Y,Y,,
,591288,Nipani,KARNATAKA,Y,Y,N,,
,695618,Trivandrum,KERALA,Y,Y,Y,,
,583276,Hospet,KARNATAKA,Y,Y,Y,,
,627433,TIRUNELVELI,TAMIL NADU,Y,Y,Y,,
,629805,Nagercoil,TAMIL NADU,Y,Y,N,,
,614016,Tiruvarur,TAMIL NADU,Y,Y,N,,
,685511,Kattapana,KERALA,N,N,N,,
,673011,ELATHUR,KERALA,Y,Y,Y,,
,585313,JEWARGI,KARNATAKA,Y,Y,N,,
,680656,THRISSUR,KERALA,Y,Y,Y,,
,612503,Kumbakonam,TAMIL NADU,Y,Y,Y,,
,686502,Kottayam,KERALA,N,N,N,,
,626147,Virudhunagar,TAMIL NADU,Y,Y,N,,
,627006,TIRUNELVELI,TAMIL NADU,Y,Y,Y,,
,639205,Karur,TAMIL NADU,Y,Y,Y,,
,680666,Kodungallur,KERALA,Y,Y,N,,
,686020,Kottayam,KERALA,N,N,N,,
,688582,Cherthala,KERALA,Y,Y,N,,
,671310,Kannur,KERALA,N,N,N,,
,680662,Irinjalakuda,KERALA,N,N,N,,
,571313,Chamarajanagar,KARNATAKA,Y,Y,Y,,
,637209,Sankagiri,TAMIL NADU,Y,Y,N,,
,614203,PAPANASAM,TAMIL NADU,N,N,N,,
,686524,PALA,KERALA,Y,Y,N,,
,576283,Kundapura,KARNATAKA,N,N,N,,
,679522,OTTAPALAM,KERALA,Y,Y,Y,,
,636499,Omalur,TAMIL NADU,N,N,N,,
,635204,ORATHANADU,TAMIL NADU,N,N,N,,
,576115,Manipal,KARNATAKA,Y,Y,N,,
,587123,Badami,KARNATAKA,N,N,N,,
,623532,Ramanathapuram,TAMIL NADU,N,N,N,,
,670564,Kannur,KERALA,N,N,N,,
,586103,Bijapur,KARNATAKA,Y,Y,N,,
,688008,Allapey,KERALA,Y,Y,Y,,
,623716,Ramanathapuram,TAMIL NADU,Y,Y,N,,
,680722,THRISSUR,KERALA,N,N,N,,
,679513,PALAKKAD,KERALA,N,N,Y,,
,608402,KARUNAPURAM,TAMIL NADU,Y,Y,Y,,
,637026,Namakkal,TAMIL NADU,N,N,N,,
,673595,Bathery,KERALA,Y,Y,Y,,
,629503,Nagercoil,TAMIL NADU,Y,Y,N,,
,636458,METTUR,TAMIL NADU,N,N,N,,
,560062,BANGALORE,KARNATAKA,Y,Y,Y,,
,691311,CHITHARA,KERALA,Y,Y,N,,
,690564,Mavelikera,KERALA,Y,Y,N,,
,636813,Dharmapuri,TAMIL NADU,N,N,N,,
,689647,Pathanamthitta,KERALA,Y,Y,Y,,
,695015,Trivandrum,KERALA,Y,Y,Y,,
,614703,Trichy,TAMIL NADU,Y,Y,Y,,
,673571,KOZHIKODE,KERALA,N,N,N,,
,628907,Tuticorin,TAMIL NADU,Y,Y,N,,
,676577,EDAPPAL,KERALA,Y,Y,N,,
,560060,BANGALORE,KARNATAKA,Y,Y,Y,,
,690513,Mavelikera,KERALA,Y,Y,Y,,
,571128,Mysore,KARNATAKA,N,N,N,,
,582111,RON,KARNATAKA,Y,Y,N,,
,686522,Kottayam,KERALA,Y,Y,Y,,
,635851,Natrampalli,TAMIL NADU,Y,Y,Y,,
,694582,Trivandrum,KERALA,Y,Y,N,,
,621313,MANAPPARAI,TAMIL NADU,Y,Y,N,,
,584122,Lingasugur,KARNATAKA,N,N,N,,
,642201,Udumalpet,TAMIL NADU,Y,Y,N,,
,575008,Mangalore,KARNATAKA,Y,Y,Y,,
,560082,BANGALORE,KARNATAKA,Y,Y,Y,,
,686730,Thodupuzha,KERALA,N,N,N,,
,679311,OTTAPALAM,KERALA,N,N,N,,
,673632,Calicut,KERALA,Y,Y,Y,,
,682506,Cochin,KERALA,Y,Y,Y,,
,695581,Trivandrum,KERALA,Y,Y,Y,,
,574104,KARKALA,KARNATAKA,Y,Y,N,,
,581308,Kampli,KARNATAKA,N,N,N,,
,572102,Tumkur,KARNATAKA,Y,Y,Y,,
,641017,Coimbatore,TAMIL NADU,Y,Y,Y,,
,577552,Santhebennur,KARNATAKA,Y,Y,N,,
,686014,Kottayam,KERALA,N,N,N,,
,673602,MUKKAM,KERALA,Y,Y,Y,,
,641104,ANNUR,TAMIL NADU,Y,Y,N,,
,686582,ERATTUPETTA,KERALA,Y,Y,N,,
,683104,Cochin,KERALA,N,N,N,,
,571419,Maddur,KARNATAKA,N,N,N,,
,678595,PALAKKAD,KERALA,N,N,N,,
,575002,Mangalore,KARNATAKA,Y,Y,Y,,
,624406,NATHAM,TAMIL NADU,Y,Y,N,,
,628205,Thiruchendur,TAMIL NADU,Y,Y,Y,,
,628721,Salem,TAMIL NADU,N,N,N,,
,583232,YELBURAGA,KARNATAKA,Y,Y,Y,,
,621103,Perambalur,TAMIL NADU,Y,Y,Y,,
,670009,Kannur,KERALA,Y,Y,Y,,
,689126,Allapey,KERALA,Y,Y,N,,
,638316,Lakshminagar,TAMIL NADU,Y,Y,Y,,
,671357,Kannur,KERALA,N,N,N,,
,626052,Virudhunagar,TAMIL NADU,Y,Y,N,,
,691502,Sasthamkotta,KERALA,Y,Y,N,,
,572131,Nagasandra,KARNATAKA,Y,Y,N,,
,587212,Badami,KARNATAKA,Y,Y,N,,
,587154,ILKAL,KARNATAKA,N,N,N,,
,682011,Cochin,KERALA,N,N,N,,
,582228,NARGUND,KARNATAKA,Y,Y,N,,
,641044,Coimbatore,TAMIL NADU,Y,Y,Y,,
,571610,K R NAGAR,KARNATAKA,Y,Y,Y,,
,581128,Haveri,KARNATAKA,N,N,N,,
,689547,Tiruvella,KERALA,N,N,N,,
,685585,Thodupuzha,KERALA,Y,Y,N,,
,591506,Gokak,KARNATAKA,Y,Y,Y,,
,627807,Tenkasi,TAMIL NADU,Y,Y,N,,
,623544,Ramanathapuram,TAMIL NADU,N,N,N,,
,609804,Kumbakonam,TAMIL NADU,Y,Y,Y,,
,695001,Trivandrum,KERALA,Y,Y,Y,,
,580029,Hubli,KARNATAKA,Y,Y,Y,,
,670143,Kannur,KERALA,Y,Y,Y,,
,626102,Rajapalayam,TAMIL NADU,Y,Y,N,,
,571216,Virajpet,KARNATAKA,N,N,N,,
,635855,Dharmapuri,TAMIL NADU,Y,Y,N,,
,671316,Kasargode,KERALA,N,N,N,,
,585262,HUMNABAD,KARNATAKA,Y,Y,N,,
,571236,SOMARPET,KARNATAKA,Y,Y,Y,,
,641011,Coimbatore,TAMIL NADU,Y,Y,Y,,
,585202,Yadgir,KARNATAKA,Y,Y,N,,
,673002,Calicut,KERALA,Y,Y,N,,
,680303,TRICHUR,KERALA,Y,Y,Y,,
,583273,Bellary,KARNATAKA,Y,Y,N,,
,629804,MARTHANDAM,TAMIL NADU,Y,Y,N,,
,682304,Cochin,KERALA,Y,Y,Y,,
,573147,Arakalgud,KARNATAKA,Y,Y,N,,
,628217,Thiruchendur,TAMIL NADU,Y,Y,Y,,
,614715,Trichy,TAMIL NADU,N,N,N,,
,591339,CHIKODI,KARNATAKA,Y,Y,N,,
,695033,Trivandrum,KERALA,Y,Y,Y,,
,571185,Mysore,KARNATAKA,Y,Y,N,,
,678761,PALAKKAD,KERALA,N,N,N,,
,626116,Rajapalayam,TAMIL NADU,Y,Y,Y,,
,635824,Krishnagiri,TAMIL NADU,N,N,N,,
,691304,Chathannur,KERALA,Y,Y,N,,
,574232,Mangalore,KARNATAKA,Y,Y,N,,
,673586,KODANCHERY,KERALA,Y,Y,N,,
,680321,THRISSUR,KERALA,N,N,N,,
,682012,Cochin,KERALA,N,N,N,,
,680588,OTTAPALAM,KERALA,Y,Y,Y,,
,670014,Kannur,KERALA,Y,Y,Y,,
,570030,Mysore,KARNATAKA,Y,Y,N,,
,638007,Sankagiri,TAMIL NADU,N,N,N,,
,562163,Doddaballapura,KARNATAKA,N,N,N,,
,627856,Tenkasi,TAMIL NADU,Y,Y,Y,,
,678545,Vadakkenchery,KERALA,N,N,N,,
,678533,PALAKKAD,KERALA,Y,Y,N,,
,613001,Thanjavur,TAMIL NADU,Y,Y,Y,,
,577551,Honnalli,KARNATAKA,N,N,N,,
,637503,Morepalayam,TAMIL NADU,N,N,N,,
,624628,Dindigul,TAMIL NADU,N,N,N,,
,683517,Cochin,KERALA,Y,Y,N,,
,626058,Virudhunagar,TAMIL NADU,Y,Y,N,,
,671350,Kannur,KERALA,Y,Y,N,,
,695505,Neyyattinkara,KERALA,Y,Y,Y,,
,689113,Tiruvella,KERALA,N,N,N,,
,680102,Guruvayur,KERALA,Y,Y,N,,
,627012,TIRUNELVELI,TAMIL NADU,Y,Y,Y,,
,577596,CHITRADURGA,KARNATAKA,N,N,N,,
,686631,Kottayam,KERALA,Y,Y,Y,,
,682018,Cochin,KERALA,N,N,N,,
,628305,TIRUNELVELI,TAMIL NADU,Y,Y,N,,
,627901,TIRUNELVELI,TAMIL NADU,Y,Y,Y,,
,590015,Belgaum,KARNATAKA,Y,Y,Y,,
,590001,Belgaum,KARNATAKA,Y,Y,Y,,
,636309,Omalur,TAMIL NADU,Y,Y,Y,,
,622504,Coimbatore,TAMIL NADU,N,N,N,,
,627251,TIRUNELVELI,TAMIL NADU,Y,Y,Y,,
,680601,TRICHUR,KERALA,Y,Y,N,,
,591338,Belgaum,KARNATAKA,Y,Y,Y,,
,630606,Sivagangai,TAMIL NADU,N,N,N,,
,577004,DAVANGERE,KARNATAKA,Y,Y,Y,,
,678634,OTTAPALAM,KERALA,Y,Y,N,,
,673007,Calicut,KERALA,Y,Y,Y,,
,689511,Allapey,KERALA,Y,Y,N,,
,575007,Mangalore,KARNATAKA,Y,Y,Y,,
,581329,HALIYAL,KARNATAKA,Y,Y,N,,
,695607,Kottiyod,KERALA,Y,Y,Y,,
,580023,Hubli,KARNATAKA,Y,Y,Y,,
,623209,KARAIKUDI,TAMIL NADU,Y,Y,N,,
,686587,Kottayam,KERALA,Y,Y,Y,,
,621218,Lalgudi,TAMIL NADU,Y,Y,N,,
,628228,TIRUNELVELI,TAMIL NADU,Y,Y,N,,
,591114,YARGATTI,KARNATAKA,Y,Y,Y,,
,676310,PUTHANATHANI,KERALA,Y,Y,Y,,
,583221,Hospet,KARNATAKA,Y,Y,Y,,
,673024,VELLIMADUKUNNU,KERALA,N,N,N,,
,626532,Usilampatti,TAMIL NADU,Y,Y,N,,
,591267,Nipani,KARNATAKA,Y,Y,N,,
,571130,Mysore,KARNATAKA,Y,Y,N,,
,680593,PALAKKAD,KERALA,Y,Y,N,,
,626158,Virudhunagar,TAMIL NADU,Y,Y,N,,
,670304,Kannur,KERALA,Y,Y,Y,,
,574153,Bantwal,KARNATAKA,N,N,N,,
,621212,Perambalur,TAMIL NADU,Y,Y,Y,,
,612803,Tiruvarur,TAMIL NADU,Y,Y,N,,
,577153,SHIVAMOGGA,KARNATAKA,Y,Y,N,,
,515332,HINDUPUR,ANDHRA PRADESH,Y,Y,N,,
,613004,Thanjavur,TAMIL NADU,Y,Y,Y,,
,680012,TRICHUR,KERALA,Y,Y,Y,,
,627761,Salem,TAMIL NADU,Y,Y,Y,,
,560033,BANGALORE,KARNATAKA,Y,Y,Y,,
,685584,Thodupuzha,KERALA,Y,Y,Y,,
,695099,Trivandrum,KERALA,Y,Y,Y,,
,636113,Namakkal,TAMIL NADU,Y,Y,Y,,
,624202,Ayyampalyam,TAMIL NADU,Y,Y,Y,,
,623207,KARAIKUDI,TAMIL NADU,Y,Y,N,,
,625534,CUMBAM,TAMIL NADU,Y,Y,Y,,
,572103,Tumkur,KARNATAKA,Y,Y,Y,,
,587213,Bagalkot,KARNATAKA,Y,Y,Y,,
,695019,Trivandrum,KERALA,Y,Y,Y,,
,680571,THRISSUR,KERALA,N,N,N,,
,642001,Pollachi,TAMIL NADU,Y,Y,Y,,
,587312,MUDALGI,KARNATAKA,N,N,N,,
,635304,UTHANGARAI,TAMIL NADU,Y,Y,N,,
,591178,Gokak,KARNATAKA,Y,Y,Y,,
,680523,KUNNAMKULAM,KERALA,Y,Y,Y,,
,613602,Thanjavur,TAMIL NADU,Y,Y,Y,,
,627003,TIRUNELVELI,TAMIL NADU,Y,Y,Y,,
,585401,Bidar,KARNATAKA,Y,Y,Y,,
,623546,Ramanathapuram,TAMIL NADU,Y,Y,N,,
,610002,Tiruvarur,TAMIL NADU,Y,Y,Y,,
,623320,UTHANGARAI,TAMIL NADU,Y,Y,N,,
,695572,Trivandrum,KERALA,Y,Y,Y,,
,691325,Punalur,KERALA,Y,Y,N,,
,680581,THRISSUR,KERALA,Y,Y,Y,,
,573216,Hassan,KARNATAKA,N,N,Y,,
,625601,Theni,TAMIL NADU,Y,Y,N,,
,628654,TIRUNELVELI,TAMIL NADU,Y,Y,N,,
,671125,Kasargode,KERALA,Y,Y,N,,
,621012,THURAIYUR,TAMIL NADU,Y,Y,N,,
,638466,Sathyamangalam,TAMIL NADU,Y,Y,Y,,
,638672,Dharapuram,TAMIL NADU,Y,Y,Y,,
,580006,Dharwad,KARNATAKA,Y,Y,Y,,
,627114,KANYAKUMARI,TAMIL NADU,N,N,N,,
,685582,Thodupuzha,KERALA,Y,Y,Y,,
,627858,Tenkasi,TAMIL NADU,Y,Y,Y,,
,683101,Cochin,KERALA,Y,Y,Y,,
,609502,Thanjavur,TAMIL NADU,N,N,N,,
,679562,Guruvayur,KERALA,Y,Y,N,,
,629707,KANYAKUMARI,TAMIL NADU,Y,Y,N,,
,683589,Cochin,KERALA,Y,Y,N,,
,614620,Trichy,TAMIL NADU,N,N,N,,
,628203,Thiruchendur,TAMIL NADU,Y,Y,Y,,
,690542,Karunagappally,KERALA,N,N,N,,
,641002,Coimbatore,TAMIL NADU,Y,Y,Y,,
,571151,Kollegala,KARNATAKA,N,N,N,,
,636401,METTUR,TAMIL NADU,Y,Y,N,,
,627806,Tenkasi,TAMIL NADU,Y,Y,Y,,
,609801,MAYILADURAI,TAMIL NADU,Y,Y,N,,
,627953,Salem,TAMIL NADU,Y,Y,N,,
,587201,Badami,KARNATAKA,N,N,N,,
,629003,Nagercoil,TAMIL NADU,Y,Y,Y,,
,627861,Tenkasi,TAMIL NADU,Y,Y,N,,
,689581,Tiruvella,KERALA,N,N,N,,
,678504,PALAKKAD,KERALA,N,N,N,,
,683542,Perumbavoor,KERALA,Y,Y,Y,,
,686104,Tiruvella,KERALA,N,N,N,,
,686596,PALA,KERALA,Y,Y,N,,
,624310,Dindigul,TAMIL NADU,N,N,N,,
,610203,Trichy,TAMIL NADU,N,N,Y,,
,695316,Trivandrum,KERALA,Y,Y,Y,,
,625005,Thiruparankundram,TAMIL NADU,Y,Y,N,,
,680564,THRISSUR,KERALA,N,N,N,,
,560026,BANGALORE,KARNATAKA,Y,Y,Y,,
,628154,TIRUNELVELI,TAMIL NADU,Y,Y,N,,
,627103,VALLIYOOR,TAMIL NADU,Y,Y,N,,
,629156,MARTHANDAM,TAMIL NADU,Y,Y,N,,
,638059,Gopichettipalyam,TAMIL NADU,Y,Y,Y,,
,682021,Cochin,KERALA,N,N,N,,
,626178,SIVAKASI,TAMIL NADU,Y,Y,N,,
,591274,CHIKODI,KARNATAKA,Y,Y,N,,
,606106,Cuddalore,TAMIL NADU,Y,Y,N,,
,583211,Hospet,KARNATAKA,Y,Y,Y,,
,688564,Allapey,KERALA,Y,Y,Y,,
,628502,KOVILPATTI,TAMIL NADU,Y,Y,N,,
,573111,Channarayapatna,KARNATAKA,N,N,N,,
,574203,Uppinangady,KARNATAKA,Y,Y,N,,
,636307,Salem,TAMIL NADU,Y,Y,Y,,
,628661,TIRUNELVELI,TAMIL NADU,Y,Y,N,,
,627432,TIRUNELVELI,TAMIL NADU,Y,Y,N,,
,627354,VALLIYOOR,TAMIL NADU,N,N,N,,
,678703,Vadakkenchery,KERALA,N,N,N,,
,670017,Valiyannur,KERALA,Y,Y,Y,,
,670605,Rajapalayam,TAMIL NADU,Y,Y,Y,,
,571108,Mysore,KARNATAKA,Y,Y,N,,
,686510,Pathanamthitta,KERALA,N,N,N,,
,636110,Namakkal,TAMIL NADU,Y,Y,N,,
,680623,TRICHUR,KERALA,Y,Y,Y,,
,585321,Yadgir,KARNATAKA,N,N,N,,
,581403,Sirsi,KARNATAKA,Y,Y,Y,,
,673647,Kondotty,KERALA,N,N,N,,
,642008,Pollachi,TAMIL NADU,Y,Y,Y,,
,635114,BANGALORE,KARNATAKA,Y,Y,Y,,
,623214,KARAIKUDI,TAMIL NADU,Y,Y,N,,
,571160,Mysore,KARNATAKA,Y,Y,N,,
,695566,Trivandrum,KERALA,Y,Y,N,,
,629005,KANYAKUMARI,TAMIL NADU,Y,Y,Y,,
,612202,Kumbakonam,TAMIL NADU,Y,Y,Y,,
,624317,Dindigul,TAMIL NADU,N,N,N,,
,583225,Hospet,KARNATAKA,Y,Y,Y,,
,683594,Cochin,KERALA,Y,Y,N,,
,686003,Kottayam,KERALA,N,N,N,,
,680325,CHERPU,KERALA,Y,Y,Y,,
,624002,Dindigul,TAMIL NADU,Y,Y,Y,,
,574223,Mangalore,KARNATAKA,Y,Y,N,,
,685583,Thodupuzha,KERALA,Y,Y,Y,,
,676507,Malappuram,KERALA,Y,Y,N,,
,627854,Tenkasi,TAMIL NADU,Y,Y,N,,
,624008,Dindigul,TAMIL NADU,N,N,N,,
,581400,Karwar,KARNATAKA,Y,Y,N,,
,630203,THIRUPPATHUR,TAMIL NADU,Y,Y,Y,,
,585330,HUMNABAD,KARNATAKA,Y,Y,N,,
,638503,Sathyamangalam,TAMIL NADU,Y,Y,N,,
,683521,Cochin,KERALA,Y,Y,N,,
,571122,TNARASIPUR,KARNATAKA,Y,Y,N,,
,670338,Kannur,KERALA,Y,Y,N,,
,585266,Kalaburagi,KARNATAKA,Y,Y,N,,
,560002,BANGALORE,KARNATAKA,N,N,Y,,
,680575,CHERPU,KERALA,N,N,N,,
,695123,Neyyattinkara,KERALA,Y,Y,N,,
,627714,KOVILPATTI,TAMIL NADU,Y,Y,N,,
,671541,Kasargode,KERALA,Y,Y,Y,,
,636503,Omalur,TAMIL NADU,N,N,N,,
,680103,Guruvayur,KERALA,Y,Y,N,,
,695551,Trivandrum,KERALA,N,N,N,,
,614018,Tiruvarur,TAMIL NADU,Y,Y,N,,
,624501,Dindigul,TAMIL NADU,N,N,N,,
,670522,Kannur,KERALA,Y,Y,N,,
,676124,Manjery,KERALA,Y,Y,N,,
,691512,KOTTARAKKARA,KERALA,Y,Y,N,,
,591295,CHIKODI,KARNATAKA,Y,Y,N,,
,690102,Mavelikera,KERALA,Y,Y,Y,,
,571254,Virajpet,KARNATAKA,N,N,N,,
,560066,BANGALORE,KARNATAKA,Y,Y,Y,,
,695143,Edava,KERALA,Y,Y,Y,,
,680522,Guruvayur,KERALA,Y,Y,N,,
,629152,MARTHANDAM,TAMIL NADU,Y,Y,Y,,
,591251,Gokak,KARNATAKA,Y,Y,Y,,
,587102,Bagalkot,KARNATAKA,Y,Y,Y,,
,614810,Trichy,TAMIL NADU,Y,Y,Y,,
,630001,KARAIKUDI,TAMIL NADU,Y,Y,Y,,
,641019,PERIYAPALAYAM,TAMIL NADU,Y,Y,N,,
,636354,Omalur,TAMIL NADU,N,N,Y,,
,577301,SHIVAMOGGA,KARNATAKA,Y,Y,N,,
,641046,Coimbatore,TAMIL NADU,Y,Y,N,,
,627866,TIRUNELVELI,TAMIL NADU,Y,Y,N,,
,638505,Gopichettipalyam,TAMIL NADU,Y,Y,N,,
,695612,Trivandrum,KERALA,Y,Y,Y,,
,680673,Kodungallur,KERALA,Y,Y,Y,,
,673017,Calicut,KERALA,Y,Y,Y,,
,627813,Tenkasi,TAMIL NADU,Y,Y,Y,,
,691320,KOTTARAKKARA,KERALA,Y,Y,N,,
,673009,ELATHUR,KERALA,Y,Y,Y,,
,686546,Tiruvella,KERALA,N,N,N,,
,680615,Manalur,KERALA,Y,Y,N,,
,577544,Santhebennur,KARNATAKA,Y,Y,N,,
,689666,Pathanamthitta,KERALA,Y,Y,Y,,
,626210,Virudhunagar,TAMIL NADU,Y,Y,N,,
,577120,Thirthahalli,KARNATAKA,Y,Y,N,,
,623603,MUTHUKULATHUR,TAMIL NADU,N,N,N,,
,626054,Virudhunagar,TAMIL NADU,Y,Y,N,,
,642140,Pollachi,TAMIL NADU,Y,Y,N,,
,560100,BANGALORE,KARNATAKA,Y,Y,Y,,
,678682,Vadakkenchery,KERALA,N,N,N,,
,627754,Salem,TAMIL NADU,Y,Y,Y,,
,643214,Kotigiri,TAMIL NADU,Y,Y,Y,,
,636140,AYOTHIYAPATINAM,TAMIL NADU,Y,Y,N,,
,680005,TRICHUR,KERALA,Y,Y,Y,,
,682014,Cochin,KERALA,N,N,N,,
,626179,SIVAKASI,TAMIL NADU,Y,Y,N,,
,585124,Yadgir,KARNATAKA,N,N,N,,
,585247,Shahapur,KARNATAKA,N,N,N,,
,636305,Omalur,TAMIL NADU,Y,Y,Y,,
,686024,Kottayam,KERALA,Y,Y,N,,
,627911,TIRUNELVELI,TAMIL NADU,Y,Y,N,,
,628628,TIRUNELVELI,TAMIL NADU,Y,Y,N,,
,686568,PALA,KERALA,Y,Y,N,,
,637215,Sankagiri,TAMIL NADU,Y,Y,Y,,
,629203,Nagercoil,TAMIL NADU,Y,Y,N,,
,673315,Ulliyeri,KERALA,Y,Y,N,,
,638010,Sankagiri,TAMIL NADU,N,N,N,,
,678534,PALAKKAD,KERALA,Y,Y,Y,,
,622401,PONNAMARAVATHY,TAMIL NADU,Y,Y,Y,,
,626165,Virudhunagar,TAMIL NADU,Y,Y,N,,
,627351,TIRUNELVELI,TAMIL NADU,Y,Y,N,,
,609811,Thanjavur,TAMIL NADU,Y,Y,Y,,
,691004,Kollam,KERALA,Y,Y,Y,,
,679553,EDAPPAL,KERALA,Y,Y,N,,
,621304,MANAPPARAI,TAMIL NADU,Y,Y,N,,
,627423,Tenkasi,TAMIL NADU,Y,Y,Y,,
,585233,Shahapur,KARNATAKA,N,N,N,,
,573211,Holenarasipur,KARNATAKA,Y,Y,N,,
,609001,MAYILADURAI,TAMIL NADU,Y,Y,Y,,
,670002,Kannur,KERALA,Y,Y,Y,,
,621005,Trichy,TAMIL NADU,Y,Y,Y,,
,679521,OTTAPALAM,KERALA,Y,Y,Y,,
,591159,NARGUND,KARNATAKA,Y,Y,N,,
,680733,MALA KL,KERALA,Y,Y,Y,,
,686597,PALA,KERALA,Y,Y,N,,
,679302,OTTAPALAM,KERALA,Y,Y,Y,,
,573165,Sakleshpur,KARNATAKA,Y,Y,N,,
,639114,Karur,TAMIL NADU,Y,Y,Y,,
,688005,Allapey,KERALA,N,N,N,,
,686566,PALA,KERALA,Y,Y,N,,
,673616,Kakkodi,KERALA,N,N,N,,
,679581,EDAPPAL,KERALA,Y,Y,N,,
,625532,Usilampatti,TAMIL NADU,Y,Y,N,,
,614621,Trichy,TAMIL NADU,N,N,N,,
,673302,Calicut,KERALA,Y,Y,Y,,
,614207,Thanjavur,TAMIL NADU,Y,Y,Y,,
,571118,Nanjanagudu,KARNATAKA,N,N,N,,
,614626,ADIRAMAPATTINAM,TAMIL NADU,N,N,N,,
,670604,Taliparamba,KERALA,N,N,N,,
,606206,KARUNAPURAM,TAMIL NADU,Y,Y,N,,
,571214,MADIKERI,KARNATAKA,N,N,N,,
,680508,Guruvayur,KERALA,Y,Y,N,,
,560064,BANGALORE,KARNATAKA,Y,Y,Y,,
,695584,Kazhakkoottam,KERALA,Y,Y,Y,,
,574314,Sullia,KARNATAKA,N,N,N,,
,680586,ALATHUR,KERALA,Y,Y,Y,,
,571603,Mysore,KARNATAKA,N,N,N,,
,691018,Kollam,KERALA,Y,Y,N,,
,673557,Vadakara,KERALA,N,N,N,,
,582101,Gadag,KARNATAKA,Y,Y,Y,,
,638675,Gopichettipalyam,TAMIL NADU,Y,Y,Y,,
,623521,Ramanathapuram,TAMIL NADU,Y,Y,N,,
,678707,PALAKKAD,KERALA,Y,Y,Y,,
,627004,TIRUNELVELI,TAMIL NADU,Y,Y,N,,
,577427,Shikaripura,KARNATAKA,Y,Y,N,,
,609808,Thanjavur,TAMIL NADU,N,N,N,,
,641023,Coimbatore,TAMIL NADU,Y,Y,Y,,
,679327,NILAMBUR,KERALA,N,N,N,,
,621202,Trichy,TAMIL NADU,N,N,N,,
,624611,Palani,TAMIL NADU,N,N,Y,,
,627109,Nagercoil,TAMIL NADU,Y,Y,Y,,
,614602,ADIRAMAPATTINAM,TAMIL NADU,Y,Y,Y,,
,632320,Rajapalayam,TAMIL NADU,Y,Y,Y,,
,560013,BANGALORE,KARNATAKA,Y,Y,Y,,
,695573,Trivandrum,KERALA,Y,Y,N,,
,614101,Tiruvarur,TAMIL NADU,Y,Y,N,,
,622408,PONNAMARAVATHY,TAMIL NADU,Y,Y,N,,
,570003,Mysore,KARNATAKA,Y,Y,Y,,
,686041,Kottayam,KERALA,Y,Y,Y,,
,587208,Badami,KARNATAKA,N,N,N,,
,613516,Gopichettipalyam,TAMIL NADU,Y,Y,N,,
,641101,Thondamuthur,TAMIL NADU,N,N,N,,
,625004,Madurai,TAMIL NADU,Y,Y,Y,,
,678013,PALAKKAD,KERALA,Y,Y,Y,,
,686031,Kottayam,KERALA,Y,Y,N,,
,682042,Cochin,KERALA,N,N,N,,
,560091,BANGALORE,KARNATAKA,Y,Y,Y,,
,629187,MARTHANDAM,TAMIL NADU,N,N,N,,
,676502,Tirur,KERALA,Y,Y,Y,,
,613403,Thanjavur,TAMIL NADU,Y,Y,Y,,
,688529,Cherthala,KERALA,Y,Y,Y,,
,627416,Tenkasi,TAMIL NADU,Y,Y,Y,,
,670675,Kannur,KERALA,N,N,N,,
,682020,Cochin,KERALA,N,N,N,,
,638006,Sankagiri,TAMIL NADU,N,N,N,,
,587149,Badami,KARNATAKA,N,N,N,,
,695018,Trivandrum,KERALA,Y,Y,Y,,
,590002,Belgaum,KARNATAKA,Y,Y,Y,,
,623709,Ramanathapuram,TAMIL NADU,Y,Y,N,,
,691536,Trivandrum,KERALA,Y,Y,N,,
,670562,Kannur,KERALA,N,N,N,,
,670641,Kannur,KERALA,Y,Y,Y,,
,680544,KUNNAMKULAM,KERALA,Y,Y,Y,,
,627253,TIRUNELVELI,TAMIL NADU,Y,Y,N,,
,574103,SURATHKAL,KARNATAKA,Y,Y,Y,,
,583113,Kampli,KARNATAKA,Y,Y,N,,
,691319,PARAVUR,KERALA,Y,Y,N,,
,682305,Cochin,KERALA,Y,Y,Y,,
,670107,Kannur,KERALA,Y,Y,Y,,
,635857,Krishnagiri,TAMIL NADU,N,N,N,,
,572133,Madhugiri,KARNATAKA,Y,Y,N,,
,676126,Manjery,KERALA,Y,Y,Y,,
,678702,PALAKKAD,KERALA,Y,Y,Y,,
,689502,PANDALAM,KERALA,Y,Y,Y,,
,622411,PONNAMARAVATHY,TAMIL NADU,Y,Y,N,,
,628803,TIRUNELVELI,TAMIL NADU,Y,Y,N,,
,581215,Dharwad,KARNATAKA,Y,Y,N,,
,591196,SAUNDATTI,KARNATAKA,N,N,N,,
,582122,NARGUND,KARNATAKA,Y,Y,N,,
,678006,PALAKKAD,KERALA,Y,Y,Y,,
,643202,Coonoor,TAMIL NADU,Y,Y,Y,,
,586107,Bijapur,KARNATAKA,Y,Y,N,,
,695564,Trivandrum,KERALA,Y,Y,Y,,
,577218,Santhebennur,KARNATAKA,Y,Y,N,,
,638204,Udumalpet,TAMIL NADU,N,N,N,,
,625221,Madurai,TAMIL NADU,N,N,N,,
,635138,Dharmapuri,TAMIL NADU,Y,Y,N,,
,686034,Kottayam,KERALA,Y,Y,N,,
,576112,KARKALA,KARNATAKA,Y,Y,N,,
,673010,ELATHUR,KERALA,Y,Y,Y,,
,612106,Thanjavur,TAMIL NADU,Y,Y,N,,
,624705,Dindigul,TAMIL NADU,Y,Y,N,,
,679312,OTTAPALAM,KERALA,N,N,N,,
,627117,VALLIYOOR,TAMIL NADU,Y,Y,Y,,
,626601,Theni,TAMIL NADU,Y,Y,N,,
,689584,Tiruvella,KERALA,N,N,N,,
,678593,PALAKKAD,KERALA,Y,Y,Y,,
,591307,Gokak,KARNATAKA,Y,Y,N,,
,591301,RAMNAGAR KAR,KARNATAKA,Y,Y,N,,
,683514,Cochin,KERALA,Y,Y,N,,
,575009,Mangalore,KARNATAKA,Y,Y,Y,,
,624103,KODAIKANAL,TAMIL NADU,Y,Y,N,,
,590009,Belgaum,KARNATAKA,Y,Y,Y,,
,638315,Anthiyur,TAMIL NADU,Y,Y,N,,
,629303,Nagercoil,TAMIL NADU,Y,Y,N,,
,574106,PETHRI,KARNATAKA,Y,Y,N,,
,626182,Pudukkottai,TAMIL NADU,Y,Y,N,,
,680316,THRISSUR,KERALA,N,N,N,,
,585229,Kalaburagi,KARNATAKA,N,N,Y,,
,643054,TIRUNELVELI,TAMIL NADU,Y,Y,N,,
,670012,Valiyannur,KERALA,Y,Y,N,,
,638058,Salem,TAMIL NADU,N,N,N,,
,571327,Chamarajanagar,KARNATAKA,Y,Y,Y,,
,680545,THRISSUR,KERALA,N,N,N,,
,695605,Edava,KERALA,Y,Y,Y,,
,580022,Hubli,KARNATAKA,Y,Y,Y,,
,676307,Tirur,KERALA,Y,Y,N,,
,638116,Erode,TAMIL NADU,Y,Y,Y,,
,689667,Pathanamthitta,KERALA,N,N,N,,
,642139,Udumalaipettai,TAMIL NADU,N,N,N,,
,636137,METTUR,TAMIL NADU,Y,Y,N,,
,621208,Trichy,TAMIL NADU,Y,Y,N,,
,614716,Trichy,TAMIL NADU,Y,Y,Y,,
,695306,Edava,KERALA,Y,Y,Y,,
,695308,Chirayinkeezhu,KERALA,N,N,N,,
,624213,Dindigul,TAMIL NADU,N,N,N,,
,642004,Pollachi,TAMIL NADU,Y,Y,Y,,
,591508,Gokak,KARNATAKA,Y,Y,Y,,
,560018,BANGALORE,KARNATAKA,Y,Y,Y,,
,686501,Kottayam,KERALA,N,N,N,,
,560106,BANGALORE,KARNATAKA,Y,Y,Y,,
,587211,Badami,KARNATAKA,N,N,N,,
,624404,Dindigul,TAMIL NADU,N,N,N,,
,629179,MARTHANDAM,TAMIL NADU,Y,Y,N,,
,630303,Devakottai,TAMIL NADU,Y,Y,Y,,
,673333,Kannur,KERALA,Y,Y,N,,
,573141,Channarayapatna,KARNATAKA,Y,Y,N,,
,689501,PANDALAM,KERALA,Y,Y,Y,,
,688028,Allapey,KERALA,Y,Y,N,,
,688528,Allapey,KERALA,Y,Y,N,,
,560087,BANGALORE,KARNATAKA,Y,Y,Y,,
,678641,PALAKKAD,KERALA,Y,Y,Y,,
,691557,KOTTARAKKARA,KERALA,Y,Y,N,,
,671345,Kannur,KERALA,Y,Y,N,,
,627651,Thisayanvilai,TAMIL NADU,Y,Y,Y,,
,625572,CUMBAM,TAMIL NADU,N,N,N,,
,586129,Muddebihal,KARNATAKA,N,N,N,,
,624223,Dindigul,TAMIL NADU,N,N,N,,
,686537,Tiruvella,KERALA,N,N,N,,
,626203,SIVAKASI,TAMIL NADU,Y,Y,N,,
,689646,Pathanamthitta,KERALA,Y,Y,Y,,
,635206,ORATHANADU,TAMIL NADU,N,N,N,,
,573120,Arakalgud,KARNATAKA,N,N,Y,,
,680026,TRICHUR,KERALA,Y,Y,Y,,
,577501,CHITRADURGA,KARNATAKA,Y,Y,Y,,
,624225,Theni,TAMIL NADU,N,N,N,,
,612105,Kumbakonam,TAMIL NADU,Y,Y,Y,,
,573127,Sakleshpur,KARNATAKA,Y,Y,N,,
,686538,Tiruvella,KERALA,N,N,N,,
,584102,Raichur,KARNATAKA,Y,Y,Y,,
,628006,Tuticorin,TAMIL NADU,Y,Y,Y,,
,627452,TIRUNELVELI,TAMIL NADU,Y,Y,N,,
,680668,Kodungallur,KERALA,Y,Y,N,,
,690520,Sasthamkotta,KERALA,Y,Y,N,,
,575010,Mangalore,KARNATAKA,N,N,N,,
,678687,ALATHUR,KERALA,Y,Y,Y,,
,562131,Nagasandra,KARNATAKA,N,N,N,,
,627132,TIRUNELVELI,TAMIL NADU,Y,Y,N,,
,585270,HUMNABAD,KARNATAKA,Y,Y,N,,
,686514,Edakunnam,KERALA,Y,Y,N,,
,641015,Coimbatore,TAMIL NADU,Y,Y,Y,,
,688004,Allapey,KERALA,Y,Y,Y,,
,680731,MALA KL,KERALA,Y,Y,Y,,
,691301,PARAVUR,KERALA,Y,Y,N,,
,583146,DAVANGERE,KARNATAKA,Y,Y,N,,
,690501,CHARUMOOD,KERALA,N,N,N,,
,630610,THIRUPPUVANAM,TAMIL NADU,N,N,N,,
,563118,Kolar,KARNATAKA,Y,Y,Y,,
,680515,THRISSUR,KERALA,Y,Y,Y,,
,679330,NILAMBUR,KERALA,N,N,N,,
,623539,Ramanathapuram,TAMIL NADU,N,N,N,,
,591155,NARGUND,KARNATAKA,Y,Y,N,,
,680671,Kodungallur,KERALA,Y,Y,N,,
,627305,Tuticorin,TAMIL NADU,Y,Y,N,,
,678573,PALAKKAD,KERALA,Y,Y,Y,,
,625020,Madurai,TAMIL NADU,Y,Y,Y,,
,670307,Kannur,KERALA,Y,Y,Y,,
,613502,Thanjavur,TAMIL NADU,Y,Y,Y,,
,691523,PANDALAM,KERALA,Y,Y,Y,,
,570002,Mysore,KARNATAKA,Y,Y,Y,,
,678103,PALAKKAD,KERALA,Y,Y,N,,
,630403,PONNAMARAVATHY,TAMIL NADU,Y,Y,Y,,
,628151,Thiruchendur,TAMIL NADU,Y,Y,Y,,
,670310,Kannur,KERALA,Y,Y,N,,
,627105,Nagercoil,TAMIL NADU,Y,Y,N,,
,581330,KUMTA,KARNATAKA,Y,Y,N,,
,689663,Pathanamthitta,KERALA,N,N,N,,
,585257,Basavakalyan,KARNATAKA,N,N,N,,
,627727,TIRUNELVELI,TAMIL NADU,Y,Y,N,,
,561198,Byadagi,KARNATAKA,Y,Y,N,,
,695017,Trivandrum,KERALA,Y,Y,Y,,
,614208,Kumbakonam,TAMIL NADU,N,N,N,,
,628659,UTHANGARAI,TAMIL NADU,Y,Y,N,,
,680307,THRISSUR,KERALA,N,N,N,,
,670502,Kannur,KERALA,Y,Y,Y,,
,581306,Kampli,KARNATAKA,N,N,N,,
,688007,Allapey,KERALA,Y,Y,Y,,
,686671,Thodupuzha,KERALA,Y,Y,N,,
,626127,SIVAKASI,TAMIL NADU,N,N,N,,
,679101,OTTAPALAM,KERALA,Y,Y,Y,,
,560009,BANGALORE,KARNATAKA,N,N,Y,,
,679517,OTTAPALAM,KERALA,Y,Y,N,,
,620004,Trichy,TAMIL NADU,Y,Y,Y,,
,560090,BANGALORE,KARNATAKA,Y,Y,Y,,
,620021,Trichy,TAMIL NADU,Y,Y,Y,,
,678605,PALAKKAD,KERALA,Y,Y,Y,,
,629004,Nagercoil,TAMIL NADU,Y,Y,N,,
,607202,Salem,TAMIL NADU,Y,Y,N,,
,676312,Calicut,KERALA,Y,Y,Y,,
,671321,Kasargode,KERALA,Y,Y,Y,,
,576119,Manipal,KARNATAKA,Y,Y,N,,
,678613,PALAKKAD,KERALA,Y,Y,N,,
,689104,Allapey,KERALA,Y,Y,N,,
,629855,Nagercoil,TAMIL NADU,Y,Y,N,,
,560041,BANGALORE,KARNATAKA,Y,Y,Y,,
,628905,Tuticorin,TAMIL NADU,Y,Y,Y,,
,638001,Erode,TAMIL NADU,Y,Y,Y,,
,676318,VENGARA,KERALA,Y,Y,Y,,
,637211,Sankagiri,TAMIL NADU,Y,Y,Y,,
,570024,Mysore,KARNATAKA,Y,Y,Y,,
,679104,OTTAPALAM,KERALA,Y,Y,N,,
,691579,Chathannur,KERALA,Y,Y,N,,
,624053,Dindigul,TAMIL NADU,N,N,N,,
,686545,Tiruvella,KERALA,N,N,N,,
,628513,TIRUNELVELI,TAMIL NADU,Y,Y,N,,
,678731,PALAKKAD,KERALA,Y,Y,N,,
,680584,TRICHUR,KERALA,Y,Y,N,,
,629194,MARTHANDAM,TAMIL NADU,Y,Y,N,,
,572226,Chikkanayakanahalli,KARNATAKA,Y,Y,N,,
,585103,Kalaburagi,KARNATAKA,Y,Y,N,,
,680308,THRISSUR,KERALA,N,N,N,,
,621009,Trichy,TAMIL NADU,Y,Y,Y,,
,636805,ULAGANAHALLI,TAMIL NADU,Y,Y,N,,
,673008,VELLIMADUKUNNU,KERALA,N,N,N,,
,585350,HUMNABAD,KARNATAKA,Y,Y,N,,
,627413,Tenkasi,TAMIL NADU,N,N,N,,
,682503,Vypin,KERALA,Y,Y,Y,,
,637001,Salem,TAMIL NADU,Y,Y,N,,
,679303,OTTAPALAM,KERALA,N,N,N,,
,641025,Coimbatore,TAMIL NADU,Y,Y,N,,
,586135,Bijapur,KARNATAKA,Y,Y,N,,
,641406,Kinathukadavu,TAMIL NADU,Y,Y,Y,,
,673570,KOZHIKODE,KERALA,N,N,Y,,
,627133,Nagercoil,TAMIL NADU,Y,Y,Y,,
,679586,EDAPPAL,KERALA,Y,Y,N,,
,695103,Kottiyod,KERALA,Y,Y,Y,,
,690528,Karunagappally,KERALA,N,N,N,,
,620018,Trichy,TAMIL NADU,Y,Y,Y,,
,682035,Cochin,KERALA,N,N,N,,
,679574,EDAPPAL,KERALA,Y,Y,N,,
,626186,Virudhunagar,TAMIL NADU,Y,Y,N,,
,680618,TRICHUR,KERALA,Y,Y,N,,
,691505,KOTTARAKKARA,KERALA,Y,Y,N,,
,628003,Tuticorin,TAMIL NADU,Y,Y,Y,,
,680314,TRICHUR,KERALA,Y,Y,Y,,
,673642,Manjery,KERALA,Y,Y,Y,,
,591215,Nipani,KARNATAKA,Y,Y,N,,
,614211,PAPANASAM,TAMIL NADU,Y,Y,N,,
,680302,TRICHUR,KERALA,Y,Y,Y,,
,605802,Salem,TAMIL NADU,Y,Y,N,,
,629157,MARTHANDAM,TAMIL NADU,Y,Y,N,,
,628613,Thisayanvilai,TAMIL NADU,Y,Y,Y,,
,690508,Mavelikera,KERALA,Y,Y,Y,,
,621308,MANAPPARAI,TAMIL NADU,Y,Y,N,,
,641201,Malumichampatti,TAMIL NADU,Y,Y,N,,
,587152,Badami,KARNATAKA,N,N,N,,
,629101,MARTHANDAM,TAMIL NADU,Y,Y,N,,
,673031,ELATHUR,KERALA,N,N,N,,
,613703,Thanjavur,TAMIL NADU,N,N,Y,,
,587151,ILKAL,KARNATAKA,Y,Y,N,,
,620011,Trichy,TAMIL NADU,Y,Y,N,,
,680310,TRICHUR,KERALA,Y,Y,Y,,
,641004,Coimbatore,TAMIL NADU,Y,Y,Y,,
,686519,Kottayam,KERALA,Y,Y,N,,
,679594,EDAPPAL,KERALA,Y,Y,N,,
,591113,Belgaum,KARNATAKA,Y,Y,Y,,
,676128,Manjery,KERALA,Y,Y,N,,
,625008,Thiruparankundram,TAMIL NADU,Y,Y,N,,
,638402,Sathyamangalam,TAMIL NADU,Y,Y,Y,,
,629852,Nagercoil,TAMIL NADU,Y,Y,N,,
,673323,Ulliyeri,KERALA,Y,Y,Y,,
,641000,Coimbatore,TAMIL NADU,Y,Y,Y,,
,591312,MUDALGI,KARNATAKA,N,N,N,,
,643105,Coonoor,TAMIL NADU,Y,Y,Y,,
,623543,Ramanathapuram,TAMIL NADU,Y,Y,N,,
,630501,THIRUPPATHUR,TAMIL NADU,Y,Y,Y,,
,671128,Kasargode,KERALA,Y,Y,N,,
,614103,Thanjavur,TAMIL NADU,Y,Y,Y,,
,672301,Kasargode,KERALA,Y,Y,N,,
,628206,Thiruchendur,TAMIL NADU,Y,Y,Y,,
,577132,Mudigere,KARNATAKA,N,N,N,,
,695513,PARASSALA,KERALA,Y,Y,N,,
,621315,MANAPPARAI,TAMIL NADU,Y,Y,N,,
,572112,Madhugiri,KARNATAKA,Y,Y,Y,,
,621109,Perambalur,TAMIL NADU,Y,Y,Y,,
,628309,TIRUNELVELI,TAMIL NADU,Y,Y,N,,
,685505,Kattapana,KERALA,N,N,N,,
,573142,Arakalgud,KARNATAKA,Y,Y,N,,
,581206,Dharwad,KARNATAKA,N,N,N,,
,691508,Punalur,KERALA,Y,Y,N,,
,610107,Thanjavur,TAMIL NADU,N,N,N,,
,614014,Tiruvarur,TAMIL NADU,Y,Y,N,,
,614704,ADIRAMAPATTINAM,TAMIL NADU,Y,Y,N,,
,629803,Nagercoil,TAMIL NADU,Y,Y,N,,
,680014,THRISSUR,KERALA,Y,Y,Y,,
,626124,SIVAKASI,TAMIL NADU,Y,Y,Y,,
,623210,KARAIKUDI,TAMIL NADU,Y,Y,N,,
,576122,PETHRI,KARNATAKA,Y,Y,N,,
,688561,Allapey,KERALA,N,N,N,,
,689512,PANDALAM,KERALA,Y,Y,Y,,
,678507,PALAKKAD,KERALA,N,N,N,,
,686121,ERATTUPETTA,KERALA,Y,Y,N,,
,571184,Mysore,KARNATAKA,Y,Y,N,,
,680682,Irinjalakuda,KERALA,Y,Y,Y,,
,571235,SOMARPET,KARNATAKA,Y,Y,N,,
,680595,Wadakkanchery,KERALA,N,N,N,,
,621806,JEYAMKONDAM,TAMIL NADU,N,N,N,,
,682013,Cochin,KERALA,N,N,N,,
,614806,Trichy,TAMIL NADU,N,N,Y,,
,695614,Trivandrum,KERALA,Y,Y,N,,
,673051,Ulliyeri,KERALA,Y,Y,N,,
,670602,Taliparamba,KERALA,Y,Y,Y,,
,614601,ADIRAMAPATTINAM,TAMIL NADU,Y,Y,N,,
,641035,Coimbatore,TAMIL NADU,Y,Y,Y,,
,626207,Virudhunagar,TAMIL NADU,Y,Y,N,,
,682507,Ernakulam,KERALA,N,N,N,,
,611106,Thanjavur,TAMIL NADU,Y,Y,N,,
,680015,TRICHUR,KERALA,Y,Y,Y,,
,686653,PALA,KERALA,Y,Y,N,,
,626148,Virudhunagar,TAMIL NADU,Y,Y,N,,
,695310,PARAVUR,KERALA,Y,Y,N,,
,685508,Kattapana,KERALA,N,N,N,,
,635311,Dharmapuri,TAMIL NADU,Y,Y,N,,
,695588,Kazhakkoottam,KERALA,N,N,N,,
,680688,Kodungallur,KERALA,Y,Y,Y,,
,691514,KOTTARAKKARA,KERALA,Y,Y,N,,
,688541,Allapey,KERALA,Y,Y,N,,
,560067,BANGALORE,KARNATAKA,Y,Y,Y,,
,671122,Kasargode,KERALA,Y,Y,N,,
,670615,Rajapalayam,TAMIL NADU,Y,Y,Y,,
,577598,Hiriyur,KARNATAKA,N,N,N,,
,680616,Manalur,KERALA,Y,Y,N,,
,686633,Kottayam,KERALA,Y,Y,Y,,
,691329,Punalur,KERALA,Y,Y,N,,
,626138,Rajapalayam,TAMIL NADU,Y,Y,Y,,
,576210,Mangalore,KARNATAKA,N,N,N,,
,620013,Trichy,TAMIL NADU,Y,Y,Y,,
,686635,PALA,KERALA,Y,Y,N,,
,676122,Manjery,KERALA,Y,Y,Y,,
,620017,Trichy,TAMIL NADU,Y,Y,Y,,
,629163,MARTHANDAM,TAMIL NADU,Y,Y,N,,
,577517,CHITRADURGA,KARNATAKA,Y,Y,Y,,
,679336,OTTAPALAM,KERALA,N,N,N,,
,683501,Aluva,KERALA,Y,Y,N,,
,577005,DAVANGERE,KARNATAKA,Y,Y,N,,
,591317,Belguam,KARNATAKA,Y,Y,Y,,
,623217,KARAIKUDI,TAMIL NADU,Y,Y,N,,
,686615,PALA,KERALA,Y,Y,N,,
,642136,Pollachi,TAMIL NADU,Y,Y,N,,
,682024,Cochin,KERALA,N,N,N,,
,622104,Pudukkottai,TAMIL NADU,N,N,N,,
,562158,BANGALORE,KARNATAKA,N,N,N,,
,625201,THIRUPPUVANAM,TAMIL NADU,N,N,N,,
,612603,Thanjavur,TAMIL NADU,N,N,N,,
,680009,TRICHUR,KERALA,Y,Y,Y,,
,583215,Hospet,KARNATAKA,N,N,N,,
,591284,Nipani,KARNATAKA,Y,Y,N,,
,627113,VALLIYOOR,TAMIL NADU,Y,Y,N,,
,678589,PALAKKAD,KERALA,Y,Y,Y,,
,625214,Madurai,TAMIL NADU,Y,Y,N,,
,576201,Kundapura,KARNATAKA,Y,Y,Y,,
,572114,Chikkanayakanahalli,KARNATAKA,N,N,N,,
,572221,TURVEKERE,KARNATAKA,N,N,N,,
,591134,Belgaum,KARNATAKA,Y,Y,Y,,
,628902,Tuticorin,TAMIL NADU,Y,Y,N,,
,680751,THRISSUR,KERALA,Y,Y,N,,
,632122,Rajapalayam,TAMIL NADU,Y,Y,Y,,
,629176,MARTHANDAM,TAMIL NADU,Y,Y,N,,
,583137,Harapanahalli,KARNATAKA,N,N,N,,
,695560,Tirupur,TAMIL NADU,N,N,Y,,
,582212,NARGUND,KARNATAKA,Y,Y,N,,
,635111,Krishnagiri,TAMIL NADU,N,N,N,,
,614713,Trichy,TAMIL NADU,Y,Y,N,,
,691537,AYOOR,KERALA,Y,Y,N,,
,624206,Ayyampalyam,TAMIL NADU,Y,Y,N,,
,695528,Trivandrum,KERALA,Y,Y,N,,
,574105,PETHRI,KARNATAKA,Y,Y,N,,
,590007,Belgaum,KARNATAKA,Y,Y,Y,,
,623211,KARAIKUDI,TAMIL NADU,Y,Y,N,,
,642128,PALLIVASAL,TAMIL NADU,Y,Y,N,,
,571334,Mysore,KARNATAKA,Y,Y,N,,
,560024,BANGALORE,KARNATAKA,N,N,Y,,
,637104,Lakshminagar,TAMIL NADU,Y,Y,Y,,
,622506,Trichy,TAMIL NADU,N,N,N,,
,673641,Kondotty,KERALA,N,N,N,,
,609402,Thanjavur,TAMIL NADU,N,N,N,,
,641111,Malumichampatti,TAMIL NADU,Y,Y,N,,
,627202,Tenkasi,TAMIL NADU,Y,Y,Y,,
,636821,Dharmapuri,TAMIL NADU,Y,Y,N,,
,639116,Karur,TAMIL NADU,Y,Y,Y,,
,686101,Tiruvella,KERALA,N,N,N,,
,627757,Salem,TAMIL NADU,Y,Y,Y,,
,583201,Hospet,KARNATAKA,Y,Y,N,,
,575030,SURATHKAL,KARNATAKA,Y,Y,Y,,
,670331,Kannur,KERALA,Y,Y,Y,,
,678672,PALAKKAD,KERALA,Y,Y,N,,
,638453,Gopichettipalyam,TAMIL NADU,Y,Y,N,,
,577503,CHITRADURGA,KARNATAKA,Y,Y,N,,
,614015,Tiruvarur,TAMIL NADU,Y,Y,N,,
,573214,Sakleshpur,KARNATAKA,Y,Y,N,,
,621115,Perambalur,TAMIL NADU,Y,Y,Y,,
,577555,CHITRADURGA,KARNATAKA,Y,Y,Y,,
,622502,Coimbatore,TAMIL NADU,N,N,N,,
,627719,Salem,TAMIL NADU,Y,Y,Y,,
,626202,SIVAKASI,TAMIL NADU,Y,Y,Y,,
,574237,MADANTHYAR,KARNATAKA,Y,Y,N,,
,628616,Thiruchendur,TAMIL NADU,Y,Y,N,,
,636105,Thalaivasal,TAMIL NADU,Y,Y,Y,,
,626533,CUMBAM,TAMIL NADU,Y,Y,N,,
,571429,Maddur,KARNATAKA,N,N,N,,
,577219,Malebennur,KARNATAKA,Y,Y,N,,
,560051,BANGALORE,KARNATAKA,N,N,Y,,
,621209,KULITHALAI,TAMIL NADU,Y,Y,N,,
,628213,Thiruchendur,TAMIL NADU,Y,Y,Y,,
,691321,AYOOR,KERALA,Y,Y,Y,,
,695606,Kottiyod,KERALA,Y,Y,Y,,
,641103,Coimbatore,TAMIL NADU,Y,Y,Y,,
,627769,TIRUNELVELI,TAMIL NADU,Y,Y,N,,
,571131,Mysore,KARNATAKA,Y,Y,N,,
,629170,MARTHANDAM,TAMIL NADU,Y,Y,N,,
,629801,KANYAKUMARI,TAMIL NADU,Y,Y,N,,
,628304,Tuticorin,TAMIL NADU,N,N,N,,
,642138,Udumalpet,TAMIL NADU,N,N,N,,
,571101,TNARASIPUR,KARNATAKA,Y,Y,N,,
,614618,Trichy,TAMIL NADU,N,N,N,,
,685592,Thodupuzha,KERALA,N,N,N,,
,628402,Tuticorin,TAMIL NADU,N,N,N,,
,621002,THURAIYUR,TAMIL NADU,Y,Y,Y,,
,635825,Krishnagiri,TAMIL NADU,N,N,N,,
,673300,Ulliyeri,KERALA,Y,Y,N,,
,583279,Kushtagi,KARNATAKA,Y,Y,N,,
,680542,KUNNAMKULAM,KERALA,Y,Y,Y,,
,680123,Kodungallur,KERALA,Y,Y,N,,
,678635,OTTAPALAM,KERALA,Y,Y,N,,
,686723,Thodupuzha,KERALA,N,N,N,,
,621712,Lalgudi,TAMIL NADU,Y,Y,N,,
,680309,THRISSUR,KERALA,N,N,N,,
,639104,KULITHALAI,TAMIL NADU,Y,Y,N,,
,686038,Kottayam,KERALA,Y,Y,N,,
,624712,Dindigul,TAMIL NADU,Y,Y,N,,
,614404,Tiruvarur,TAMIL NADU,Y,Y,Y,,
,580026,Hubli,KARNATAKA,Y,Y,N,,
,670672,Kannur,KERALA,N,N,N,,
,628612,Thiruchendur,TAMIL NADU,Y,Y,Y,,
,582113,MUNDARGI,KARNATAKA,Y,Y,N,,
,682031,Cochin,KERALA,N,N,N,,
,606204,KARUNAPURAM,TAMIL NADU,Y,Y,Y,,
,695037,Trivandrum,KERALA,Y,Y,Y,,
,625520,CUMBAM,TAMIL NADU,Y,Y,N,,
,591343,CHIKODI,KARNATAKA,Y,Y,N,,
,679633,Guruvayur,KERALA,Y,Y,N,,
,629153,MARTHANDAM,TAMIL NADU,Y,Y,Y,,
,609805,Thanjavur,TAMIL NADU,N,N,N,,
,571617,Mysore,KARNATAKA,N,N,N,,
,627751,Tenkasi,TAMIL NADU,Y,Y,Y,,
,571301,Nanjanagudu,KARNATAKA,N,N,Y,,
,627002,TIRUNELVELI,TAMIL NADU,Y,Y,Y,,
,574328,Mangalore,KARNATAKA,Y,Y,N,,
,575019,SURATHKAL,KARNATAKA,Y,Y,Y,,
,590003,Belgaum,KARNATAKA,Y,Y,Y,,
,581115,Ranebennur,KARNATAKA,Y,Y,N,,
,614201,PAPANASAM,TAMIL NADU,Y,Y,Y,,
,621008,THURAIYUR,TAMIL NADU,Y,Y,N,,
,636106,AYOTHIYAPATINAM,TAMIL NADU,Y,Y,N,,
,582208,ANNIGERE,KARNATAKA,N,N,N,,
,591315,Belguam,KARNATAKA,N,N,N,,
,577412,HOSANAGARA,KARNATAKA,Y,Y,Y,,
,636116,Thalaivasal,TAMIL NADU,Y,Y,Y,,
,673003,Calicut,KERALA,Y,Y,Y,,
,628207,Thiruchendur,TAMIL NADU,Y,Y,Y,,
,612610,Thanjavur,TAMIL NADU,N,N,N,,
,635601,Natrampalli,TAMIL NADU,Y,Y,Y,,
,670644,MANANTHAVADY,KERALA,Y,Y,N,,
,636111,VALAPPADI,TAMIL NADU,N,N,N,,
,690541,CHARUMOOD,KERALA,N,N,N,,
,676505,Manjery,KERALA,Y,Y,Y,,
,673579,Bathery,KERALA,Y,Y,N,,
,577111,Chikkamagalur,KARNATAKA,Y,Y,N,,
,638457,NAMBIYUR,TAMIL NADU,Y,Y,N,,
,678651,PALAKKAD,KERALA,Y,Y,N,,
,626131,SIVAKASI,TAMIL NADU,Y,Y,Y,,
,691553,PANDALAM,KERALA,N,N,N,,
,673305,Ulliyeri,KERALA,Y,Y,Y,,
,583227,GANGAVATHI,KARNATAKA,Y,Y,N,,
,641049,Coimbatore,TAMIL NADU,Y,Y,Y,,
,581110,Haveri,KARNATAKA,N,N,N,,
,613008,Thanjavur,TAMIL NADU,Y,Y,Y,,
,670612,Kuthuparamba,KERALA,Y,Y,Y,,
,621215,KULITHALAI,TAMIL NADU,Y,Y,N,,
,625529,Usilampatti,TAMIL NADU,Y,Y,N,,
,577535,Molakalmuru,KARNATAKA,Y,Y,N,,
,560055,BANGALORE,KARNATAKA,Y,Y,Y,,
,680311,THRISSUR,KERALA,N,N,N,,
,686581,ERATTUPETTA,KERALA,Y,Y,N,,
,560075,BANGALORE,KARNATAKA,Y,Y,Y,,
,636107,Salem,TAMIL NADU,Y,Y,N,,
,620008,Trichy,TAMIL NADU,Y,Y,Y,,
,587114,RON,KARNATAKA,Y,Y,Y,,
,623559,UTHANGARAI,TAMIL NADU,Y,Y,N,,
,628102,Tuticorin,TAMIL NADU,N,N,N,,
,591197,Belgaum,KARNATAKA,Y,Y,Y,,
,673313,Kannur,KERALA,N,N,N,,
,688539,Cherthala,KERALA,Y,Y,N,,
,680587,ALATHUR,KERALA,Y,Y,Y,,
,690106,Mavelikera,KERALA,Y,Y,Y,,
,695028,Kallayam,KERALA,Y,Y,Y,,
,628660,UTHANGARAI,TAMIL NADU,Y,Y,N,,
,641016,Coimbatore,TAMIL NADU,Y,Y,Y,,
,573116,Channarayapatna,KARNATAKA,Y,Y,N,,
,627013,TIRUNELVELI,TAMIL NADU,Y,Y,Y,,
,636304,Salem,TAMIL NADU,Y,Y,N,,
,581402,Sirsi,KARNATAKA,Y,Y,Y,,
,686662,Thodupuzha,KERALA,Y,Y,Y,,
,688560,Allapey,KERALA,Y,Y,N,,
,627604,TIRUNELVELI,TAMIL NADU,Y,Y,N,,
,688525,Cherthala,KERALA,Y,Y,N,,
,585311,Aland,KARNATAKA,N,N,N,,
,690529,PANDALAM,KERALA,Y,Y,Y,,
,635528,Theni,TAMIL NADU,Y,Y,N,,
,686008,Kottayam,KERALA,Y,Y,Y,,
,670704,Mattannur,KERALA,Y,Y,Y,,
,695574,Trivandrum,KERALA,Y,Y,Y,,
,625524,CUMBAM,TAMIL NADU,Y,Y,Y,,
,695043,Kallayam,KERALA,Y,Y,N,,
,610109,Tiruvarur,TAMIL NADU,Y,Y,Y,,
,587117,Bagalkot,KARNATAKA,Y,Y,N,,
,676501,PUTHANATHANI,KERALA,Y,Y,Y,,
,625402,Madurai,TAMIL NADU,N,N,N,,
,688538,Cherthala,KERALA,Y,Y,N,,
,637401,Namakkal,TAMIL NADU,Y,Y,N,,
,628007,Tuticorin,TAMIL NADU,Y,Y,Y,,
,642122,Udumalpet,TAMIL NADU,Y,Y,Y,,
,627762,SIVAKASI,TAMIL NADU,Y,Y,N,,
,577171,Mudigere,KARNATAKA,N,N,N,,
,605702,Salem,TAMIL NADU,Y,Y,N,,
,627152,VALLIYOOR,TAMIL NADU,Y,Y,N,,
,590016,Belgaum,KARNATAKA,Y,Y,Y,,
,676127,Manjery,KERALA,Y,Y,N,,
,570007,Mysore,KARNATAKA,Y,Y,Y,,
,586106,Bijapur,KARNATAKA,Y,Y,N,,
,574111,Padubidri,KARNATAKA,Y,Y,N,,
,576211,Kundapura,KARNATAKA,Y,Y,N,,
,605759,THIRUKOVILUR,TAMIL NADU,N,N,N,,
,583230,Koppal,KARNATAKA,Y,Y,N,,
,673324,KOTTARAKKARA,KERALA,Y,Y,N,,
,587147,ILKAL,KARNATAKA,Y,Y,N,,
,591175,Belgaum,KARNATAKA,Y,Y,Y,,
,570027,Mysore,KARNATAKA,Y,Y,Y,,
,583214,Hubli,KARNATAKA,Y,Y,N,,
,630005,KARAIKUDI,TAMIL NADU,N,N,N,,
,586217,Bagalkot,KARNATAKA,Y,Y,N,,
,678624,PALAKKAD,KERALA,Y,Y,N,,
,643239,PANDALUR,TAMIL NADU,N,N,N,,
,691605,KOTTARAKKARA,KERALA,Y,Y,N,,
,587113,MUDHOL,KARNATAKA,Y,Y,N,,
,686661,Thodupuzha,KERALA,Y,Y,N,,
,625704,Thiruparankundram,TAMIL NADU,N,N,N,,
,560048,BANGALORE,KARNATAKA,Y,Y,Y,,
,585403,Bidar,KARNATAKA,Y,Y,N,,
,570013,Mysore,KARNATAKA,N,N,N,,
,614702,Trichy,TAMIL NADU,N,N,N,,
,629252,Nagercoil,TAMIL NADU,Y,Y,N,,
,635818,Dharmapuri,TAMIL NADU,Y,Y,N,,
,686506,Kottayam,KERALA,Y,Y,N,,
,629502,Nagercoil,TAMIL NADU,Y,Y,N,,
,637102,Sankagiri,TAMIL NADU,Y,Y,N,,
,691516,AYOOR,KERALA,Y,Y,Y,,
,576105,Manipal,KARNATAKA,Y,Y,N,,
,585314,Aland,KARNATAKA,N,N,N,,
,695016,Trivandrum,KERALA,Y,Y,N,,
,562114,BANGALORE,KARNATAKA,Y,Y,Y,,
,695005,Trivandrum,KERALA,Y,Y,Y,,
,583239,Hospet,KARNATAKA,Y,Y,Y,,
,691510,AYOOR,KERALA,Y,Y,Y,,
,581396,Karwar,KARNATAKA,Y,Y,N,,
,577432,KONANDURU,KARNATAKA,Y,Y,Y,,
,629190,MARTHANDAM,TAMIL NADU,Y,Y,N,,
,573131,Channarayapatna,KARNATAKA,Y,Y,Y,,
,630313,Devakottai,TAMIL NADU,Y,Y,Y,,
,571443,Kollegala,KARNATAKA,N,N,N,,
,577602,Harihar,KARNATAKA,Y,Y,N,,
,639206,Karur,TAMIL NADU,N,N,N,,
,625503,Madurai,TAMIL NADU,N,N,N,,
,678020,PALAKKAD,KERALA,Y,Y,Y,,
,679351,Malappuram,KERALA,N,N,N,,
,642115,Pollachi,TAMIL NADU,Y,Y,N,,
,627726,Tuticorin,TAMIL NADU,Y,Y,N,,
,689695,Pathanapuram,KERALA,Y,Y,N,,
,627122,TIRUNELVELI,TAMIL NADU,Y,Y,N,,
,636804,Dharmapuri,TAMIL NADU,Y,Y,N,,
,623522,Ramanathapuram,TAMIL NADU,Y,Y,Y,,
,625021,Madurai,TAMIL NADU,Y,Y,Y,,
,571323,Chamarajanagar,KARNATAKA,Y,Y,Y,,
,678621,PALAKKAD,KERALA,Y,Y,Y,,
,635821,Dharmapuri,TAMIL NADU,Y,Y,N,,
,670327,Kannur,KERALA,Y,Y,N,,
,678559,PALAKKAD,KERALA,Y,Y,Y,,
,610104,Tiruvarur,TAMIL NADU,Y,Y,N,,
,574219,BC Road,KARNATAKA,N,N,N,,
,572106,Tumkur,KARNATAKA,Y,Y,Y,,
,673635,Calicut,KERALA,Y,Y,Y,,
,591306,Gokak,KARNATAKA,N,N,N,,
,670321,Kannur,KERALA,Y,Y,N,,
,560010,BANGALORE,KARNATAKA,Y,Y,Y,,
,639204,PALLIVASAL,TAMIL NADU,Y,Y,N,,
,638812,Erode,TAMIL NADU,Y,Y,Y,,
,690573,Karunagappally,KERALA,N,N,N,,
,670353,Kannur,KERALA,Y,Y,Y,,
,670001,Kannur,KERALA,Y,Y,N,,
,695144,Edava,KERALA,Y,Y,N,,
,638512,Gopichettipalyam,TAMIL NADU,Y,Y,N,,
,630209,KARAIKUDI,TAMIL NADU,Y,Y,N,,
,563146,Kolar,KARNATAKA,N,N,N,,
,688521,Cherthala,KERALA,Y,Y,N,,
,629173,MARTHANDAM,TAMIL NADU,Y,Y,N,,
,627125,TIRUNELVELI,TAMIL NADU,Y,Y,N,,
,689602,Tiruvella,KERALA,Y,Y,N,,
,689102,Tiruvella,KERALA,N,N,N,,
,571248,SHUNTIKOPPA,KARNATAKA,Y,Y,N,,
,635104,Krishnagiri,TAMIL NADU,Y,Y,N,,
,626164,SIVAKASI,TAMIL NADU,Y,Y,N,,
,583103,Bellary,KARNATAKA,Y,Y,Y,,
,643233,PANDALUR,TAMIL NADU,N,N,N,,
,686513,Edakunnam,KERALA,Y,Y,Y,,
,585367,Aland,KARNATAKA,N,N,N,,
,576217,Kundapura,KARNATAKA,Y,Y,N,,
,627713,Salem,TAMIL NADU,Y,Y,Y,,
,695304,Chirayinkeezhu,KERALA,Y,Y,Y,,
,609002,MAYILADURAI,TAMIL NADU,Y,Y,Y,,
,639115,KULITHALAI,TAMIL NADU,N,N,N,,
,572222,Tumkur,KARNATAKA,Y,Y,Y,,
,571178,Chamarajanagar,KARNATAKA,Y,Y,Y,,
,623501,Ramanathapuram,TAMIL NADU,Y,Y,Y,,
,678017,PALAKKAD,KERALA,Y,Y,Y,,
,570014,Mysore,KARNATAKA,Y,Y,N,,
,685586,Thodupuzha,KERALA,Y,Y,Y,,
,680305,THRISSUR,KERALA,Y,Y,Y,,
,613501,Thanjavur,TAMIL NADU,Y,Y,N,,
,585214,Yadgir,KARNATAKA,N,N,N,,
,680619,Manalur,KERALA,Y,Y,N,,
,627659,Thisayanvilai,TAMIL NADU,Y,Y,N,,
,622101,Pudukkottai,TAMIL NADU,N,N,N,,
,695128,PARASSALA,KERALA,Y,Y,N,,
,635134,Dharmapuri,TAMIL NADU,Y,Y,N,,
,636462,METTUR,TAMIL NADU,Y,Y,N,,
,678555,PALAKKAD,KERALA,Y,Y,N,,
,695126,Neyyattinkara,KERALA,Y,Y,N,,
,581361,HONNAVARA,KARNATAKA,N,N,N,,
,560076,BANGALORE,KARNATAKA,Y,Y,Y,,
,691509,AYOOR,KERALA,Y,Y,N,,
,636001,Salem,TAMIL NADU,Y,Y,Y,,
,577540,Rampura,KARNATAKA,Y,Y,N,,
,636456,METTUR,TAMIL NADU,Y,Y,N,,
,626166,SIVAKASI,TAMIL NADU,Y,Y,N,,
,686017,Kottayam,KERALA,Y,Y,Y,,
,691535,Trivandrum,KERALA,Y,Y,Y,,
,587116,Bagalkot,KARNATAKA,Y,Y,N,,
,642053,Pollachi,TAMIL NADU,Y,Y,N,,
,636352,Omalur,TAMIL NADU,N,N,Y,,
,582216,Hubli,KARNATAKA,N,N,N,,
,624230,Dindigul,TAMIL NADU,N,N,N,,
,670645,MANANTHAVADY,KERALA,Y,Y,N,,
,691011,Kollam,KERALA,Y,Y,Y,,
,626172,Virudhunagar,TAMIL NADU,Y,Y,N,,
,686520,Kottayam,KERALA,Y,Y,Y,,
,680512,Guruvayur,KERALA,Y,Y,N,,
,560014,BANGALORE,KARNATAKA,Y,Y,Y,,
,638012,Erode,TAMIL NADU,Y,Y,Y,,
,560107,BANGALORE,KARNATAKA,Y,Y,Y,,
,574110,KARKALA,KARNATAKA,Y,Y,N,,
,580117,Hubli,KARNATAKA,Y,Y,N,,
,635131,Dharmapuri,TAMIL NADU,Y,Y,N,,
,624227,Dindigul,TAMIL NADU,N,N,N,,
,688042,Allapey,KERALA,Y,Y,N,,
,678689,Vadakkenchery,KERALA,N,N,N,,
,610103,Tiruvarur,TAMIL NADU,N,N,N,,
,623504,Ramanathapuram,TAMIL NADU,Y,Y,Y,,
,591263,Nipani,KARNATAKA,Y,Y,N,,
,576102,Manipal,KARNATAKA,Y,Y,N,,
,638009,Erode,TAMIL NADU,Y,Y,Y,,
,676103,Tirur,KERALA,Y,Y,Y,,
,686702,Thodupuzha,KERALA,N,N,N,,
,680322,Ollur,KERALA,Y,Y,N,,
,691332,Punalur,KERALA,Y,Y,N,,
,626175,Virudhunagar,TAMIL NADU,Y,Y,N,,
,637502,Salem,TAMIL NADU,Y,Y,Y,,
,691305,Punalur,KERALA,Y,Y,N,,
,571415,Srirangapatna,KARNATAKA,Y,Y,N,,
,676304,VENGARA,KERALA,Y,Y,Y,,
,686564,Pallikkathodu,KERALA,Y,Y,N,,
,680589,TRICHUR,KERALA,Y,Y,Y,,
,563114,Kolar,KARNATAKA,Y,Y,N,,
,628617,Thiruchendur,TAMIL NADU,Y,Y,Y,,
,605756,THIRUKOVILUR,TAMIL NADU,N,N,N,,
,560103,BANGALORE,KARNATAKA,Y,Y,Y,,
,625531,Theni,TAMIL NADU,Y,Y,Y,,
,609405,Thanjavur,TAMIL NADU,N,N,N,,
,620101,Trichy,TAMIL NADU,Y,Y,Y,,
,620025,Trichy,TAMIL NADU,Y,Y,N,,
,635137,Dharmapuri,TAMIL NADU,Y,Y,N,,
,695035,Trivandrum,KERALA,Y,Y,Y,,
,678005,PALAKKAD,KERALA,Y,Y,Y,,
,573218,Alur,KARNATAKA,N,N,N,,
,591316,Belguam,KARNATAKA,N,N,N,,
,695045,Kallayam,KERALA,Y,Y,N,,
,574199,Bantwal,KARNATAKA,N,N,N,,
,638102,Erode,TAMIL NADU,Y,Y,Y,,
,515201,HINDUPUR,ANDHRA PRADESH,Y,Y,N,,
,691314,Punalur,KERALA,Y,Y,N,,
,691303,Chathannur,KERALA,Y,Y,N,,
,574231,BC Road,KARNATAKA,N,N,N,,
,580110,Dharwad,KARNATAKA,Y,Y,N,,
,637407,Namakkal,TAMIL NADU,Y,Y,N,,
,613203,Thanjavur,TAMIL NADU,N,N,N,,
,691526,PANDALAM,KERALA,Y,Y,Y,,
,628704,Thisayanvilai,TAMIL NADU,Y,Y,Y,,
,560093,BANGALORE,KARNATAKA,Y,Y,Y,,
,581126,Haveri,KARNATAKA,Y,Y,Y,,
,591299,CHIKODI,KARNATAKA,Y,Y,N,,
,683574,Cochin,KERALA,Y,Y,N,,
,581133,Haveri,KARNATAKA,Y,Y,N,,
,678002,PALAKKAD,KERALA,Y,Y,Y,,
,672212,Kasargode,KERALA,Y,Y,N,,
,570016,Mysore,KARNATAKA,Y,Y,Y,,
,621104,Perambalur,TAMIL NADU,Y,Y,N,,
,691005,Kollam,KERALA,Y,Y,N,,
,641106,Coimbatore,TAMIL NADU,N,N,N,,
,576121,Padubidri,KARNATAKA,Y,Y,N,,
,673310,Mahe,KERALA,Y,Y,Y,,
,695507,Trivandrum,KERALA,Y,Y,N,,
,676102,Tirur,KERALA,Y,Y,Y,,
,621206,THURAIYUR,TAMIL NADU,Y,Y,Y,,
,670103,Kannur,KERALA,Y,Y,Y,,
,682309,Cochin,KERALA,Y,Y,Y,,
,691008,Kollam,KERALA,Y,Y,Y,,
,627716,TIRUNELVELI,TAMIL NADU,Y,Y,N,,
,680681,Triprayar,KERALA,Y,Y,N,,
,686696,Thodupuzha,KERALA,N,N,N,,
,627116,Nagercoil,TAMIL NADU,Y,Y,N,,
,626204,Virudhunagar,TAMIL NADU,Y,Y,Y,,
,686503,Pallikkathodu,KERALA,Y,Y,N,,
,582227,Gadag,KARNATAKA,Y,Y,Y,,
,637002,Salem,TAMIL NADU,Y,Y,Y,,
,686634,Thodupuzha,KERALA,Y,Y,Y,,
,584134,Raichur,KARNATAKA,Y,Y,Y,,
,673304,Ulliyeri,KERALA,Y,Y,Y,,
,571325,Mysore,KARNATAKA,Y,Y,Y,,
,613503,PAPANASAM,TAMIL NADU,N,N,N,,
,623307,UTHANGARAI,TAMIL NADU,Y,Y,N,,
,680653,KOZHIKODE,KERALA,Y,Y,N,,
,621129,Perambalur,TAMIL NADU,Y,Y,N,,
,577201,SHIVAMOGGA,KARNATAKA,Y,Y,Y,,
,628655,UTHANGARAI,TAMIL NADU,Y,Y,N,,
,573000,Hassan,KARNATAKA,Y,Y,N,,
,686726,Thodupuzha,KERALA,N,N,N,,
,623712,MUTHUKULATHUR,TAMIL NADU,N,N,N,,
,689509,PANDALAM,KERALA,Y,Y,Y,,
,577418,HOSANAGARA,KARNATAKA,Y,Y,N,,
,641032,Malumichampatti,TAMIL NADU,N,N,Y,,
,583224,Hagaribommanahalli,KARNATAKA,N,N,N,,
,639207,Karur,TAMIL NADU,Y,Y,N,,
,577139,Sringeri,KARNATAKA,Y,Y,N,,
,591280,Nipani,KARNATAKA,Y,Y,N,,
,635130,Dharmapuri,TAMIL NADU,N,N,N,,
,574210,Mangalore,KARNATAKA,Y,Y,N,,
,636101,Thalaivasal,TAMIL NADU,Y,Y,N,,
,679331,NILAMBUR,KERALA,Y,Y,N,,
,620001,Trichy,TAMIL NADU,Y,Y,Y,,
,643005,Ooty,TAMIL NADU,Y,Y,Y,,
,638476,Gopichettipalyam,TAMIL NADU,Y,Y,N,,
,689591,Tiruvella,KERALA,N,N,N,,
,670008,Kannur,KERALA,Y,Y,Y,,
,591116,MUNAVALLI,KARNATAKA,N,N,N,,
,629402,KANYAKUMARI,TAMIL NADU,Y,Y,N,,
,637214,Sankagiri,TAMIL NADU,Y,Y,Y,,
,689585,Tiruvella,KERALA,N,N,N,,
,691012,Kollam,KERALA,Y,Y,Y,,
,689671,Pathanamthitta,KERALA,N,N,N,,
,592236,Gokak,KARNATAKA,Y,Y,Y,,
,680771,THRISSUR,KERALA,N,N,N,,
,587153,NAVNAGAR,KARNATAKA,N,N,N,,
,591151,MUDHOL,KARNATAKA,Y,Y,N,,
,678701,PALAKKAD,KERALA,Y,Y,Y,,
,560065,BANGALORE,KARNATAKA,Y,Y,Y,,
,639107,KULITHALAI,TAMIL NADU,Y,Y,N,,
,583228,Koppal,KARNATAKA,N,N,N,,
,690101,Mavelikera,KERALA,Y,Y,Y,,
,582102,Gadag,KARNATAKA,Y,Y,N,,
,686603,Kottayam,KERALA,N,N,N,,
,627905,TIRUNELVELI,TAMIL NADU,Y,Y,N,,
,624625,Dindigul,TAMIL NADU,N,N,N,,
,612104,Kumbakonam,TAMIL NADU,Y,Y,Y,,
,636030,Salem,TAMIL NADU,Y,Y,N,,
,572107,Tumkur,KARNATAKA,Y,Y,Y,,
,627957,TIRUNELVELI,TAMIL NADU,Y,Y,N,,
,670591,Taliparamba,KERALA,N,N,N,,
,680543,KUNNAMKULAM,KERALA,Y,Y,Y,,
,614903,ADIRAMAPATTINAM,TAMIL NADU,Y,Y,N,,
,628662,UTHANGARAI,TAMIL NADU,Y,Y,N,,
,560008,BANGALORE,KARNATAKA,Y,Y,Y,,
,638207,Gopichettipalyam,TAMIL NADU,Y,Y,Y,,
,583236,YELBURAGA,KARNATAKA,Y,Y,Y,,
,670302,Kannur,KERALA,Y,Y,N,,
,581453,RAMNAGAR KAR,KARNATAKA,Y,Y,N,,
,582114,Gajendragad,KARNATAKA,Y,Y,Y,,
,680514,Guruvayur,KERALA,Y,Y,N,,
,627102,VALLIYOOR,TAMIL NADU,Y,Y,N,,
,582236,NARGUND,KARNATAKA,Y,Y,N,,
,628251,Tuticorin,TAMIL NADU,N,N,N,,
,624715,Vedasanthur,TAMIL NADU,N,N,N,,
,641022,PERIYAPALAYAM,TAMIL NADU,Y,Y,N,,
,627419,TIRUNELVELI,TAMIL NADU,Y,Y,N,,
,691506,KOTTARAKKARA,KERALA,Y,Y,N,,
,581352,Kampli,KARNATAKA,N,N,N,,
,629172,MARTHANDAM,TAMIL NADU,Y,Y,N,,
,641045,Coimbatore,TAMIL NADU,Y,Y,Y,,
,686627,Kottayam,KERALA,Y,Y,N,,
,629901,Nagercoil,TAMIL NADU,Y,Y,Y,,
,641666,Salem,TAMIL NADU,N,N,Y,,
,678597,PALAKKAD,KERALA,Y,Y,Y,,
,689698,Pathanamthitta,KERALA,N,N,N,,
,585412,Chitguppa,KARNATAKA,Y,Y,N,,
,671545,RAJAPURAM,KERALA,N,N,N,,
,573201,Hassan,KARNATAKA,Y,Y,Y,,
,583104,Bellary,KARNATAKA,Y,Y,Y,,
,679324,Manjery,KERALA,Y,Y,N,,
,577580,DAVANGERE,KARNATAKA,Y,Y,N,,
,670601,Taliparamba,KERALA,Y,Y,N,,
,609203,MAYILADURAI,TAMIL NADU,Y,Y,N,,
,636502,Omalur,TAMIL NADU,N,N,N,,
,612804,Kumbakonam,TAMIL NADU,Y,Y,Y,,
,628202,Thiruchendur,TAMIL NADU,Y,Y,Y,,
,577556,DAVANGERE,KARNATAKA,N,N,N,,
,612902,JEYAMKONDAM,TAMIL NADU,N,N,N,,
,577002,DAVANGERE,KARNATAKA,Y,Y,N,,
,638313,Gopichettipalyam,TAMIL NADU,Y,Y,Y,,
,636454,Omalur,TAMIL NADU,N,N,N,,
,624704,Dindigul,TAMIL NADU,N,N,N,,
,636404,METTUR,TAMIL NADU,N,N,N,,
,686666,Thodupuzha,KERALA,Y,Y,Y,,
,689594,Tiruvella,KERALA,N,N,N,,
,636141,Thalaivasal,TAMIL NADU,Y,Y,N,,
,587316,MUDALGI,KARNATAKA,N,N,N,,
,629602,KANYAKUMARI,TAMIL NADU,Y,Y,N,,
,686023,Kottayam,KERALA,Y,Y,N,,
,641007,Coimbatore,TAMIL NADU,Y,Y,N,,
,613010,Thanjavur,TAMIL NADU,Y,Y,Y,,
,581305,Kampli,KARNATAKA,N,N,N,,
,679590,EDAPPAL,KERALA,N,N,N,,
,623604,MUTHUKULATHUR,TAMIL NADU,N,N,N,,
,571331,Mysore,KARNATAKA,Y,Y,N,,
,628209,Thiruchendur,TAMIL NADU,Y,Y,Y,,
,626118,Virudhunagar,TAMIL NADU,Y,Y,Y,,
,670721,MANANTHAVADY,KERALA,Y,Y,N,,
,678683,Vadakkenchery,KERALA,N,N,N,,
,560036,BANGALORE,KARNATAKA,Y,Y,Y,,
,627721,TIRUNELVELI,TAMIL NADU,Y,Y,N,,
,691333,Punalur,KERALA,Y,Y,N,,
,574115,PETHRI,KARNATAKA,Y,Y,N,,
,680006,TRICHUR,KERALA,Y,Y,Y,,
,676107,Tirur,KERALA,Y,Y,Y,,
,577573,DAVANGERE,KARNATAKA,Y,Y,N,,
,680654,KOZHIKODE,KERALA,Y,Y,Y,,
,606202,KARUNAPURAM,TAMIL NADU,Y,Y,Y,,
,572130,Nagasandra,KARNATAKA,Y,Y,N,,
,624402,NATHAM,TAMIL NADU,Y,Y,N,,
,673018,Calicut,KERALA,Y,Y,Y,,
,691326,Punalur,KERALA,N,N,N,,
,679501,OTTAPALAM,KERALA,Y,Y,Y,,
,627654,Thisayanvilai,TAMIL NADU,Y,Y,N,,
,671124,Kasargode,KERALA,N,N,N,,
,682019,Cochin,KERALA,N,N,N,,
,636806,ULAGANAHALLI,TAMIL NADU,Y,Y,N,,
,574202,Uppinangady,KARNATAKA,Y,Y,N,,
,686123,ERATTUPETTA,KERALA,Y,Y,N,,
,678546,Vadakkenchery,KERALA,N,N,N,,
,680301,TRICHUR,KERALA,Y,Y,Y,,
,577553,JAGLUR,KARNATAKA,N,N,N,,
,685581,Thodupuzha,KERALA,Y,Y,N,,
,627805,Tenkasi,TAMIL NADU,Y,Y,Y,,
,641014,Coimbatore,TAMIL NADU,Y,Y,Y,,
,641120,Pollachi,TAMIL NADU,Y,Y,N,,
,629183,MARTHANDAM,TAMIL NADU,Y,Y,N,,
,686591,PALA,KERALA,Y,Y,N,,
,670561,Kannur,KERALA,Y,Y,Y,,
,673112,Vadakara,KERALA,N,N,N,,
,673581,Bathery,KERALA,Y,Y,N,,
,627110,VALLIYOOR,TAMIL NADU,Y,Y,Y,,
,570301,Mysore,KARNATAKA,Y,Y,Y,,
,571435,Srirangapatna,KARNATAKA,N,N,N,,
,629196,MARTHANDAM,TAMIL NADU,Y,Y,N,,
,680569,Manalur,KERALA,Y,Y,N,,
,560078,BANGALORE,KARNATAKA,Y,Y,Y,,
,561202,Pavagada,KARNATAKA,Y,Y,N,,
,639110,KULITHALAI,TAMIL NADU,N,N,N,,
,623611,Ramanathapuram,TAMIL NADU,Y,Y,N,,
,635002,Krishnagiri,TAMIL NADU,Y,Y,Y,,
,571614,MADIKERI,KARNATAKA,Y,Y,Y,,
,691540,AYOOR,KERALA,Y,Y,Y,,
,680502,Guruvayur,KERALA,Y,Y,N,,
,620005,Trichy,TAMIL NADU,Y,Y,Y,,
,691300,KOTTARAKKARA,KERALA,Y,Y,N,,
,626140,SIVAKASI,TAMIL NADU,N,N,N,,
,673613,KOZHIKODE,KERALA,Y,Y,N,,
,676551,PUTHANATHANI,KERALA,Y,Y,Y,,
,688017,Allapey,KERALA,Y,Y,N,,
,627010,TIRUNELVELI,TAMIL NADU,Y,Y,N,,
,624303,Dindigul,TAMIL NADU,Y,Y,Y,,
,584154,Manvi,KARNATAKA,N,N,N,,
,680317,Ollur,KERALA,Y,Y,N,,
,690569,Sasthamkotta,KERALA,Y,Y,N,,
,580115,Dharwad,KARNATAKA,Y,Y,N,,
,642120,Pollachi,TAMIL NADU,Y,Y,Y,,
,679105,OTTAPALAM,KERALA,Y,Y,Y,,
,690509,Mavelikera,KERALA,Y,Y,N,,
,590004,Belgaum,KARNATAKA,Y,Y,Y,,
,570020,Mysore,KARNATAKA,Y,Y,Y,,
,688029,Allapey,KERALA,Y,Y,N,,
,573134,Sakleshpur,KARNATAKA,Y,Y,N,,
,627357,TIRUNELVELI,TAMIL NADU,Y,Y,N,,
,571448,BG Nagar,KARNATAKA,N,N,N,,
,606402,Salem,TAMIL NADU,Y,Y,N,,
,670318,Kannur,KERALA,Y,Y,N,,
,637014,Salem,TAMIL NADU,Y,Y,Y,,
,627106,KANYAKUMARI,TAMIL NADU,N,N,N,,
,624217,Dindigul,TAMIL NADU,N,N,N,,
,682005,Ernakulam,KERALA,N,N,N,,
,679585,EDAPPAL,KERALA,Y,Y,N,,
,573113,Arakalgud,KARNATAKA,Y,Y,N,,
,688522,Cherthala,KERALA,Y,Y,N,,
,586124,Muddebihal,KARNATAKA,N,N,N,,
,577102,Chikkamagalur,KARNATAKA,Y,Y,Y,,
,313328,Railmagra,RAJASTHAN,Y,Y,N,,
,670691,Kuthuparamba,KERALA,Y,Y,Y,,
,638459,NAMBIYUR,TAMIL NADU,Y,Y,Y,,
,581340,Sirsi,KARNATAKA,Y,Y,Y,,
,690519,THODIYOOR,KERALA,N,N,N,,
,625017,Madurai,TAMIL NADU,Y,Y,Y,,
,686103,Tiruvella,KERALA,N,N,N,,
,587320,MUDHOL,KARNATAKA,Y,Y,N,,
,636504,Salem,TAMIL NADU,Y,Y,N,,
,680313,TRICHUR,KERALA,Y,Y,Y,,
,624001,Dindigul,TAMIL NADU,Y,Y,Y,,
,577777,DAVANGERE,KARNATAKA,Y,Y,Y,,
,636201,Salem,TAMIL NADU,Y,Y,Y,,
,673006,Calicut,KERALA,Y,Y,Y,,
,591289,CHIKODI,KARNATAKA,Y,Y,N,,
,626128,SIVAKASI,TAMIL NADU,Y,Y,Y,,
,571215,Virajpet,KARNATAKA,N,N,N,,
,571455,Mandya,KARNATAKA,N,N,N,,
,670142,Kannur,KERALA,N,N,N,,
,571237,SHUNTIKOPPA,KARNATAKA,Y,Y,N,,
,625705,Usilampatti,TAMIL NADU,N,N,N,,
,642054,Pollachi,TAMIL NADU,Y,Y,N,,
,571449,Mandya,KARNATAKA,Y,Y,N,,
,571328,Chamarajanagar,KARNATAKA,Y,Y,Y,,
,571422,Malavalli,KARNATAKA,N,N,N,,
,673012,VELLIMADUKUNNU,KERALA,N,N,N,,
,591311,KUDCHI,KARNATAKA,Y,Y,N,,
,583132,Kampli,KARNATAKA,Y,Y,N,,
,686540,Kottiyam,KERALA,N,N,N,,
,689516,PANDALAM,KERALA,N,N,N,,
,673110,Vadakara,KERALA,N,N,N,,
,689624,Allapey,KERALA,Y,Y,Y,,
,641402,Kinathukadavu,TAMIL NADU,Y,Y,Y,,
,609201,Thanjavur,TAMIL NADU,N,N,N,,
,637024,Namakkal,TAMIL NADU,N,N,N,,
,690108,Mavelikera,KERALA,Y,Y,Y,,
,562102,Vijayapura,KARNATAKA,Y,Y,Y,,
,638301,Lakshminagar,TAMIL NADU,Y,Y,Y,,
,576106,Manipal,KARNATAKA,Y,Y,N,,
,689672,RANNI,KERALA,N,N,N,,
,624507,Dindigul,TAMIL NADU,N,N,N,,
,680563,Ollur,KERALA,Y,Y,N,,
,671320,Kasargode,KERALA,N,N,N,,
,574141,Mangalore,KARNATAKA,N,N,N,,
,686035,Kottayam,KERALA,N,N,N,,
,621107,Perambalur,TAMIL NADU,Y,Y,Y,,
,680011,TRICHUR,KERALA,Y,Y,Y,,
,560089,BANGALORE,KARNATAKA,Y,Y,Y,,
,680684,THRISSUR,KERALA,N,N,N,,
,627820,TIRUNELVELI,TAMIL NADU,Y,Y,N,,
,609118,MAYILADURAI,TAMIL NADU,Y,Y,Y,,
,613005,Thanjavur,TAMIL NADU,Y,Y,Y,,
,680503,KUNNAMKULAM,KERALA,Y,Y,Y,,
,629188,MARTHANDAM,TAMIL NADU,N,N,N,,
,635202,ORATHANADU,TAMIL NADU,N,N,N,,
,627765,Tenkasi,TAMIL NADU,Y,Y,Y,,
,642154,PALLIVASAL,TAMIL NADU,Y,Y,Y,,
,591342,Gokak,KARNATAKA,N,N,N,,
,560038,BANGALORE,KARNATAKA,Y,Y,Y,,
,686516,Kottayam,KERALA,N,N,N,,
,591176,Belgaum,KARNATAKA,Y,Y,Y,,
,624201,Ayyampalyam,TAMIL NADU,Y,Y,Y,,
,680517,KUNNAMKULAM,KERALA,Y,Y,N,,
,622407,PONNAMARAVATHY,TAMIL NADU,Y,Y,N,,
,629302,Nagercoil,TAMIL NADU,Y,Y,N,,
,574230,Kadaba,KARNATAKA,N,N,N,,
,695302,Chirayinkeezhu,KERALA,Y,Y,Y,,
,678512,PALAKKAD,KERALA,N,N,N,,
,690539,THODIYOOR,KERALA,N,N,N,,
,686698,Thodupuzha,KERALA,N,N,N,,
,577519,CHITRADURGA,KARNATAKA,N,N,N,,
,678003,PALAKKAD,KERALA,Y,Y,Y,,
,686018,Kottayam,KERALA,N,N,Y,,
,673338,Kondotty,KERALA,Y,Y,N,,
,673509,Kannur,KERALA,Y,Y,Y,,
,670104,Kannur,KERALA,Y,Y,Y,,
,624220,Ayyampalyam,TAMIL NADU,Y,Y,Y,,
,621117,Perambalur,TAMIL NADU,Y,Y,Y,,
,624003,Dindigul,TAMIL NADU,Y,Y,Y,,
,577515,Hosadurga,KARNATAKA,N,N,N,,
,636016,Salem,TAMIL NADU,Y,Y,Y,,
,636463,METTUR,TAMIL NADU,Y,Y,N,,
,624318,Dindigul,TAMIL NADU,N,N,N,,
,566666,BANGALORE,KARNATAKA,Y,Y,Y,,
,691322,Punalur,KERALA,Y,Y,N,,
,636751,Dharmapuri,TAMIL NADU,Y,Y,N,,
,586207,Bagalkot,KARNATAKA,Y,Y,N,,
,636202,Namakkal,TAMIL NADU,Y,Y,N,,
,575005,Mangalore,KARNATAKA,Y,Y,Y,,
,586202,Afzalpura,KARNATAKA,Y,Y,Y,,
,689105,Tiruvella,KERALA,N,N,N,,
,587103,Bagalkot,KARNATAKA,Y,Y,Y,,
,678614,PALAKKAD,KERALA,Y,Y,N,,
,686668,Thodupuzha,KERALA,Y,Y,Y,,
,587121,MUDHOL,KARNATAKA,Y,Y,N,,
,680583,PALAKKAD,KERALA,Y,Y,N,,
,571433,Maddur,KARNATAKA,N,N,N,,
,626149,Rajapalayam,TAMIL NADU,Y,Y,Y,,
,560046,BANGALORE,KARNATAKA,N,N,Y,,
,680582,TRICHUR,KERALA,Y,Y,Y,,
,676313,Tirur,KERALA,Y,Y,N,,
,686672,Thodupuzha,KERALA,Y,Y,Y,,
,676106,Tirur,KERALA,Y,Y,Y,,
,577429,Sorab,KARNATAKA,Y,Y,N,,
,576231,Kundapura,KARNATAKA,Y,Y,N,,
,621803,JEYAMKONDAM,TAMIL NADU,N,N,N,,
,695022,Trivandrum,KERALA,Y,Y,Y,,
,574113,Padubidri,KARNATAKA,Y,Y,N,,
,691007,Kollam,KERALA,Y,Y,Y,,
,641012,Coimbatore,TAMIL NADU,Y,Y,Y,,
,673521,KOZHIKODE,KERALA,Y,Y,Y,,
,686507,Edakunnam,KERALA,Y,Y,N,,
,689549,Tiruvella,KERALA,N,N,N,,
,691534,Trivandrum,KERALA,Y,Y,N,,
,577134,KOPPA,KARNATAKA,Y,Y,N,,
,560084,BANGALORE,KARNATAKA,Y,Y,Y,,
,626211,SIVAKASI,TAMIL NADU,Y,Y,N,,
,676509,Manjery,KERALA,Y,Y,Y,,
,689622,Allapey,KERALA,Y,Y,N,,
,570011,Mysore,KARNATAKA,Y,Y,Y,,
,627860,Tenkasi,TAMIL NADU,Y,Y,N,,
,626524,Theni,TAMIL NADU,N,N,N,,
,641031,PERIYAPALAYAM,TAMIL NADU,Y,Y,N,,
,614204,Thanjavur,TAMIL NADU,Y,Y,Y,,
,641038,Coimbatore,TAMIL NADU,Y,Y,N,,
,563120,Kolar,KARNATAKA,Y,Y,Y,,
,641607,Tirupur,TAMIL NADU,Y,Y,Y,,
,695146,Edava,KERALA,Y,Y,Y,,
,635115,Krishnagiri,TAMIL NADU,Y,Y,N,,
,628051,TIRUNELVELI,TAMIL NADU,Y,Y,N,,
,561226,BANGALORE,KARNATAKA,Y,Y,Y,,
,629158,MARTHANDAM,TAMIL NADU,Y,Y,N,,
,636009,Salem,TAMIL NADU,Y,Y,Y,,
,635308,Gopichettipalyam,TAMIL NADU,Y,Y,N,,
,680697,MALA KL,KERALA,Y,Y,Y,,
,591124,Belgaum,KARNATAKA,Y,Y,Y,,
,691335,KOTTARAKKARA,KERALA,Y,Y,N,,
,613202,Thanjavur,TAMIL NADU,Y,Y,Y,,
,679301,OTTAPALAM,KERALA,Y,Y,N,,
,577203,SHIVAMOGGA,KARNATAKA,Y,Y,Y,,
,627401,Tenkasi,TAMIL NADU,Y,Y,Y,,
,562109,BIDADI,KARNATAKA,N,N,N,,
,625006,Thiruparankundram,TAMIL NADU,Y,Y,Y,,
,678010,PALAKKAD,KERALA,Y,Y,Y,,
,515202,HINDUPUR,ANDHRA PRADESH,Y,Y,N,,
,638673,Dharapuram,TAMIL NADU,Y,Y,Y,,
,560020,BANGALORE,KARNATAKA,Y,Y,Y,,
,680596,THRISSUR,KERALA,Y,Y,Y,,
,623512,Ramanathapuram,TAMIL NADU,Y,Y,Y,,
,695034,Trivandrum,KERALA,Y,Y,Y,,
,621805,JEYAMKONDAM,TAMIL NADU,N,N,N,,
,680711,THRISSUR,KERALA,N,N,N,,
,580214,Hubli,KARNATAKA,Y,Y,N,,
,335705,Suratgarh,RAJASTHAN,N,N,N,,
,673507,Vadakara,KERALA,N,N,N,,
,627104,KANYAKUMARI,TAMIL NADU,N,N,N,,
,639119,KULITHALAI,TAMIL NADU,N,N,N,,
,638052,Salem,TAMIL NADU,Y,Y,Y,,
,571333,Chamarajanagar,KARNATAKA,Y,Y,Y,,
,680570,THRISSUR,KERALA,N,N,N,,
,570009,Mysore,KARNATAKA,Y,Y,Y,,
,577522,Challakere,KARNATAKA,Y,Y,Y,,
,585329,Chitguppa,KARNATAKA,N,N,N,,
,636452,METTUR,TAMIL NADU,Y,Y,N,,
,695013,Trivandrum,KERALA,Y,Y,Y,,
,560056,BANGALORE,KARNATAKA,Y,Y,Y,,
,638452,Gopichettipalyam,TAMIL NADU,Y,Y,Y,,
,570021,Mysore,KARNATAKA,Y,Y,Y,,
,636017,AYOTHIYAPATINAM,TAMIL NADU,Y,Y,Y,,
,690546,Karunagappally,KERALA,N,N,N,,
,577411,Thirthahalli,KARNATAKA,Y,Y,N,,
,629155,MARTHANDAM,TAMIL NADU,Y,Y,N,,
,670603,Taliparamba,KERALA,Y,Y,Y,,
,591244,Ankali,KARNATAKA,Y,Y,N,,
,636203,Salem,TAMIL NADU,Y,Y,Y,,
,571436,Kikkeri,KARNATAKA,N,N,N,,
,686124,ERATTUPETTA,KERALA,Y,Y,N,,
,636351,Omalur,TAMIL NADU,N,N,Y,,
,623309,UTHANGARAI,TAMIL NADU,Y,Y,N,,
,695142,Edava,KERALA,Y,Y,Y,,
,576101,Manipal,KARNATAKA,Y,Y,N,,
,621217,Trichy,TAMIL NADU,N,N,N,,
,560069,BANGALORE,KARNATAKA,Y,Y,Y,,
,625603,Theni,TAMIL NADU,Y,Y,N,,
,679561,Guruvayur,KERALA,Y,Y,N,,
,585106,Kalaburagi,KARNATAKA,Y,Y,Y,,
,623807,Ramanathapuram,TAMIL NADU,N,N,N,,
,638311,Anthiyur,TAMIL NADU,N,N,N,,
,591504,SAUNDATTI,KARNATAKA,N,N,N,,
,686636,Thodupuzha,KERALA,Y,Y,Y,,
,570150,Mandya,KARNATAKA,N,N,N,,
,695025,Trivandrum,KERALA,Y,Y,Y,,
,689677,RANNI,KERALA,N,N,N,,
,636102,Salem,TAMIL NADU,Y,Y,N,,
,686652,ERATTUPETTA,KERALA,Y,Y,N,,
,609810,Thanjavur,TAMIL NADU,Y,Y,N,,
,611001,Thanjavur,TAMIL NADU,Y,Y,N,,
,678101,PALAKKAD,KERALA,Y,Y,N,,
,626130,SIVAKASI,TAMIL NADU,Y,Y,Y,,
,673004,Calicut,KERALA,Y,Y,Y,,
,673661,MUKKAM,KERALA,Y,Y,Y,,
,577213,Channagiri,KARNATAKA,N,N,N,,
,585105,Kalaburagi,KARNATAKA,Y,Y,N,,
,610003,Tiruvarur,TAMIL NADU,Y,Y,Y,,
,642002,Pollachi,TAMIL NADU,Y,Y,Y,,
,670501,Kannur,KERALA,Y,Y,N,,
,570031,Mysore,KARNATAKA,Y,Y,Y,,
,636002,Salem,TAMIL NADU,Y,Y,Y,,
,678642,OTTAPALAM,KERALA,Y,Y,Y,,
,627007,TIRUNELVELI,TAMIL NADU,Y,Y,Y,,
,690511,Mavelikera,KERALA,Y,Y,Y,,
,583281,ILKAL,KARNATAKA,N,N,N,,
,682002,Ernakulam,KERALA,N,N,N,,
,591511,Nipani,KARNATAKA,Y,Y,N,,
,689515,PANDALAM,KERALA,N,N,N,,
,625602,Theni,TAMIL NADU,Y,Y,N,,
,625010,Madurai,TAMIL NADU,Y,Y,Y,,
,610105,Thanjavur,TAMIL NADU,Y,Y,N,,
,680507,Guruvayur,KERALA,Y,Y,N,,
,639001,Karur,TAMIL NADU,Y,Y,Y,,
,623201,KARAIKUDI,TAMIL NADU,Y,Y,N,,
,630502,THIRUPPATHUR,TAMIL NADU,Y,Y,N,,
,591162,SAUNDATTI,KARNATAKA,N,N,N,,
,686037,Kottayam,KERALA,N,N,N,,
,635758,Dharmapuri,TAMIL NADU,Y,Y,N,,
,574211,BC Road,KARNATAKA,N,N,N,,
,576125,Manipal,KARNATAKA,Y,Y,N,,
,641033,Coimbatore,TAMIL NADU,Y,Y,N,,
,575020,Bantwal,KARNATAKA,Y,Y,N,,
,637405,Salem,TAMIL NADU,Y,Y,Y,,
,586111,Bagalkot,KARNATAKA,Y,Y,N,,
,584147,Manvi,KARNATAKA,N,N,N,,
,628627,TIRUNELVELI,TAMIL NADU,Y,Y,N,,
,695041,Trivandrum,KERALA,N,N,N,,
,686022,Kottayam,KERALA,N,N,N,,
,575028,Mangalore,KARNATAKA,Y,Y,Y,,
,627352,TIRUNELVELI,TAMIL NADU,Y,Y,Y,,
,636013,Salem,TAMIL NADU,Y,Y,Y,,
,613601,Thanjavur,TAMIL NADU,Y,Y,Y,,
,571477,Srirangapatna,KARNATAKA,N,N,N,,
,621112,Lalgudi,TAMIL NADU,Y,Y,Y,,
,689124,Allapey,KERALA,Y,Y,N,,
,638451,Sathyamangalam,TAMIL NADU,Y,Y,N,,
,560016,BANGALORE,KARNATAKA,Y,Y,Y,,
,641024,Coimbatore,TAMIL NADU,Y,Y,Y,,
,680509,Manalur,KERALA,Y,Y,N,,
,695575,Trivandrum,KERALA,Y,Y,Y,,
,591236,Sankeshwar,KARNATAKA,Y,Y,N,,
,673572,Kannur,KERALA,N,N,N,,
,686595,PALA,KERALA,Y,Y,N,,
,626189,SIVAKASI,TAMIL NADU,Y,Y,Y,,
,641603,Tirupur,TAMIL NADU,Y,Y,Y,,
,688022,Allapey,KERALA,Y,Y,N,,
,627108,VALLIYOOR,TAMIL NADU,Y,Y,N,,
,689541,Tiruvella,KERALA,N,N,N,,
,625715,Vedasanthur,TAMIL NADU,N,N,N,,
,685605,Thodupuzha,KERALA,Y,Y,N,,
,574148,Mangalore,KARNATAKA,N,N,N,,
,686542,Kottiyam,KERALA,N,N,N,,
,623524,Ramanathapuram,TAMIL NADU,Y,Y,Y,,
,591198,Belgaum,KARNATAKA,Y,Y,Y,,
,691019,Kollam,KERALA,Y,Y,Y,,
,689593,Tiruvella,KERALA,Y,Y,N,,
,629160,MARTHANDAM,TAMIL NADU,Y,Y,N,,
,670322,Kannur,KERALA,Y,Y,N,,
,571234,MADIKERI,KARNATAKA,Y,Y,Y,,
,678671,PALAKKAD,KERALA,Y,Y,Y,,
,585353,Chitguppa,KARNATAKA,Y,Y,N,,
,638504,Anthiyur,TAMIL NADU,N,N,N,,
,580000,Hubli,KARNATAKA,Y,Y,N,,
,678681,Vadakkenchery,KERALA,N,N,N,,
,574109,NARAVI,KARNATAKA,N,N,N,,
,686548,Tiruvella,KERALA,N,N,N,,
,587136,MUDHOL,KARNATAKA,Y,Y,N,,
,571476,Maddur,KARNATAKA,N,N,N,,
,686584,Pallikkathodu,KERALA,Y,Y,N,,
,680736,MALA KL,KERALA,Y,Y,N,,
,679580,EDAPPAL,KERALA,Y,Y,N,,
,625526,CUMBAM,TAMIL NADU,Y,Y,N,,
,560080,BANGALORE,KARNATAKA,Y,Y,Y,,
,636453,METTUR,TAMIL NADU,N,N,N,,
,577232,KONANDURU,KARNATAKA,Y,Y,N,,
,574327,Sullia,KARNATAKA,N,N,N,,
,572104,Tumkur,KARNATAKA,Y,Y,Y,,
,680501,TRICHUR,KERALA,Y,Y,Y,,
,695312,Edava,KERALA,Y,Y,Y,,
,621006,Trichy,TAMIL NADU,N,N,N,,
,639210,Kathimedu,TAMIL NADU,Y,Y,N,,
,563113,Kolar,KARNATAKA,Y,Y,N,,
,575017,Bantwal,KARNATAKA,Y,Y,N,,
,621305,MANAPPARAI,TAMIL NADU,Y,Y,N,,
,573124,Channarayapatna,KARNATAKA,Y,Y,N,,
,636104,VALAPPADI,TAMIL NADU,N,N,N,,
,572138,Tumkur,KARNATAKA,Y,Y,Y,,
,562122,Hoskote,KARNATAKA,Y,Y,Y,,
,682032,Cochin,KERALA,N,N,N,,
,691015,Kollam,KERALA,Y,Y,N,,
,627758,Salem,TAMIL NADU,Y,Y,Y,,
,609701,Tiruvarur,TAMIL NADU,Y,Y,Y,,
,629702,KANYAKUMARI,TAMIL NADU,Y,Y,Y,,
,629178,MARTHANDAM,TAMIL NADU,Y,Y,N,,
,626001,Virudhunagar,TAMIL NADU,Y,Y,Y,,
,680004,TRICHUR,KERALA,Y,Y,Y,,
,627852,Tenkasi,TAMIL NADU,Y,Y,Y,,
,676556,Tirur,KERALA,Y,Y,N,,
,571127,Chamarajanagar,KARNATAKA,Y,Y,Y,,
,686025,Kottayam,KERALA,Y,Y,N,,
,575003,Mangalore,KARNATAKA,Y,Y,N,,
,583203,Hospet,KARNATAKA,Y,Y,N,,
,629708,KANYAKUMARI,TAMIL NADU,N,N,N,,
,624622,Dindigul,TAMIL NADU,Y,Y,N,,
,695014,Trivandrum,KERALA,Y,Y,N,,
,695318,Edava,KERALA,Y,Y,Y,,
,638701,KANGEYAM,TAMIL NADU,Y,Y,Y,,
,627360,TIRUNELVELI,TAMIL NADU,Y,Y,N,,
,577127,KOPPA,KARNATAKA,Y,Y,Y,,
,641407,Tirupur,TAMIL NADU,Y,Y,N,,
,591282,CHIKODI,KARNATAKA,Y,Y,N,,
,679340,Malappuram,KERALA,Y,Y,N,,
,570012,Mysore,KARNATAKA,Y,Y,Y,,
,560073,BANGALORE,KARNATAKA,Y,Y,Y,,
,638661,Dharapuram,TAMIL NADU,Y,Y,Y,,
,571137,Mandya,KARNATAKA,Y,Y,N,,
,642144,Pollachi,TAMIL NADU,Y,Y,N,,
,642109,Palladam,TAMIL NADU,N,N,N,,
,673020,ELATHUR,KERALA,Y,Y,Y,,
,638455,Gopichettipalyam,TAMIL NADU,Y,Y,N,,
,690105,Allapey,KERALA,Y,Y,N,,
,571428,Maddur,KARNATAKA,N,N,N,,
,673019,PANDEERANKAVU,KERALA,Y,Y,N,,
,630302,Devakottai,TAMIL NADU,Y,Y,Y,,
,572127,Madhugiri,KARNATAKA,Y,Y,N,,
,577502,CHITRADURGA,KARNATAKA,Y,Y,Y,,
,670649,Kannur,KERALA,Y,Y,N,,
,686013,Kottayam,KERALA,N,N,N,,
,614619,Trichy,TAMIL NADU,N,N,N,,
,679534,KOOTANAD,KERALA,N,N,N,,
,587145,ILKAL,KARNATAKA,Y,Y,N,,
,629159,MARTHANDAM,TAMIL NADU,Y,Y,N,,
,689597,Tiruvella,KERALA,N,N,N,,
,689625,PANDALAM,KERALA,Y,Y,Y,,
,683512,Cochin,KERALA,Y,Y,N,,
,591239,Ankali,KARNATAKA,Y,Y,N,,
,560034,BANGALORE,KARNATAKA,Y,Y,Y,,
,686002,Kottayam,KERALA,Y,Y,Y,,
,678706,Vadakkenchery,KERALA,N,N,N,,
,685561,Adimali,KERALA,Y,Y,N,,
,625207,Madurai,TAMIL NADU,Y,Y,N,,
,695501,Neyyattinkara,KERALA,Y,Y,N,,
,637406,Namakkal,TAMIL NADU,Y,Y,N,,
,638471,Anthiyur,TAMIL NADU,Y,Y,N,,
,626101,Virudhunagar,TAMIL NADU,Y,Y,Y,,
,682037,Cochin,KERALA,N,N,N,,
,577235,SHIVAMOGGA,KARNATAKA,Y,Y,N,,
,691573,AYOOR,KERALA,Y,Y,Y,,
,591201,CHIKODI,KARNATAKA,N,N,N,,
,671317,Kasargode,KERALA,N,N,N,,
,587144,Badami,KARNATAKA,N,N,N,,
,630405,PONNAMARAVATHY,TAMIL NADU,Y,Y,N,,
,680573,TRICHUR,KERALA,Y,Y,Y,,
,680001,TRICHUR,KERALA,Y,Y,Y,,
,689694,Pathanapuram,KERALA,Y,Y,N,,
,577541,Sirigere,KARNATAKA,N,N,Y,,
,626155,Virudhunagar,TAMIL NADU,Y,Y,N,,
,624234,Dindigul,TAMIL NADU,N,N,N,,
,627415,Tenkasi,TAMIL NADU,Y,Y,Y,,
,629161,MARTHANDAM,TAMIL NADU,Y,Y,N,,
,680022,TRICHUR,KERALA,Y,Y,Y,,
,689101,Tiruvella,KERALA,N,N,N,,
,641043,Coimbatore,TAMIL NADU,Y,Y,Y,,
,587143,NAVNAGAR,KARNATAKA,N,N,N,,
,635823,Dharmapuri,TAMIL NADU,Y,Y,N,,
,641602,Tirupur,TAMIL NADU,Y,Y,Y,,
,695002,Trivandrum,KERALA,Y,Y,N,,
,682310,Kolenchery,KERALA,N,N,N,,
,636302,Omalur,TAMIL NADU,Y,Y,N,,
,571104,MADIKERI,KARNATAKA,Y,Y,Y,,
,671552,Kasargode,KERALA,Y,Y,Y,,
,695141,Edava,KERALA,Y,Y,Y,,
,613201,Thanjavur,TAMIL NADU,Y,Y,Y,,
,571601,KR Pete,KARNATAKA,N,N,N,,
,574150,SURATHKAL,KARNATAKA,Y,Y,Y,,
,584104,Raichur,KARNATAKA,Y,Y,Y,,
,570015,Mysore,KARNATAKA,Y,Y,Y,,
,673555,Vadakara,KERALA,N,N,N,,
,623565,TIRUNELVELI,TAMIL NADU,Y,Y,N,,
,560110,BANGALORE,KARNATAKA,Y,Y,N,,
,683108,Aluva,KERALA,Y,Y,Y,,
,625536,Theni,TAMIL NADU,N,N,N,,
,691554,PANDALAM,KERALA,Y,Y,Y,,
,577214,Shikaripura,KARNATAKA,Y,Y,Y,,
,680712,Irinjalakuda,KERALA,N,N,N,,
,635757,Dharmapuri,TAMIL NADU,Y,Y,N,,
,686575,PALA,KERALA,Y,Y,N,,
,689109,Allapey,KERALA,Y,Y,N,,
,689513,PANDALAM,KERALA,Y,Y,Y,,
,614724,Tiruvarur,TAMIL NADU,Y,Y,N,,
,574242,MADANTHYAR,KARNATAKA,Y,Y,N,,
,582209,RON,KARNATAKA,Y,Y,Y,,
,680694,MALA KL,KERALA,Y,Y,N,,
,635817,Dharmapuri,TAMIL NADU,Y,Y,N,,
,621116,Perambalur,TAMIL NADU,Y,Y,Y,,
,583202,Hospet,KARNATAKA,Y,Y,Y,,
,695307,Chirayinkeezhu,KERALA,N,N,N,,
,690540,Sasthamkotta,KERALA,Y,Y,N,,
,626188,Rajapalayam,TAMIL NADU,Y,Y,N,,
,637412,Namakkal,TAMIL NADU,N,N,N,,
,585303,Kalaburagi,KARNATAKA,Y,Y,N,,
,563333,BANGALORE,KARNATAKA,Y,Y,N,,
,690512,Mavelikera,KERALA,Y,Y,N,,
,636704,Dharmapuri,TAMIL NADU,Y,Y,Y,,
,563103,Kolar,KARNATAKA,Y,Y,N,,
,680585,TRICHUR,KERALA,Y,Y,N,,
,638105,KANGEYAM,TAMIL NADU,N,N,N,,
,682001,Ernakulam,KERALA,N,N,N,,
,641040,Coimbatore,TAMIL NADU,N,N,N,,
,686006,Kottayam,KERALA,Y,Y,Y,,
,577451,SHIVAMOGGA,KARNATAKA,Y,Y,N,,
,682017,Cochin,KERALA,Y,Y,Y,,
,624219,Ayyampalyam,TAMIL NADU,Y,Y,Y,,
,670643,Kuthuparamba,KERALA,Y,Y,Y,,
,577215,Channagiri,KARNATAKA,N,N,N,,
,625530,CUMBAM,TAMIL NADU,Y,Y,N,,
,571115,Chamarajanagar,KARNATAKA,Y,Y,Y,,
,670671,Kannur,KERALA,Y,Y,Y,,
,685608,Thodupuzha,KERALA,Y,Y,Y,,
,581231,Hubli,KARNATAKA,Y,Y,N,,
,591187,MUDHOL,KARNATAKA,Y,Y,N,,
,626535,Usilampatti,TAMIL NADU,Y,Y,N,,
,695040,Trivandrum,KERALA,Y,Y,Y,,
,560092,BANGALORE,KARNATAKA,Y,Y,Y,,
,635701,AMBUR,TAMIL NADU,Y,Y,N,,
,637021,Trichy,TAMIL NADU,Y,Y,N,,
,638656,Dharapuram,TAMIL NADU,Y,Y,Y,,
,673319,Ulliyeri,KERALA,Y,Y,N,,
,571812,Mandya,KARNATAKA,N,N,N,,
,623713,Ramanathapuram,TAMIL NADU,N,N,N,,
,695027,Trivandrum,KERALA,Y,Y,Y,,
,671532,Kasargode,KERALA,Y,Y,Y,,
,560077,BANGALORE,KARNATAKA,Y,Y,Y,,
,560058,BANGALORE,KARNATAKA,Y,Y,Y,,
,573135,Kikkeri,KARNATAKA,N,N,N,,
,626572,Theni,TAMIL NADU,N,N,N,,
,642149,Pollachi,TAMIL NADU,Y,Y,N,,
,587146,ILKAL,KARNATAKA,Y,Y,N,,
,690560,Allapey,KERALA,N,N,N,,
,630004,KARAIKUDI,TAMIL NADU,Y,Y,N,,
,680016,TRICHUR,KERALA,Y,Y,Y,,
,638314,Anthiyur,TAMIL NADU,N,N,N,,
,628103,Tuticorin,TAMIL NADU,N,N,N,,
,641062,Kinathukadavu,TAMIL NADU,Y,Y,Y,,
,626201,SIVAKASI,TAMIL NADU,Y,Y,Y,,
,629251,Nagercoil,TAMIL NADU,Y,Y,Y,,
,624051,Dindigul,TAMIL NADU,N,N,N,,
,641018,Coimbatore,TAMIL NADU,Y,Y,Y,,
,626176,SIVAKASI,TAMIL NADU,Y,Y,N,,
,606203,KARUNAPURAM,TAMIL NADU,Y,Y,N,,
,695587,Kazhakkoottam,KERALA,Y,Y,Y,,
,560052,BANGALORE,KARNATAKA,N,N,Y,,
,590019,Belgaum,KARNATAKA,Y,Y,Y,,
,676542,NILAMBUR,KERALA,N,N,N,,
,620014,Trichy,TAMIL NADU,Y,Y,Y,,
,626162,Virudhunagar,TAMIL NADU,Y,Y,N,,
,629802,Nagercoil,TAMIL NADU,Y,Y,Y,,
,678762,PALAKKAD,KERALA,N,N,N,,
,622003,Pudukkottai,TAMIL NADU,Y,Y,N,,
,577599,Hiriyur,KARNATAKA,N,N,N,,
,691016,Kollam,KERALA,Y,Y,N,,
,621205,Trichy,TAMIL NADU,N,N,N,,
,626171,SIVAKASI,TAMIL NADU,Y,Y,N,,
,571474,Mandya,KARNATAKA,Y,Y,Y,,
,626167,Virudhunagar,TAMIL NADU,Y,Y,N,,
,670521,Kannur,KERALA,Y,Y,N,,
,691001,Kollam,KERALA,Y,Y,Y,,
,585289,Kalaburagi,KARNATAKA,Y,Y,N,,
,679533,KOOTANAD,KERALA,N,N,N,,
,639102,Karur,TAMIL NADU,N,N,N,,
,680555,THRISSUR,KERALA,N,N,N,,
,680608,TRICHUR,KERALA,Y,Y,Y,,
,673037,Ulliyeri,KERALA,Y,Y,N,,
,562105,Shidlaghatta,KARNATAKA,N,N,N,,
,642143,Pollachi,TAMIL NADU,Y,Y,N,,
,636117,VALAPPADI,TAMIL NADU,N,N,N,,
,583212,Hagaribommanahalli,KARNATAKA,Y,Y,N,,
,586246,NARGUND,KARNATAKA,Y,Y,N,,
,678009,PALAKKAD,KERALA,Y,Y,Y,,
,686012,Kottayam,KERALA,N,N,N,,
,624222,Dindigul,TAMIL NADU,N,N,N,,
,624208,Ayyampalyam,TAMIL NADU,Y,Y,N,,
,686697,Thodupuzha,KERALA,N,N,N,,
,581324,Karwar,KARNATAKA,Y,Y,N,,
,686007,Kottayam,KERALA,N,N,N,,
,686533,Kottayam,KERALA,N,N,N,,
,580021,Hubli,KARNATAKA,Y,Y,Y,,
,583219,Hubli,KARNATAKA,Y,Y,N,,
,678571,PALAKKAD,KERALA,Y,Y,Y,,
,683102,Aluva,KERALA,Y,Y,Y,,
,585310,Kalaburagi,KARNATAKA,Y,Y,N,,
,623111,KARAIKUDI,TAMIL NADU,Y,Y,N,,
,690110,Mavelikera,KERALA,Y,Y,Y,,
,573210,Hassan,KARNATAKA,Y,Y,N,,
,560028,BANGALORE,KARNATAKA,Y,Y,Y,,
,676101,Tirur,KERALA,Y,Y,Y,,
,626107,Virudhunagar,TAMIL NADU,Y,Y,N,,
,691307,Punalur,KERALA,Y,Y,Y,,
,680568,Edamuttam,KERALA,Y,Y,Y,,
,577527,Hosadurga,KARNATAKA,N,N,N,,
,680312,Ollur,KERALA,Y,Y,N,,
,686664,Thodupuzha,KERALA,Y,Y,Y,,
,571129,Nanjanagudu,KARNATAKA,N,N,N,,
,630314,Devakottai,TAMIL NADU,Y,Y,Y,,
,630003,KARAIKUDI,TAMIL NADU,Y,Y,N,,
,560053,BANGALORE,KARNATAKA,Y,Y,Y,,
,676519,VENGARA,KERALA,Y,Y,Y,,
,585212,Afzalpura,KARNATAKA,Y,Y,N,,
,570017,Mysore,KARNATAKA,Y,Y,Y,,
,560005,BANGALORE,KARNATAKA,Y,Y,Y,,
,641028,Coimbatore,TAMIL NADU,Y,Y,Y,,
,637019,Salem,TAMIL NADU,Y,Y,Y,,
,627414,Tenkasi,TAMIL NADU,N,N,N,,
,570022,Mysore,KARNATAKA,Y,Y,Y,,
,626117,Rajapalayam,TAMIL NADU,Y,Y,Y,,
,691582,NEENDAKARA,KERALA,Y,Y,N,,
,624228,Dindigul,TAMIL NADU,N,N,N,,
,574118,PETHRI,KARNATAKA,N,N,N,,
,626113,Virudhunagar,TAMIL NADU,Y,Y,Y,,
,625708,Thiruparankundram,TAMIL NADU,N,N,N,,
,560072,BANGALORE,KARNATAKA,Y,Y,Y,,
,642137,Pollachi,TAMIL NADU,Y,Y,N,,
,680027,TRICHUR,KERALA,Y,Y,Y,,
,673026,PANDEERANKAVU,KERALA,Y,Y,Y,,
,581349,Mundgod,KARNATAKA,Y,Y,N,,
,563123,Chintamani,KARNATAKA,N,N,N,,
,573102,Arakalgud,KARNATAKA,Y,Y,N,,
,637501,Morepalayam,TAMIL NADU,N,N,N,,
,613704,Tiruvarur,TAMIL NADU,Y,Y,Y,,
,673303,ELATHUR,KERALA,Y,Y,Y,,
,678015,PALAKKAD,KERALA,Y,Y,Y,,
,573115,Hassan,KARNATAKA,N,N,N,,
,620015,Trichy,TAMIL NADU,Y,Y,N,,
,686721,Thodupuzha,KERALA,N,N,N,,
,635816,Dharmapuri,TAMIL NADU,Y,Y,N,,
,636004,Salem,TAMIL NADU,Y,Y,Y,,
,680602,Guruvayur,KERALA,Y,Y,N,,
,620102,Trichy,TAMIL NADU,Y,Y,Y,,
,581343,KUMTA,KARNATAKA,Y,Y,N,,
,683518,Cochin,KERALA,Y,Y,N,,
,627153,TIRUNELVELI,TAMIL NADU,Y,Y,N,,
,679328,POOKKOTTUMPADAM,KERALA,Y,Y,N,,
,629171,MARTHANDAM,TAMIL NADU,Y,Y,N,,
,560021,BANGALORE,KARNATAKA,Y,Y,Y,,
,626156,Virudhunagar,TAMIL NADU,Y,Y,N,,
,678686,ALATHUR,KERALA,Y,Y,N,,
,635141,Dharmapuri,TAMIL NADU,Y,Y,N,,
,605766,THIRUKOVILUR,TAMIL NADU,N,N,N,,
,670543,Rajapalayam,TAMIL NADU,Y,Y,Y,,
,586208,Bijapur,KARNATAKA,Y,Y,N,,
,695039,Trivandrum,KERALA,Y,Y,N,,
,571493,DAVANGERE,KARNATAKA,Y,Y,N,,
,560043,BANGALORE,KARNATAKA,Y,Y,Y,,
,570000,Mysore,KARNATAKA,Y,Y,N,,
,611102,Thanjavur,TAMIL NADU,Y,Y,N,,
,577525,DAVANGERE,KARNATAKA,Y,Y,Y,,
,571158,Mysore,KARNATAKA,Y,Y,N,,
,638302,Lakshminagar,TAMIL NADU,Y,Y,N,,
,574221,Kadaba,KARNATAKA,Y,Y,N,,
,678705,Vadakkenchery,KERALA,N,N,N,,
,624305,Dindigul,TAMIL NADU,N,N,N,,
,691542,KOTTARAKKARA,KERALA,Y,Y,N,,
,623523,Ramanathapuram,TAMIL NADU,Y,Y,Y,,
,689542,Tiruvella,KERALA,N,N,N,,
,676320,Tirur,KERALA,Y,Y,Y,,
,638106,Karur,TAMIL NADU,Y,Y,Y,,
,628952,KOVILPATTI,TAMIL NADU,N,N,N,,
,680631,KOZHIKODE,KERALA,Y,Y,N,,
,689107,Tiruvella,KERALA,N,N,N,,
,695506,PARASSALA,KERALA,Y,Y,N,,
,673314,Calicut,KERALA,Y,Y,Y,,
,614001,Tiruvarur,TAMIL NADU,Y,Y,N,,
,635109,BANGALORE,KARNATAKA,Y,Y,Y,,
,614210,Thanjavur,TAMIL NADU,Y,Y,N,,
,613401,Thanjavur,TAMIL NADU,Y,Y,Y,,
,575018,Bantwal,KARNATAKA,Y,Y,N,,
,671341,PARAPPA,KERALA,N,N,N,,
,638130,Erode,TAMIL NADU,N,N,N,,
,622501,Coimbatore,TAMIL NADU,N,N,N,,
,642134,Pollachi,TAMIL NADU,Y,Y,N,,
,635108,Krishnagiri,TAMIL NADU,Y,Y,Y,,
,686102,Tiruvella,KERALA,N,N,N,,
,673612,KOZHIKODE,KERALA,Y,Y,N,,
,641020,PERIYAPALAYAM,TAMIL NADU,Y,Y,N,,
,636139,VALAPPADI,TAMIL NADU,N,N,N,,
,682015,Cochin,KERALA,N,N,N,,
,560097,BANGALORE,KARNATAKA,Y,Y,Y,,
,688563,Allapey,KERALA,Y,Y,Y,,
,679323,Malappuram,KERALA,Y,Y,Y,,
,572129,KORATAGERE,KARNATAKA,Y,Y,Y,,
,690534,CHARUMOOD,KERALA,N,N,N,,
,560088,BANGALORE,KARNATAKA,Y,Y,Y,,
,571119,Mysore,KARNATAKA,N,N,N,,
,671311,Kannur,KERALA,N,N,N,,
,690510,Mavelikera,KERALA,Y,Y,Y,,
,641669,Tirupur,TAMIL NADU,Y,Y,Y,,
,562106,BANGALORE,KARNATAKA,N,N,Y,,
,676311,VENGARA,KERALA,Y,Y,Y,,
,610102,Thanjavur,TAMIL NADU,N,N,N,,
,571156,Chamarajanagar,KARNATAKA,Y,Y,Y,,
,678104,PALAKKAD,KERALA,Y,Y,N,,
,591285,Nipani,KARNATAKA,Y,Y,N,,
,628904,Tuticorin,TAMIL NADU,Y,Y,Y,,
,629808,Nagercoil,TAMIL NADU,Y,Y,N,,
,626209,Virudhunagar,TAMIL NADU,Y,Y,N,,
,623212,KARAIKUDI,TAMIL NADU,Y,Y,N,,
,611112,Trichy,TAMIL NADU,N,N,N,,
,678554,PALAKKAD,KERALA,Y,Y,N,,
,673506,Kallachi,KERALA,Y,Y,N,,
,626150,Virudhunagar,TAMIL NADU,Y,Y,N,,
,571423,KR Pete,KARNATAKA,N,N,N,,
,627551,Tenkasi,TAMIL NADU,N,N,N,,
,680603,Guruvayur,KERALA,Y,Y,Y,,
,577117,Basarikatte,KARNATAKA,N,N,N,,
,689508,Allapey,KERALA,Y,Y,N,,
,591283,CHIKODI,KARNATAKA,Y,Y,N,,
,686665,Thodupuzha,KERALA,Y,Y,Y,,
,614712,Trichy,TAMIL NADU,Y,Y,Y,,
,627430,TIRUNELVELI,TAMIL NADU,Y,Y,Y,,
,676301,PUTHANATHANI,KERALA,Y,Y,Y,,
,610004,Tiruvarur,TAMIL NADU,Y,Y,Y,,
,560061,BANGALORE,KARNATAKA,Y,Y,Y,,
,624009,Dindigul,TAMIL NADU,N,N,N,,
,627811,Tenkasi,TAMIL NADU,Y,Y,Y,,
,691555,PANDALAM,KERALA,Y,Y,Y,,
,673693,Bathery,KERALA,Y,Y,N,,
,624311,Dindigul,TAMIL NADU,N,N,N,,
,591135,Belgaum,KARNATAKA,Y,Y,Y,,
,577426,HOSANAGARA,KARNATAKA,Y,Y,Y,,
,638103,Erode,TAMIL NADU,Y,Y,Y,,
,639008,Karur,TAMIL NADU,Y,Y,Y,,
,612101,Kumbakonam,TAMIL NADU,Y,Y,Y,,
,680735,MALA KL,KERALA,Y,Y,N,,
,591304,ATHANI,KARNATAKA,Y,Y,N,,
,626002,Virudhunagar,TAMIL NADU,Y,Y,Y,,
,627910,TIRUNELVELI,TAMIL NADU,Y,Y,N,,
,670594,Taliparamba,KERALA,N,N,N,,
,576219,BYNDOOR,KARNATAKA,Y,Y,N,,
,626123,SIVAKASI,TAMIL NADU,Y,Y,Y,,
,670005,Valiyannur,KERALA,Y,Y,Y,,
,638469,Gopichettipalyam,TAMIL NADU,Y,Y,Y,,
,629703,KANYAKUMARI,TAMIL NADU,Y,Y,N,,
,586112,Bagalkot,KARNATAKA,N,N,N,,
,570028,Mysore,KARNATAKA,Y,Y,Y,,
,591337,Gokak,KARNATAKA,Y,Y,Y,,
,614706,Trichy,TAMIL NADU,N,N,N,,
,591247,CHIKODI,KARNATAKA,N,N,N,,
,625716,Vedasanthur,TAMIL NADU,N,N,N,,
,583277,Kushtagi,KARNATAKA,Y,Y,N,,
,643231,Coonoor,TAMIL NADU,Y,Y,Y,,
,636810,Dharmapuri,TAMIL NADU,N,N,N,,
,688011,Allapey,KERALA,Y,Y,Y,,
,670567,Kannur,KERALA,N,N,N,,
,623719,Ramanathapuram,TAMIL NADU,Y,Y,N,,
,638458,NAMBIYUR,TAMIL NADU,Y,Y,N,,
,670305,Kannur,KERALA,Y,Y,Y,,
,641027,Coimbatore,TAMIL NADU,Y,Y,Y,,
,670317,Kannur,KERALA,Y,Y,N,,
,625011,Madurai,TAMIL NADU,Y,Y,Y,,
,676121,Manjery,KERALA,Y,Y,Y,,
,679575,EDAPPAL,KERALA,Y,Y,N,,
,636012,Salem,TAMIL NADU,N,N,N,,
,682041,CHERANALLUR,KERALA,Y,Y,Y,,
,585354,Basavakalyan,KARNATAKA,N,N,N,,
,625023,Madurai,TAMIL NADU,Y,Y,N,,
,571102,Mysore,KARNATAKA,Y,Y,Y,,
,691517,Punalur,KERALA,N,N,N,,
,635854,Natrampalli,TAMIL NADU,Y,Y,N,,
,621128,Perambalur,TAMIL NADU,Y,Y,N,,
,639202,Karur,TAMIL NADU,Y,Y,N,,
,689521,PANDALAM,KERALA,Y,Y,Y,,
,625512,Theni,TAMIL NADU,Y,Y,N,,
,591129,YARGATTI,KARNATAKA,Y,Y,N,,
,609301,MAYILADURAI,TAMIL NADU,Y,Y,Y,,
,691572,Chathannur,KERALA,Y,Y,Y,,
,639002,Karur,TAMIL NADU,Y,Y,Y,,
,571426,KR Pete,KARNATAKA,Y,Y,N,,
,627768,TIRUNELVELI,TAMIL NADU,Y,Y,N,,
,586101,Bijapur,KARNATAKA,Y,Y,N,,
,606305,Salem,TAMIL NADU,Y,Y,N,,
,678732,PALAKKAD,KERALA,Y,Y,N,,
,673592,Bathery,KERALA,Y,Y,Y,,
,571252,MADIKERI,KARNATAKA,Y,Y,N,,
,680101,Guruvayur,KERALA,Y,Y,N,,
,577414,Thirthahalli,KARNATAKA,Y,Y,Y,,
,627817,Tenkasi,TAMIL NADU,Y,Y,Y,,
,673102,Calicut,KERALA,Y,Y,N,,
,560039,BANGALORE,KARNATAKA,Y,Y,Y,,
,576118,Manipal,KARNATAKA,Y,Y,N,,
,573213,Alur,KARNATAKA,N,N,N,,
,626111,Rajapalayam,TAMIL NADU,Y,Y,Y,,
,627603,Tenkasi,TAMIL NADU,Y,Y,Y,,
,614206,PAPANASAM,TAMIL NADU,N,N,N,,
,695503,PARASSALA,KERALA,Y,Y,N,,
,629182,UTHANGARAI,TAMIL NADU,Y,Y,N,,
,689123,Allapey,KERALA,Y,Y,N,,
,576254,Kundapura,KARNATAKA,Y,Y,N,,
,629809,Nagercoil,TAMIL NADU,N,N,N,,
,695563,Trivandrum,KERALA,N,N,N,,
,629204,Nagercoil,TAMIL NADU,Y,Y,N,,
,560003,BANGALORE,KARNATAKA,Y,Y,Y,,
,622412,PONNAMARAVATHY,TAMIL NADU,N,N,N,,
,624308,NATHAM,TAMIL NADU,Y,Y,N,,
,585301,Afzalpura,KARNATAKA,Y,Y,Y,,
,691588,NEENDAKARA,KERALA,Y,Y,N,,
,680663,Kodungallur,KERALA,Y,Y,N,,
,627904,TIRUNELVELI,TAMIL NADU,Y,Y,N,,
,638111,KANGEYAM,TAMIL NADU,N,N,N,,
,581423,Murdeshwar,KARNATAKA,Y,Y,N,,
,695012,Trivandrum,KERALA,Y,Y,N,,
,585328,BHALKI,KARNATAKA,Y,Y,N,,
,591702,Belgaum,KARNATAKA,Y,Y,Y,,
,678637,OTTAPALAM,KERALA,Y,Y,N,,
,627009,TIRUNELVELI,TAMIL NADU,Y,Y,Y,,
,591509,Gokak,KARNATAKA,Y,Y,Y,,
,673016,Calicut,KERALA,Y,Y,Y,,
,695603,Edava,KERALA,Y,Y,Y,,
,691525,PANDALAM,KERALA,Y,Y,Y,,
,577524,CHITRADURGA,KARNATAKA,N,N,N,,
,643101,Coonoor,TAMIL NADU,Y,Y,N,,
,571322,Mysore,KARNATAKA,Y,Y,N,,
,560070,BANGALORE,KARNATAKA,Y,Y,Y,,
,682307,Cochin,KERALA,Y,Y,Y,,
,670141,Kannur,KERALA,Y,Y,Y,,
,686122,ERATTUPETTA,KERALA,Y,Y,N,,
,628552,Salem,TAMIL NADU,Y,Y,Y,,
,614202,Thanjavur,TAMIL NADU,Y,Y,Y,,
,671121,Kasargode,KERALA,Y,Y,Y,,
,636109,Salem,TAMIL NADU,Y,Y,N,,
,577425,HOSANAGARA,KARNATAKA,Y,Y,N,,
,695504,Neyyattinkara,KERALA,Y,Y,Y,,
,581209,ANNIGERE,KARNATAKA,N,N,N,,
,571324,Mysore,KARNATAKA,Y,Y,N,,
,621316,MANAPPARAI,TAMIL NADU,Y,Y,N,,
,584128,Sindhanur,KARNATAKA,Y,Y,N,,
,576230,Kundapura,KARNATAKA,Y,Y,N,,
,560083,BANGALORE,KARNATAKA,Y,Y,Y,,
,636122,AYOTHIYAPATINAM,TAMIL NADU,Y,Y,N,,
,580032,Hubli,KARNATAKA,Y,Y,Y,,
,999004,BANGALORE,KARNATAKA,Y,Y,Y,,
,577205,SHIVAMOGGA,KARNATAKA,Y,Y,Y,,
,695608,Kallara,KERALA,Y,Y,N,,
,680655,KOZHIKODE,KERALA,Y,Y,N,,
,627115,VALLIYOOR,TAMIL NADU,Y,Y,N,,
,587138,Badami,KARNATAKA,N,N,N,,
,584110,Raichur,KARNATAKA,Y,Y,Y,,
,686586,ERATTUPETTA,KERALA,Y,Y,N,,
,577567,CHITRADURGA,KARNATAKA,Y,Y,N,,
,572117,Tumkur,KARNATAKA,Y,Y,N,,
,585316,JEWARGI,KARNATAKA,Y,Y,N,,
,570004,Mysore,KARNATAKA,Y,Y,Y,,
,614613,ADIRAMAPATTINAM,TAMIL NADU,Y,Y,Y,,
,679551,EDAPPAL,KERALA,Y,Y,N,,
,624403,NATHAM,TAMIL NADU,Y,Y,N,,
,638183,Lakshminagar,TAMIL NADU,Y,Y,Y,,
,678582,PALAKKAD,KERALA,Y,Y,Y,,
,685606,Kattapana,KERALA,N,N,N,,
,635201,ORATHANADU,TAMIL NADU,N,N,N,,
,630211,THIRUPPATHUR,TAMIL NADU,Y,Y,N,,
,561227,BANGALORE,KARNATAKA,Y,Y,N,,
,689520,Allapey,KERALA,Y,Y,N,,
,635120,Krishnagiri,TAMIL NADU,Y,Y,N,,
,678551,PALAKKAD,KERALA,Y,Y,Y,,
,689115,Tiruvella,KERALA,N,N,N,,
,571604,Mysore,KARNATAKA,N,N,N,,
,585211,SEDAM,KARNATAKA,N,N,N,,
,686527,PALA,KERALA,Y,Y,N,,
,686580,ERATTUPETTA,KERALA,Y,Y,N,,
,670692,Kannur,KERALA,Y,Y,Y,,
,642104,Pollachi,TAMIL NADU,Y,Y,N,,
,629403,KANYAKUMARI,TAMIL NADU,Y,Y,Y,,
,585322,JEWARGI,KARNATAKA,Y,Y,N,,
,689505,Allapey,KERALA,Y,Y,N,,
,577001,DAVANGERE,KARNATAKA,Y,Y,Y,,
,624601,Palani,TAMIL NADU,N,N,N,,
,560117,BANGALORE,KARNATAKA,Y,Y,Y,,
,626141,SIVAKASI,TAMIL NADU,N,N,N,,
,609806,MAYILADURAI,TAMIL NADU,Y,Y,N,,
,686579,ERATTUPETTA,KERALA,Y,Y,N,,
,673575,KALPETTA,KERALA,Y,Y,Y,,
,680519,KUNNAMKULAM,KERALA,Y,Y,Y,,
,583235,GANGAVATHI,KARNATAKA,Y,Y,N,,
,612302,Kumbakonam,TAMIL NADU,Y,Y,Y,,
,679314,OTTAPALAM,KERALA,N,N,N,,
,621804,JEYAMKONDAM,TAMIL NADU,N,N,N,,
,636112,Thalaivasal,TAMIL NADU,Y,Y,N,,
,582234,NAVNAGAR,KARNATAKA,N,N,N,,
,591238,Nipani,KARNATAKA,Y,Y,N,,
,577125,Thirthahalli,KARNATAKA,Y,Y,N,,
,626105,Virudhunagar,TAMIL NADU,Y,Y,N,,
,571440,Kollegala,KARNATAKA,N,N,N,,
,641663,Tirupur,TAMIL NADU,Y,Y,Y,,
,622505,Trichy,TAMIL NADU,N,N,N,,
,561225,BANGALORE,KARNATAKA,Y,Y,Y,,
,638057,Salem,TAMIL NADU,Y,Y,Y,,
,587209,Badami,KARNATAKA,N,N,N,,
,571213,Virajpet,KARNATAKA,N,N,N,,
,686019,Kottayam,KERALA,N,N,N,,
,689648,Pathanamthitta,KERALA,Y,Y,Y,,
,686646,Kottayam,KERALA,Y,Y,N,,
,577124,KALASA,KARNATAKA,Y,Y,N,,
,626190,Rajapalayam,TAMIL NADU,Y,Y,Y,,
,614102,Tiruvarur,TAMIL NADU,Y,Y,N,,
,627412,Tenkasi,TAMIL NADU,Y,Y,Y,,
,580020,Hubli,KARNATAKA,Y,Y,Y,,
,581355,Siddapur,KARNATAKA,Y,Y,N,,
,626212,SIVAKASI,TAMIL NADU,Y,Y,N,,
,695030,Trivandrum,KERALA,Y,Y,N,,
,570010,Mysore,KARNATAKA,Y,Y,Y,,
,582237,NARGUND,KARNATAKA,Y,Y,N,,
,627810,Tenkasi,TAMIL NADU,Y,Y,N,,
,682034,CHERANALLUR,KERALA,Y,Y,N,,
,626055,Virudhunagar,TAMIL NADU,Y,Y,N,,
,629195,MARTHANDAM,TAMIL NADU,N,N,Y,,
,629304,Nagercoil,TAMIL NADU,Y,Y,Y,,
,635119,BANGALORE,KARNATAKA,Y,Y,Y,,
,695006,Trivandrum,KERALA,Y,Y,N,,
,686518,Pathanamthitta,KERALA,N,N,N,,
,678752,PALAKKAD,KERALA,N,N,N,,
,505532,Peddapalli,TELANGANA,Y,Y,Y,,
,509401,ACHAMPETA,TELANGANA,Y,Y,N,,
,534272,ACHANTA,ANDHRA PRADESH,Y,Y,N,,
,503212,Nizamabad,TELANGANA,Y,Y,Y,,
,515101,C K PALLI,ANDHRA PRADESH,Y,Y,Y,,
,532206,TEKKALI,ANDHRA PRADESH,N,N,N,,
,500053,Hyderabad,TELANGANA,Y,Y,Y,,
,600023,Chennai,TAMIL NADU,Y,Y,Y,,
,516329,VEMPALLI,ANDHRA PRADESH,Y,Y,N,,
,607110,Cuddalore,TAMIL NADU,Y,Y,N,,
,500068,Hyderabad,TELANGANA,Y,Y,Y,,
,609115,Cuddalore,TAMIL NADU,N,N,Y,,
,517506,Tirupati,ANDHRA PRADESH,Y,Y,Y,,
,521211,Nuzvid,ANDHRA PRADESH,Y,Y,N,,
,531115,KOTANANDURU,ANDHRA PRADESH,Y,Y,N,,
,532460,PALAKONDA,ANDHRA PRADESH,Y,Y,N,,
,534199,AKIVIDU,ANDHRA PRADESH,Y,Y,N,,
,518596,Nandyal,ANDHRA PRADESH,Y,Y,Y,,
,532404,Srikakulam,ANDHRA PRADESH,Y,Y,Y,,
,613301,Trichy,TAMIL NADU,N,N,N,,
,518221,Dhone,ANDHRA PRADESH,Y,Y,Y,,
,501323,Shamshabad,TELANGANA,Y,Y,N,,
,516270,Rayachoty,ANDHRA PRADESH,Y,Y,N,,
,501301,Hyderabad,TELANGANA,Y,Y,Y,,
,600076,Chennai,TAMIL NADU,N,N,Y,,
,534125,ACHANTA,ANDHRA PRADESH,Y,Y,N,,
,505415,Karimnagar,TELANGANA,Y,Y,N,,
,505152,SULTANABAD,TELANGANA,Y,Y,N,,
,632514,Ranipet,TAMIL NADU,Y,Y,Y,,
,521139,Vijayawada,ANDHRA PRADESH,Y,Y,Y,,
,524405,Nellore,ANDHRA PRADESH,N,N,N,,
,605013,PONDICHERRY,TAMIL NADU,Y,Y,N,,
,500061,Hyderabad,TELANGANA,Y,Y,Y,,
,500026,Hyderabad,TELANGANA,Y,Y,Y,,
,607051,Cuddalore,TAMIL NADU,Y,Y,N,,
,524227,PAMUR,ANDHRA PRADESH,Y,Y,N,,
,534427,Bhimadole,ANDHRA PRADESH,Y,Y,N,,
,505303,RACHARLA GOLLAPALLY,TELANGANA,Y,Y,N,,
,523316,MARKAPUR,ANDHRA PRADESH,Y,Y,Y,,
,505454,Mancherial,TELANGANA,Y,Y,Y,,
,518468,PATTIKONDA,ANDHRA PRADESH,N,N,N,,
,515843,GUNTAKAL,ANDHRA PRADESH,Y,Y,N,,
,504002,Adilabad,TELANGANA,Y,Y,Y,,
,632326,Arani,TAMIL NADU,Y,Y,Y,,
,530017,Visakhapatnam,ANDHRA PRADESH,Y,Y,Y,,
,508355,Miryalaguda,TELANGANA,Y,Y,Y,,
,600073,Chennai,TAMIL NADU,Y,Y,Y,,
,505301,Sircilla,TELANGANA,Y,Y,Y,,
,524301,ANANTHASAGARAM,ANDHRA PRADESH,Y,Y,N,,
,524302,ANANTHASAGARAM,ANDHRA PRADESH,Y,Y,N,,
,532221,Palasa,ANDHRA PRADESH,Y,Y,N,,
,516005,VONITIMITTA,ANDHRA PRADESH,N,N,N,,
,535581,GAJAPATHINAGARAM,ANDHRA PRADESH,N,N,N,,
,604301,TINDIVANAM,TAMIL NADU,Y,Y,Y,,
,516441,Jammalamadugu,ANDHRA PRADESH,Y,Y,N,,
,532322,KAVITI AP,ANDHRA PRADESH,Y,Y,Y,,
,602024,Chennai,TAMIL NADU,Y,Y,Y,,
,534301,NIDADAVOLE,ANDHRA PRADESH,Y,Y,Y,,
,522316,Ponnur,ANDHRA PRADESH,Y,Y,N,,
,603121,Tiruvallur,TAMIL NADU,Y,Y,N,,
,600035,Chennai,TAMIL NADU,Y,Y,Y,,
,521260,KANKIPADU,ANDHRA PRADESH,Y,Y,N,,
,631003,ARAKKONAM,TAMIL NADU,Y,Y,Y,,
,503224,Armoor,TELANGANA,Y,Y,Y,,
,516309,KAMALAPURAM,ANDHRA PRADESH,Y,Y,Y,,
,506169,Bhupalapalli,TELANGANA,Y,Y,N,,
,533240,AMALAPURAM,ANDHRA PRADESH,Y,Y,N,,
,632319,Arani,TAMIL NADU,Y,Y,Y,,
,503310,Banswada,TELANGANA,N,N,N,,
,501143,Tandur,TELANGANA,Y,Y,Y,,
,516104,CHITVEL,ANDHRA PRADESH,N,N,N,,
,631004,ARAKKONAM,TAMIL NADU,Y,Y,Y,,
,503108,Yellareddy,TELANGANA,N,N,N,,
,602027,Tiruvallur,TAMIL NADU,N,N,N,,
,508002,Nalgonda,TELANGANA,Y,Y,Y,,
,501102,Vikarabad,TELANGANA,Y,Y,N,,
,500071,Hyderabad,TELANGANA,N,N,Y,,
,632205,Vellore,TAMIL NADU,N,N,N,,
,516002,Cuddapah,ANDHRA PRADESH,Y,Y,Y,,
,506000,Warangal,TELANGANA,Y,Y,N,,
,522004,Guntur,ANDHRA PRADESH,Y,Y,Y,,
,500019,Hyderabad,TELANGANA,Y,Y,Y,,
,603011,Chennai,TAMIL NADU,N,N,Y,,
,505529,Jagtial,TELANGANA,Y,Y,Y,,
,521175,Jaggaiahpeta,ANDHRA PRADESH,Y,Y,Y,,
,518020,KURNOOL,ANDHRA PRADESH,Y,Y,N,,
,533440,Samalkot,ANDHRA PRADESH,Y,Y,Y,,
,533343,Samalkot,ANDHRA PRADESH,Y,Y,Y,,
,521110,Gannavaram,ANDHRA PRADESH,N,N,N,,
,534280,Palakol,ANDHRA PRADESH,Y,Y,Y,,
,609602,KARAIKAL,TAMIL NADU,Y,Y,Y,,
,503306,BICHKUNDA,TELANGANA,N,N,N,,
,535281,K KOTAPADU,ANDHRA PRADESH,Y,Y,N,,
,600110,Chennai,TAMIL NADU,Y,Y,Y,,
,505455,Jagtial,TELANGANA,Y,Y,Y,,
,600094,Chennai,TAMIL NADU,Y,Y,N,,
,517425,KUPPAM,ANDHRA PRADESH,Y,Y,N,,
,517520,MARKAPUR,ANDHRA PRADESH,Y,Y,N,,
,515232,PUTTAPARTHI,ANDHRA PRADESH,Y,Y,N,,
,534260,Palakol,ANDHRA PRADESH,Y,Y,Y,,
,524124,Tada,ANDHRA PRADESH,Y,Y,Y,,
,530044,Visakhapatnam,ANDHRA PRADESH,Y,Y,Y,,
,606713,Vellore,TAMIL NADU,N,N,N,,
,517003,Chittoor,ANDHRA PRADESH,N,N,Y,,
,523135,VETAPALEM,ANDHRA PRADESH,Y,Y,N,,
,518349,KURNOOL,ANDHRA PRADESH,Y,Y,N,,
,500040,Hyderabad,TELANGANA,Y,Y,Y,,
,533256,Samalkot,ANDHRA PRADESH,Y,Y,Y,,
,607801,Cuddalore,TAMIL NADU,Y,Y,Y,,
,517401,Tirupati,ANDHRA PRADESH,Y,Y,N,,
,632316,Arani,TAMIL NADU,Y,Y,Y,,
,518006,KURNOOL,ANDHRA PRADESH,Y,Y,Y,,
,506391,Parkal,TELANGANA,Y,Y,Y,,
,521114,KANKIPADU,ANDHRA PRADESH,Y,Y,N,,
,500594,Hyderabad,TELANGANA,Y,Y,Y,,
,523185,INKOLLU,ANDHRA PRADESH,Y,Y,Y,,
,500088,Hyderabad,TELANGANA,Y,Y,Y,,
,523181,INKOLLU,ANDHRA PRADESH,Y,Y,Y,,
,533255,Draksharamam,ANDHRA PRADESH,Y,Y,Y,,
,530016,Visakhapatnam,ANDHRA PRADESH,Y,Y,Y,,
,533260,Draksharamam,ANDHRA PRADESH,N,N,N,,
,505122,JAMMIKUNTA,TELANGANA,Y,Y,Y,,
,503112,Kamareddy,TELANGANA,Y,Y,Y,,
,518136,KOILAKUNTLA,ANDHRA PRADESH,Y,Y,N,,
,631401,SRIPERUMBUDUR,TAMIL NADU,N,N,N,,
,631207,Ranipet,TAMIL NADU,N,N,N,,
,509153,ALAMPUR,TELANGANA,Y,Y,N,,
,516162,Cuddapah,ANDHRA PRADESH,Y,Y,Y,,
,521214,VISSANNAPET,ANDHRA PRADESH,N,N,N,,
,600072,Chennai,TAMIL NADU,Y,Y,N,,
,509320,KALWAKURTHY,TELANGANA,Y,Y,N,,
,532216,PATHAPATNAM,Odisha,N,N,N,,
,520016,Vijayawada,ANDHRA PRADESH,Y,Y,Y,,
,600001,Chennai,TAMIL NADU,Y,Y,Y,,
,532202,Rajam,ANDHRA PRADESH,N,N,N,,
,504310,NIRMAL,TELANGANA,N,N,N,,
,517641,Srikalahasti,ANDHRA PRADESH,Y,Y,N,,
,600038,Chennai,TAMIL NADU,N,N,Y,,
,500023,Hyderabad,TELANGANA,Y,Y,Y,,
,524341,Atmakur,ANDHRA PRADESH,Y,Y,Y,,
,520010,Vijayawada,ANDHRA PRADESH,Y,Y,Y,,
,508253,Choutuppal,TELANGANA,Y,Y,Y,,
,500265,Hyderabad,TELANGANA,Y,Y,Y,,
,518442,KURNOOL,ANDHRA PRADESH,N,N,N,,
,509205,MARIKAL,TELANGANA,N,N,N,,
,531117,Narsipatnam,ANDHRA PRADESH,Y,Y,Y,,
,534447,Jangareddy Gudem,ANDHRA PRADESH,Y,Y,N,,
,532005,Srikakulam,ANDHRA PRADESH,Y,Y,Y,,
,503002,Nizamabad,TELANGANA,Y,Y,Y,,
,533541,LAKKAVARM,ANDHRA PRADESH,N,N,N,,
,518301,Adoni,ANDHRA PRADESH,Y,Y,Y,,
,600059,Chennai,TAMIL NADU,Y,Y,Y,,
,517644,Srikalahasti,ANDHRA PRADESH,Y,Y,Y,,
,515456,Gooty,ANDHRA PRADESH,Y,Y,N,,
,505401,Sircilla,TELANGANA,Y,Y,Y,,
,522608,Guntur,ANDHRA PRADESH,N,N,N,,
,500111,Hyderabad,TELANGANA,Y,Y,Y,,
,522330,Guntur,ANDHRA PRADESH,Y,Y,Y,,
,506144,Ghanpur,TELANGANA,N,N,N,,
,607005,Cuddalore,TAMIL NADU,Y,Y,N,,
,531060,YELLAMANCHILLI,ANDHRA PRADESH,Y,Y,N,,
,534467,CHINTALAPUDI,ANDHRA PRADESH,N,N,N,,
,520009,Vijayawada,ANDHRA PRADESH,Y,Y,Y,,
,521345,KAIKALUR,ANDHRA PRADESH,N,N,N,,
,516173,DUVVUR,ANDHRA PRADESH,Y,Y,N,,
,503124,Yellareddy,TELANGANA,Y,Y,N,,
,531114,Narsipatnam,ANDHRA PRADESH,Y,Y,Y,,
,500045,Hyderabad,TELANGANA,Y,Y,Y,,
,516164,CHAPADU,ANDHRA PRADESH,Y,Y,Y,,
,522203,Tenali,ANDHRA PRADESH,Y,Y,Y,,
,507167,Khammam,TELANGANA,Y,Y,Y,,
,505525,Karimnagar,TELANGANA,Y,Y,N,,
,600082,Chennai,TAMIL NADU,Y,Y,Y,,
,631201,ARAKKONAM,TAMIL NADU,Y,Y,N,,
,521196,Jaggaiahpeta,ANDHRA PRADESH,Y,Y,Y,,
,503228,Armoor,TELANGANA,Y,Y,N,,
,500107,Hyderabad,TELANGANA,Y,Y,Y,,
,609609,KARAIKAL,TAMIL NADU,Y,Y,Y,,
,607002,Cuddalore,TAMIL NADU,Y,Y,N,,
,518317,Adoni,ANDHRA PRADESH,Y,Y,N,,
,516291,KAMALAPURAM,ANDHRA PRADESH,Y,Y,Y,,
,518122,KOILAKUNTLA,ANDHRA PRADESH,Y,Y,N,,
,509125,GADWAL,TELANGANA,Y,Y,Y,,
,521343,KALIDINDI,ANDHRA PRADESH,N,N,N,,
,533225,MUMMIDIVARAM,ANDHRA PRADESH,N,N,N,,
,632014,Vellore,TAMIL NADU,Y,Y,Y,,
,530025,Visakhapatnam,ANDHRA PRADESH,Y,Y,Y,,
,531025,WADDADI,ANDHRA PRADESH,N,N,N,,
,521229,MYLAVARAM,ANDHRA PRADESH,Y,Y,N,,
,533211,MUMMIDIVARAM,ANDHRA PRADESH,N,N,N,,
,518139,KOILAKUNTLA,ANDHRA PRADESH,Y,Y,N,,
,534339,PERAVALLI,ANDHRA PRADESH,N,N,N,,
,509203,Mahabubnagar,TELANGANA,Y,Y,N,,
,509002,Mahabubnagar,TELANGANA,Y,Y,Y,,
,522408,Narasaraopet,ANDHRA PRADESH,N,N,N,,
,518345,KURNOOL,ANDHRA PRADESH,Y,Y,N,,
,531023,Chodavaram,ANDHRA PRADESH,Y,Y,N,,
,518135,KOILAKUNTLA,ANDHRA PRADESH,Y,Y,N,,
,524305,BUCHIREDDYPALEM,ANDHRA PRADESH,Y,Y,N,,
,502280,CHERIYAL,TELANGANA,Y,Y,Y,,
,522035,Guntur,ANDHRA PRADESH,Y,Y,N,,
,532408,Srikakulam,ANDHRA PRADESH,Y,Y,Y,,
,500380,Hyderabad,TELANGANA,Y,Y,Y,,
,535161,S Kota,ANDHRA PRADESH,N,N,N,,
,609703,KARAIKAL,TAMIL NADU,Y,Y,Y,,
,524402,NAIDUPETA,ANDHRA PRADESH,N,N,N,,
,501510,Hyderabad,TELANGANA,Y,Y,N,,
,517004,Chittoor,ANDHRA PRADESH,Y,Y,Y,,
,508278,Miryalaguda,TELANGANA,Y,Y,Y,,
,600125,Chennai,TAMIL NADU,Y,Y,Y,,
,631553,ARAKKONAM,TAMIL NADU,Y,Y,Y,,
,501513,Hyderabad,TELANGANA,Y,Y,N,,
,522435,PIDUGURALLA,ANDHRA PRADESH,Y,Y,Y,,
,506324,MARIPEDA BANGLA,TELANGANA,N,N,N,,
,501504,CHEVELLA,TELANGANA,Y,Y,Y,,
,524314,Nellore,ANDHRA PRADESH,Y,Y,Y,,
,524308,Atmakur,ANDHRA PRADESH,N,N,N,,
,500047,Hyderabad,TELANGANA,Y,Y,Y,,
,505187,Peddapalli,TELANGANA,Y,Y,Y,,
,632515,Ranipet,TAMIL NADU,Y,Y,Y,,
,535006,Vizianagaram,ANDHRA PRADESH,Y,Y,Y,,
,603403,UTHIRAMERUR,TAMIL NADU,N,N,N,,
,608201,Chidambaram,TAMIL NADU,Y,Y,N,,
,532148,Rajam,ANDHRA PRADESH,Y,Y,Y,,
,516118,Pulivendula,ANDHRA PRADESH,Y,Y,Y,,
,638004,Erode,TAMIL NADU,Y,Y,Y,,
,516223,CHAPADU,ANDHRA PRADESH,Y,Y,N,,
,503301,Banswada,TELANGANA,N,N,N,,
,515808,GUNTAKAL,ANDHRA PRADESH,Y,Y,N,,
,524316,BUCHIREDDYPALEM,ANDHRA PRADESH,N,N,N,,
,600062,Chennai,TAMIL NADU,N,N,Y,,
,506201,Jangaon,TELANGANA,Y,Y,Y,,
,534319,DONDAPUDI,ANDHRA PRADESH,N,N,N,,
,533433,Samalkot,ANDHRA PRADESH,Y,Y,Y,,
,531087,KOYYURU,ANDHRA PRADESH,Y,Y,N,,
,523372,GOWTHAVARAM,ANDHRA PRADESH,Y,Y,N,,
,524203,KAVALI,ANDHRA PRADESH,Y,Y,N,,
,632528,Vellore,TAMIL NADU,N,N,N,,
,516126,Rajampeta,ANDHRA PRADESH,Y,Y,N,,
,632325,Vellore,TAMIL NADU,Y,Y,N,,
,517001,Chittoor,ANDHRA PRADESH,Y,Y,Y,,
,534351,DOMMERU,ANDHRA PRADESH,Y,Y,N,,
,532125,Rajam,ANDHRA PRADESH,N,N,N,,
,516115,Rajampeta,ANDHRA PRADESH,Y,Y,Y,,
,523263,CHIMAKURTHY,ANDHRA PRADESH,N,N,N,,
,509135,IEEJA,ANDHRA PRADESH,Y,Y,N,,
,517416,BANGARUPALEM,ANDHRA PRADESH,N,N,N,,
,534267,ACHANTA,ANDHRA PRADESH,Y,Y,N,,
,515866,PUTTAPARTHI,ANDHRA PRADESH,Y,Y,N,,
,522306,Guntur,ANDHRA PRADESH,Y,Y,Y,,
,504324,BOATH,TELANGANA,N,N,N,,
,631205,Ranipet,TAMIL NADU,Y,Y,Y,,
,505153,Peddapalli,TELANGANA,Y,Y,Y,,
,534198,Tadepalligudem,ANDHRA PRADESH,N,N,N,,
,533296,RAJANAGARAM,ANDHRA PRADESH,Y,Y,Y,,
,505533,Peddapalli,TELANGANA,Y,Y,N,,
,518158,Allagadda,ANDHRA PRADESH,Y,Y,Y,,
,518573,Nandyal,ANDHRA PRADESH,N,N,N,,
,500044,Hyderabad,TELANGANA,Y,Y,Y,,
,600111,Chennai,TAMIL NADU,N,N,N,,
,518155,Allagadda,ANDHRA PRADESH,Y,Y,Y,,
,523260,Medarametla,ANDHRA PRADESH,Y,Y,N,,
,504327,BOATH,TELANGANA,N,N,N,,
,533436,KOYYURU,ANDHRA PRADESH,Y,Y,N,,
,506012,Warangal,TELANGANA,Y,Y,N,,
,522238,Mangalagiri,ANDHRA PRADESH,Y,Y,N,,
,534207,Bhimavaram,ANDHRA PRADESH,Y,Y,Y,,
,600056,Chennai,TAMIL NADU,N,N,Y,,
,505307,CHANDURTHI,TELANGANA,Y,Y,N,,
,505325,METPALLY,TELANGANA,Y,Y,Y,,
,522503,Mangalagiri,ANDHRA PRADESH,Y,Y,Y,,
,601301,Chengalpet,TAMIL NADU,Y,Y,Y,,
,535183,KOTHAVALASA,ANDHRA PRADESH,Y,Y,N,,
,509351,MARIKAL,TELANGANA,N,N,N,,
,523110,PAMUR,ANDHRA PRADESH,Y,Y,N,,
,605106,VILLUPURAM,TAMIL NADU,Y,Y,N,,
,521201,Nuzvid,ANDHRA PRADESH,Y,Y,Y,,
,521323,Gudivada,ANDHRA PRADESH,N,N,N,,
,600020,Chennai,TAMIL NADU,Y,Y,N,,
,518003,KURNOOL,ANDHRA PRADESH,Y,Y,Y,,
,600093,Chennai,TAMIL NADU,Y,Y,Y,,
,522515,Repalle,ANDHRA PRADESH,Y,Y,N,,
,500095,Hyderabad,TELANGANA,Y,Y,Y,,
,518380,PATTIKONDA,ANDHRA PRADESH,Y,Y,N,,
,632404,Ranipet,TAMIL NADU,Y,Y,Y,,
,607113,Cuddalore,TAMIL NADU,Y,Y,N,,
,502291,Patancheru,TELANGANA,Y,Y,N,,
,500030,Hyderabad,TELANGANA,Y,Y,Y,,
,515425,NARPALA,ANDHRA PRADESH,N,N,N,,
,500015,Hyderabad,TELANGANA,Y,Y,Y,,
,605113,Vellore,TAMIL NADU,N,N,N,,
,516128,CHITVEL,ANDHRA PRADESH,N,N,N,,
,522275,Repalle,ANDHRA PRADESH,Y,Y,N,,
,522265,Repalle,ANDHRA PRADESH,Y,Y,N,,
,631212,ARAKKONAM,TAMIL NADU,Y,Y,N,,
,524410,Nellore,ANDHRA PRADESH,Y,Y,N,,
,530048,Visakhapatnam,ANDHRA PRADESH,Y,Y,Y,,
,517299,Madanapalli,ANDHRA PRADESH,Y,Y,N,,
,631302,Ranipet,TAMIL NADU,Y,Y,Y,,
,508114,Choutuppal,TELANGANA,Y,Y,Y,,
,530026,Visakhapatnam,ANDHRA PRADESH,Y,Y,Y,,
,522272,Repalle,ANDHRA PRADESH,Y,Y,N,,
,532401,Srikakulam,ANDHRA PRADESH,Y,Y,Y,,
,603303,UTHIRAMERUR,TAMIL NADU,N,N,Y,,
,507203,MADHIRA,TELANGANA,N,N,N,,
,508252,Choutuppal,TELANGANA,Y,Y,N,,
,602113,Tiruvallur,TAMIL NADU,Y,Y,Y,,
,533345,Mandapeta,ANDHRA PRADESH,Y,Y,N,,
,605010,PONDICHERRY,TAMIL NADU,Y,Y,N,,
,605004,PONDICHERRY,TAMIL NADU,N,N,N,,
,522001,Guntur,ANDHRA PRADESH,Y,Y,Y,,
,504118,NIRMAL,TELANGANA,N,N,N,,
,534015,Eluru,ANDHRA PRADESH,Y,Y,Y,,
,517352,Madanapalli,ANDHRA PRADESH,Y,Y,Y,,
,515002,ANANTAPUR,ANDHRA PRADESH,Y,Y,Y,,
,504272,BELLAMPALLI,TELANGANA,N,N,N,,
,534197,Tadepalligudem,ANDHRA PRADESH,Y,Y,Y,,
,532263,ICHAPURAM,ANDHRA PRADESH,N,N,N,,
,607102,Cuddalore,TAMIL NADU,N,N,N,,
,533503,Rajahmundry,ANDHRA PRADESH,Y,Y,N,,
,515731,PAMIDI,ANDHRA PRADESH,Y,Y,Y,,
,632606,AMBUR,TAMIL NADU,Y,Y,Y,,
,516349,VEMPALLI,ANDHRA PRADESH,Y,Y,N,,
,518511,Nandyal,ANDHRA PRADESH,Y,Y,Y,,
,600127,Chennai,TAMIL NADU,N,N,Y,,
,602112,Tiruvallur,TAMIL NADU,Y,Y,Y,,
,532291,ICHAPURAM,ANDHRA PRADESH,N,N,N,,
,608301,Cuddalore,TAMIL NADU,N,N,N,,
,532323,KAVITI AP,ANDHRA PRADESH,Y,Y,N,,
,521403,GAMPALAGUDEM,ANDHRA PRADESH,N,N,N,,
,521207,Nuzvid,ANDHRA PRADESH,Y,Y,N,,
,609112,Cuddalore,TAMIL NADU,N,N,N,,
,521125,CHALLAPALLI,ANDHRA PRADESH,Y,Y,N,,
,533103,Rajahmundry,ANDHRA PRADESH,Y,Y,Y,,
,607112,Cuddalore,TAMIL NADU,N,N,N,,
,600122,Chennai,TAMIL NADU,N,N,Y,,
,500017,Hyderabad,TELANGANA,Y,Y,Y,,
,522014,Guntur,ANDHRA PRADESH,Y,Y,N,,
,518593,Nandyal,ANDHRA PRADESH,Y,Y,Y,,
,632208,Vellore,TAMIL NADU,N,N,N,,
,632007,Vellore,TAMIL NADU,Y,Y,N,,
,518465,ASPARI,ANDHRA PRADESH,Y,Y,N,,
,520011,Vijayawada,ANDHRA PRADESH,Y,Y,Y,,
,533340,Mandapeta,ANDHRA PRADESH,Y,Y,N,,
,503322,Nizamabad,TELANGANA,N,N,N,,
,532502,Parvathipuram,ANDHRA PRADESH,N,N,Y,,
,500008,Hyderabad,TELANGANA,Y,Y,Y,,
,520012,Vijayawada,ANDHRA PRADESH,Y,Y,Y,,
,503202,Bodhan,TELANGANA,N,N,N,,
,504306,GAJULA NARSAPUR,TELANGANA,N,N,N,,
,533287,KATERU,ANDHRA PRADESH,Y,Y,N,,
,521322,Gudivada,ANDHRA PRADESH,N,N,N,,
,515721,ANANTAPUR,ANDHRA PRADESH,Y,Y,Y,,
,504308,ICHODA,TELANGANA,Y,Y,N,,
,516432,Jammalamadugu,ANDHRA PRADESH,N,N,N,,
,508214,Suryapet,TELANGANA,N,N,N,,
,518350,Yemmiganur,ANDHRA PRADESH,N,N,N,,
,600118,Chennai,TAMIL NADU,Y,Y,Y,,
,515402,Gooty,ANDHRA PRADESH,Y,Y,Y,,
,532312,KAVITI AP,ANDHRA PRADESH,Y,Y,Y,,
,600025,Chennai,TAMIL NADU,Y,Y,Y,,
,500082,Hyderabad,TELANGANA,Y,Y,Y,,
,522212,Guntur,ANDHRA PRADESH,Y,Y,Y,,
,532264,ICHAPURAM,ANDHRA PRADESH,N,N,N,,
,520007,Vijayawada,ANDHRA PRADESH,Y,Y,Y,,
,505174,Peddapalli,TELANGANA,Y,Y,Y,,
,503309,BICHKUNDA,TELANGANA,N,N,N,,
,600087,Chennai,TAMIL NADU,Y,Y,Y,,
,603307,TINDIVANAM,TAMIL NADU,Y,Y,N,,
,521178,Jaggaiahpeta,ANDHRA PRADESH,Y,Y,Y,,
,603210,Chennai,TAMIL NADU,Y,Y,Y,,
,601304,Tiruvallur,TAMIL NADU,Y,Y,Y,,
,503307,Armoor,TELANGANA,Y,Y,Y,,
,505002,Karimnagar,TELANGANA,Y,Y,Y,,
,533003,Kakinada,ANDHRA PRADESH,Y,Y,Y,,
,600044,Chennai,TAMIL NADU,Y,Y,Y,,
,534372,ACHANTA,ANDHRA PRADESH,Y,Y,N,,
,531221,GAJAPATHINAGARAM,ANDHRA PRADESH,Y,Y,N,,
,521263,Gudivada,ANDHRA PRADESH,N,N,N,,
,635752,AMBUR,TAMIL NADU,Y,Y,N,,
,521177,KANKIPADU,ANDHRA PRADESH,Y,Y,N,,
,500055,Hyderabad,TELANGANA,Y,Y,Y,,
,631101,ARAKKONAM,TAMIL NADU,Y,Y,N,,
,607308,Cuddalore,TAMIL NADU,Y,Y,Y,,
,500094,Hyderabad,TELANGANA,Y,Y,Y,,
,534407,Eluru,ANDHRA PRADESH,N,N,N,,
,521176,Jaggaiahpeta,ANDHRA PRADESH,Y,Y,Y,,
,522007,Guntur,ANDHRA PRADESH,Y,Y,Y,,
,522269,Repalle,ANDHRA PRADESH,Y,Y,N,,
,600026,Chennai,TAMIL NADU,Y,Y,Y,,
,516355,CHAPADU,ANDHRA PRADESH,Y,Y,N,,
,500073,Hyderabad,TELANGANA,Y,Y,Y,,
,503101,Kamareddy,TELANGANA,Y,Y,Y,,
,533502,MUMMIDIVARAM,ANDHRA PRADESH,N,N,N,,
,631027,Vellore,TAMIL NADU,N,N,N,,
,505462,KATHALAPOOR,TELANGANA,Y,Y,N,,
,518563,Nandyal,ANDHRA PRADESH,N,N,N,,
,507116,MANUGURU,TELANGANA,Y,Y,N,,
,516273,GALIVEEDU,ANDHRA PRADESH,N,N,N,,
,600041,Chennai,TAMIL NADU,Y,Y,Y,,
,500112,Hyderabad,TELANGANA,Y,Y,N,,
,530041,Visakhapatnam,ANDHRA PRADESH,Y,Y,Y,,
,603003,Chengalpet,TAMIL NADU,N,N,N,,
,500060,Hyderabad,TELANGANA,Y,Y,Y,,
,534293,Bhimavaram,ANDHRA PRADESH,Y,Y,N,,
,605002,PONDICHERRY,TAMIL NADU,Y,Y,Y,,
,500457,Hyderabad,TELANGANA,Y,Y,N,,
,606002,VIRUDHACHALAM,TAMIL NADU,Y,Y,Y,,
,532522,Parvathipuram,ANDHRA PRADESH,N,N,Y,,
,516505,Porumamilla,ANDHRA PRADESH,Y,Y,N,,
,535270,GAJAPATHINAGARAM,ANDHRA PRADESH,Y,Y,N,,
,516391,Pulivendula,ANDHRA PRADESH,Y,Y,Y,,
,504302,Mancherial,TELANGANA,Y,Y,Y,,
,518225,Dhone,ANDHRA PRADESH,N,N,N,,
,500046,Hyderabad,TELANGANA,Y,Y,Y,,
,516319,Proddatur,ANDHRA PRADESH,Y,Y,N,,
,609303,KARAIKAL,TAMIL NADU,Y,Y,N,,
,524002,Nellore,ANDHRA PRADESH,Y,Y,Y,,
,517526,SBRPURAM,ANDHRA PRADESH,Y,Y,N,,
,524319,BUCHIREDDYPALEM,ANDHRA PRADESH,N,N,N,,
,507140,CHERLA,TELANGANA,N,N,N,,
,506303,Jangaon,TELANGANA,Y,Y,N,,
,521182,Nandigama,ANDHRA PRADESH,N,N,N,,
,523252,DARSI,ANDHRA PRADESH,Y,Y,N,,
,522237,AMARAVATHI,ANDHRA PRADESH,Y,Y,Y,,
,500041,Hyderabad,TELANGANA,Y,Y,Y,,
,533293,KATERU,ANDHRA PRADESH,Y,Y,N,,
,500195,Hyderabad,TELANGANA,Y,Y,Y,,
,605601,VILLUPURAM,TAMIL NADU,Y,Y,Y,,
,521101,Gannavaram,ANDHRA PRADESH,Y,Y,Y,,
,534250,Palakol,ANDHRA PRADESH,Y,Y,Y,,
,641662,Tiruppur,TAMIL NADU,N,N,N,,
,505306,KATHALAPOOR,TELANGANA,Y,Y,N,,
,504107,BASAR,TELANGANA,Y,Y,N,,
,600021,Chennai,TAMIL NADU,Y,Y,Y,,
,521124,Gudivada,ANDHRA PRADESH,N,N,N,,
,603110,Chengalpet,TAMIL NADU,N,N,N,,
,521415,VISSANNAPET,ANDHRA PRADESH,Y,Y,N,,
,533241,AMALAPURAM,ANDHRA PRADESH,Y,Y,N,,
,533126,Rajahmundry,ANDHRA PRADESH,Y,Y,N,,
,534354,DOMMERU,ANDHRA PRADESH,Y,Y,N,,
,606105,VIRUDHACHALAM,TAMIL NADU,Y,Y,Y,,
,603106,Chengalpet,TAMIL NADU,Y,Y,Y,,
,635813,AMBUR,TAMIL NADU,Y,Y,Y,,
,635819,Vellore,TAMIL NADU,N,N,N,,
,530028,Visakhapatnam,ANDHRA PRADESH,Y,Y,Y,,
,502304,Hyderabad,TELANGANA,Y,Y,N,,
,516193,Porumamilla,ANDHRA PRADESH,Y,Y,Y,,
,603405,Chengalpet,TAMIL NADU,N,N,N,,
,533230,Mandapeta,ANDHRA PRADESH,Y,Y,Y,,
,632315,Arani,TAMIL NADU,Y,Y,Y,,
,534460,CHINTALAPUDI,ANDHRA PRADESH,N,N,N,,
,606712,Vellore,TAMIL NADU,Y,Y,N,,
,507137,CHERLA,TELANGANA,N,N,N,,
,508210,Suryapet,TELANGANA,Y,Y,N,,
,603004,Chengalpet,TAMIL NADU,N,N,N,,
,505524,GANGADHARA,TELANGANA,Y,Y,N,,
,523304,Donakonda,ANDHRA PRADESH,Y,Y,N,,
,509349,KALWAKURTHY,TELANGANA,Y,Y,N,,
,532484,Srikakulam,ANDHRA PRADESH,Y,Y,Y,,
,631203,Tiruvallur,TAMIL NADU,Y,Y,Y,,
,603119,Tiruvallur,TAMIL NADU,Y,Y,Y,,
,522601,Narasaraopet,ANDHRA PRADESH,Y,Y,N,,
,516364,KAMALAPURAM,ANDHRA PRADESH,Y,Y,N,,
,522502,Mangalagiri,ANDHRA PRADESH,Y,Y,Y,,
,521164,Vuyyur,ANDHRA PRADESH,Y,Y,N,,
,530024,Visakhapatnam,ANDHRA PRADESH,Y,Y,Y,,
,521185,Nandigama,ANDHRA PRADESH,N,N,N,,
,500033,Hyderabad,TELANGANA,Y,Y,Y,,
,517582,Puttur,ANDHRA PRADESH,N,N,N,,
,532185,Srikakulam,ANDHRA PRADESH,Y,Y,Y,,
,505129,JAMMIKUNTA,TELANGANA,Y,Y,Y,,
,600046,Chennai,TAMIL NADU,N,N,Y,,
,606717,Vellore,TAMIL NADU,N,N,N,,
,602101,Chennai,TAMIL NADU,N,N,N,,
,518217,BETHAMCHERLA,ANDHRA PRADESH,Y,Y,Y,,
,632312,Arani,TAMIL NADU,Y,Y,Y,,
,523345,Komarolu,ANDHRA PRADESH,Y,Y,N,,
,523223,Ongole,ANDHRA PRADESH,N,N,N,,
,524306,BUCHIREDDYPALEM,ANDHRA PRADESH,Y,Y,N,,
,507117,MANUGURU,TELANGANA,Y,Y,N,,
,502285,Patancheru,TELANGANA,Y,Y,Y,,
,503122,Yellareddy,TELANGANA,Y,Y,Y,,
,523226,CHIMAKURTHY,ANDHRA PRADESH,Y,Y,Y,,
,515611,PAMIDI,ANDHRA PRADESH,Y,Y,N,,
,500267,Hyderabad,TELANGANA,Y,Y,Y,,
,632053,Vellore,TAMIL NADU,N,N,N,,
,603113,Tiruvallur,TAMIL NADU,N,N,Y,,
,603402,UTHIRAMERUR,TAMIL NADU,N,N,N,,
,632501,Ranipet,TAMIL NADU,Y,Y,Y,,
,524102,Nellore,ANDHRA PRADESH,Y,Y,N,,
,631053,Vellore,TAMIL NADU,N,N,N,,
,534312,Jangareddy Gudem,ANDHRA PRADESH,Y,Y,Y,,
,533308,Mandapeta,ANDHRA PRADESH,Y,Y,Y,,
,632510,Ranipet,TAMIL NADU,Y,Y,Y,,
,602104,Chennai,TAMIL NADU,N,N,N,,
,516321,VEMPALLI,ANDHRA PRADESH,N,N,N,,
,502324,Hyderabad,TELANGANA,Y,Y,Y,,
,524409,PODALAKUR,ANDHRA PRADESH,Y,Y,N,,
,509324,KALWAKURTHY,TELANGANA,Y,Y,Y,,
,504216,Mancherial,TELANGANA,N,N,N,,
,632516,Vellore,TAMIL NADU,Y,Y,Y,,
,517192,ROMPICHARLA,ANDHRA PRADESH,Y,Y,N,,
,603122,Tiruvallur,TAMIL NADU,Y,Y,Y,,
,533435,Samalkot,ANDHRA PRADESH,Y,Y,Y,,
,534442,DENDULURU,ANDHRA PRADESH,Y,Y,N,,
,600126,Chennai,TAMIL NADU,Y,Y,Y,,
,535532,Srikakulam,ANDHRA PRADESH,Y,Y,N,,
,516213,VONITIMITTA,ANDHRA PRADESH,Y,Y,N,,
,631606,Chengalpet,TAMIL NADU,N,N,N,,
,522295,Guntur,ANDHRA PRADESH,Y,Y,Y,,
,534451,Jangareddy Gudem,ANDHRA PRADESH,Y,Y,Y,,
,533463,Yanam,ANDHRA PRADESH,Y,Y,Y,,
,522627,Martur,ANDHRA PRADESH,N,N,N,,
,600047,Chennai,TAMIL NADU,Y,Y,Y,,
,500021,Hyderabad,TELANGANA,N,N,Y,,
,507157,Khammam,TELANGANA,N,N,Y,,
,600080,Chennai,TAMIL NADU,N,N,Y,,
,501203,SHANKARPALLI,TELANGANA,Y,Y,Y,,
,502108,DUBBAK,TELANGANA,Y,Y,N,,
,506005,Warangal,TELANGANA,Y,Y,Y,,
,504296,KAGAZNAGAR,TELANGANA,Y,Y,N,,
,517391,MULAKALACHERUVU,ANDHRA PRADESH,Y,Y,N,,
,600005,Chennai,TAMIL NADU,Y,Y,Y,,
,517127,Chittoor,ANDHRA PRADESH,N,N,N,,
,632607,Vellore,TAMIL NADU,N,N,N,,
,509127,IEEJA,ANDHRA PRADESH,Y,Y,Y,,
,533450,Samalkot,ANDHRA PRADESH,Y,Y,Y,,
,523212,Medarametla,ANDHRA PRADESH,Y,Y,N,,
,604211,TINDIVANAM,TAMIL NADU,Y,Y,N,,
,516439,Jammalamadugu,ANDHRA PRADESH,Y,Y,N,,
,530018,Visakhapatnam,ANDHRA PRADESH,Y,Y,Y,,
,505505,JAMMIKUNTA,TELANGANA,Y,Y,N,,
,505475,JAMMIKUNTA,TELANGANA,Y,Y,Y,,
,502273,Medak,TELANGANA,N,N,N,,
,515521,KADIRI,ANDHRA PRADESH,Y,Y,Y,,
,508213,Suryapet,TELANGANA,Y,Y,Y,,
,522211,Tenali,ANDHRA PRADESH,Y,Y,Y,,
,632051,Vellore,TAMIL NADU,Y,Y,N,,
,531031,Anakapalle,ANDHRA PRADESH,Y,Y,Y,,
,600008,Chennai,TAMIL NADU,Y,Y,Y,,
,502032,Hyderabad,TELANGANA,Y,Y,Y,,
,600040,Chennai,TAMIL NADU,N,N,Y,,
,638312,Anthiyur,TAMIL NADU,Y,Y,N,,
,518202,Nandyal,ANDHRA PRADESH,Y,Y,N,,
,515661,Dharmavaram,ANDHRA PRADESH,N,N,N,,
,516502,CHAPADU,ANDHRA PRADESH,Y,Y,N,,
,516433,Jammalamadugu,ANDHRA PRADESH,Y,Y,N,,
,520000,Vijayawada,ANDHRA PRADESH,Y,Y,Y,,
,533250,Palakol,ANDHRA PRADESH,N,N,N,,
,518125,Banaganapalle,ANDHRA PRADESH,Y,Y,N,,
,500076,Hyderabad,TELANGANA,Y,Y,Y,,
,522292,Guntur,ANDHRA PRADESH,Y,Y,Y,,
,524001,Nellore,ANDHRA PRADESH,Y,Y,Y,,
,500069,Hyderabad,TELANGANA,Y,Y,Y,,
,523358,Komarolu,ANDHRA PRADESH,Y,Y,N,,
,500079,Hyderabad,TELANGANA,Y,Y,Y,,
,505531,GANGADHARA,TELANGANA,Y,Y,N,,
,533456,KATHIPUDI,ANDHRA PRADESH,N,N,N,,
,523216,MARKAPUR,ANDHRA PRADESH,N,N,N,,
,503217,DOODGAON,TELANGANA,Y,Y,N,,
,521108,Vijayawada,ANDHRA PRADESH,Y,Y,Y,,
,523370,Cumbum,MADHYA PRADESH,Y,Y,N,,
,523274,TANGUTUR,ANDHRA PRADESH,Y,Y,N,,
,502001,Patancheru,TELANGANA,Y,Y,N,,
,607307,Cuddalore,TAMIL NADU,N,N,N,,
,504201,CHENNUR,TELANGANA,Y,Y,N,,
,500123,Hyderabad,TELANGANA,N,N,Y,,
,503186,Nizamabad,TELANGANA,N,N,N,,
,530035,Visakhapatnam,ANDHRA PRADESH,Y,Y,Y,,
,500105,Hyderabad,TELANGANA,Y,Y,Y,,
,518607,Allagadda,ANDHRA PRADESH,Y,Y,Y,,
,506317,THORRUR,TELANGANA,N,N,N,,
,534455,Jangareddy Gudem,ANDHRA PRADESH,N,N,N,,
,533289,KOTHAPALLI,ANDHRA PRADESH,Y,Y,Y,,
,506343,MULUGU,TELANGANA,Y,Y,N,,
,506004,Warangal,TELANGANA,Y,Y,Y,,
,604410,KANCHIPURAM,TAMIL NADU,N,N,N,,
,531061,ATCHUTHAPURAM,ANDHRA PRADESH,Y,Y,Y,,
,518517,NANDIKOTKUR,ANDHRA PRADESH,Y,Y,Y,,
,600014,Chennai,TAMIL NADU,Y,Y,Y,,
,507202,MADHIRA,TELANGANA,N,N,N,,
,500036,Hyderabad,TELANGANA,Y,Y,Y,,
,534402,Bhimadole,ANDHRA PRADESH,Y,Y,N,,
,533247,AMALAPURAM,ANDHRA PRADESH,Y,Y,N,,
,532168,Rajam,ANDHRA PRADESH,Y,Y,Y,,
,607402,Cuddalore,TAMIL NADU,Y,Y,N,,
,631210,ARAKKONAM,TAMIL NADU,Y,Y,Y,,
,518186,Banaganapalle,ANDHRA PRADESH,Y,Y,N,,
,518533,Atmakur,ANDHRA PRADESH,Y,Y,Y,,
,632520,Ranipet,TAMIL NADU,N,N,N,,
,604102,TINDIVANAM,TAMIL NADU,Y,Y,Y,,
,531201,Bhimavaram,ANDHRA PRADESH,Y,Y,N,,
,521261,Vuyyur,ANDHRA PRADESH,Y,Y,N,,
,631213,ARAKKONAM,TAMIL NADU,Y,Y,Y,,
,531035,SABBAVARAM,ANDHRA PRADESH,Y,Y,N,,
,515409,Tadipatri,ANDHRA PRADESH,Y,Y,Y,,
,533106,Rajahmundry,ANDHRA PRADESH,Y,Y,Y,,
,604305,TINDIVANAM,TAMIL NADU,Y,Y,Y,,
,521181,Kanchikacherla,ANDHRA PRADESH,N,N,N,,
,531022,K KOTAPADU,ANDHRA PRADESH,Y,Y,N,,
,505209,Godavari Khani,TELANGANA,Y,Y,Y,,
,521457,Jaggaiahpeta,ANDHRA PRADESH,Y,Y,Y,,
,524412,Nellore,ANDHRA PRADESH,N,N,N,,
,517291,Madanapalli,ANDHRA PRADESH,Y,Y,N,,
,624610,Palani,TAMIL NADU,N,N,N,,
,632201,AMBUR,TAMIL NADU,N,N,N,,
,622302,Trichy,TAMIL NADU,N,N,N,,
,600066,Chennai,TAMIL NADU,Y,Y,Y,,
,506167,Jangaon,TELANGANA,Y,Y,Y,,
,632211,Vellore,TAMIL NADU,N,N,N,,
,534362,Bhimavaram,ANDHRA PRADESH,Y,Y,N,,
,531032,Anakapalle,ANDHRA PRADESH,Y,Y,N,,
,517640,Srikalahasti,ANDHRA PRADESH,Y,Y,Y,,
,509209,Mahabubnagar,TELANGANA,Y,Y,N,,
,631118,Vellore,TAMIL NADU,Y,Y,N,,
,503206,Bodhan,TELANGANA,N,N,N,,
,515672,Dharmavaram,ANDHRA PRADESH,Y,Y,N,,
,516289,KAMALAPURAM,ANDHRA PRADESH,Y,Y,N,,
,534204,Bhimavaram,ANDHRA PRADESH,Y,Y,Y,,
,507301,ASWARAOPETA,TELANGANA,Y,Y,Y,,
,515401,Gooty,ANDHRA PRADESH,Y,Y,Y,,
,515416,Tadipatri,ANDHRA PRADESH,Y,Y,Y,,
,530027,Visakhapatnam,ANDHRA PRADESH,Y,Y,Y,,
,521148,Gudivada,ANDHRA PRADESH,N,N,N,,
,516227,CHAPADU,ANDHRA PRADESH,Y,Y,N,,
,523331,Ongole,ANDHRA PRADESH,Y,Y,Y,,
,522305,Guntur,ANDHRA PRADESH,N,N,N,,
,605007,PONDICHERRY,TAMIL NADU,N,N,N,,
,600089,Chennai,TAMIL NADU,Y,Y,Y,,
,632507,Ranipet,TAMIL NADU,Y,Y,Y,,
,635814,AMBUR,TAMIL NADU,Y,Y,Y,,
,518411,NANDIKOTKUR,ANDHRA PRADESH,Y,Y,Y,,
,515652,C K PALLI,ANDHRA PRADESH,Y,Y,Y,,
,521235,GAMPALAGUDEM,ANDHRA PRADESH,N,N,N,,
,515404,C K PALLI,ANDHRA PRADESH,Y,Y,Y,,
,534230,PENUMANTRA,ANDHRA PRADESH,Y,Y,N,,
,524003,Nellore,ANDHRA PRADESH,Y,Y,Y,,
,505000,Karimnagar,TELANGANA,Y,Y,N,,
,521003,Machilipatnam,ANDHRA PRADESH,Y,Y,Y,,
,532205,TEKKALI,ANDHRA PRADESH,N,N,N,,
,635802,AMBUR,TAMIL NADU,Y,Y,Y,,
,509154,ALAMPUR,TELANGANA,Y,Y,N,,
,631206,Ranipet,TAMIL NADU,N,N,N,,
,524132,VENKATAGIRI,ANDHRA PRADESH,Y,Y,Y,,
,532207,TEKKALI,ANDHRA PRADESH,N,N,N,,
,522024,Guntur,ANDHRA PRADESH,Y,Y,N,,
,518140,KOILAKUNTLA,ANDHRA PRADESH,Y,Y,N,,
,504115,NIRMAL,TELANGANA,N,N,N,,
,517429,BANGARUPALEM,ANDHRA PRADESH,N,N,N,,
,516114,Proddatur,ANDHRA PRADESH,Y,Y,N,,
,505405,Sircilla,TELANGANA,Y,Y,N,,
,523101,SINGARAYAKONDA,ANDHRA PRADESH,N,N,N,,
,608401,Chidambaram,TAMIL NADU,Y,Y,Y,,
,600037,Chennai,TAMIL NADU,N,N,Y,,
,500099,Hyderabad,TELANGANA,Y,Y,Y,,
,517581,Puttur,ANDHRA PRADESH,Y,Y,Y,,
,518124,Banaganapalle,ANDHRA PRADESH,Y,Y,N,,
,605005,PONDICHERRY,TAMIL NADU,Y,Y,N,,
,516218,VEMPALLI,ANDHRA PRADESH,N,N,N,,
,517390,MULAKALACHERUVU,ANDHRA PRADESH,Y,Y,N,,
,632401,Ranipet,TAMIL NADU,Y,Y,Y,,
,521247,Vuyyur,ANDHRA PRADESH,Y,Y,N,,
,521213,VISSANNAPET,ANDHRA PRADESH,Y,Y,Y,,
,521370,KANKIPADU,ANDHRA PRADESH,Y,Y,N,,
,524342,PODALAKUR,ANDHRA PRADESH,Y,Y,N,,
,507201,MADHIRA,TELANGANA,N,N,N,,
,517423,KUPPAM,ANDHRA PRADESH,Y,Y,N,,
,522263,Repalle,ANDHRA PRADESH,Y,Y,N,,
,523368,GOWTHAVARAM,ANDHRA PRADESH,Y,Y,Y,,
,606910,Vellore,TAMIL NADU,N,N,N,,
,520013,Vijayawada,ANDHRA PRADESH,Y,Y,Y,,
,521111,Nuzvid,ANDHRA PRADESH,Y,Y,N,,
,515814,Gooty,ANDHRA PRADESH,Y,Y,N,,
,516269,Rayachoty,ANDHRA PRADESH,Y,Y,N,,
,517319,Madanapalli,ANDHRA PRADESH,Y,Y,N,,
,521245,KANKIPADU,ANDHRA PRADESH,Y,Y,N,,
,534124,PENUMANTRA,ANDHRA PRADESH,Y,Y,N,,
,501158,Tandur,TELANGANA,Y,Y,N,,
,518513,Nandyal,ANDHRA PRADESH,Y,Y,Y,,
,530031,Gajuwaka,ANDHRA PRADESH,Y,Y,Y,,
,522236,AMARAVATHI,ANDHRA PRADESH,Y,Y,Y,,
,524317,BUCHIREDDYPALEM,ANDHRA PRADESH,Y,Y,N,,
,530003,Visakhapatnam,ANDHRA PRADESH,Y,Y,Y,,
,505467,Siddipet,TELANGANA,Y,Y,N,,
,504219,BELLAMPALLI,TELANGANA,Y,Y,Y,,
,531083,ADDUROAD,ANDHRA PRADESH,Y,Y,N,,
,520001,Vijayawada,ANDHRA PRADESH,Y,Y,Y,,
,530020,Visakhapatnam,ANDHRA PRADESH,Y,Y,Y,,
,503144,Kamareddy,TELANGANA,Y,Y,Y,,
,534428,Bhimadole,ANDHRA PRADESH,Y,Y,N,,
,522036,Guntur,ANDHRA PRADESH,N,N,N,,
,517101,Chandragiri,ANDHRA PRADESH,Y,Y,Y,,
,517371,MULAKALACHERUVU,ANDHRA PRADESH,Y,Y,N,,
,608803,Vellore,TAMIL NADU,Y,Y,N,,
,515421,Tadipatri,ANDHRA PRADESH,Y,Y,Y,,
,506366,Parkal,TELANGANA,Y,Y,N,,
,535001,Vizianagaram,ANDHRA PRADESH,Y,Y,Y,,
,531034,K KOTAPADU,ANDHRA PRADESH,Y,Y,N,,
,515844,GUNTAKAL,ANDHRA PRADESH,Y,Y,N,,
,602030,Tiruvallur,TAMIL NADU,Y,Y,Y,,
,500042,Hyderabad,TELANGANA,Y,Y,Y,,
,532100,Rajam,ANDHRA PRADESH,N,N,N,,
,635806,AMBUR,TAMIL NADU,N,N,Y,,
,605602,VILLUPURAM,TAMIL NADU,Y,Y,Y,,
,533104,Rajahmundry,ANDHRA PRADESH,Y,Y,Y,,
,506349,MULUGU,TELANGANA,Y,Y,Y,,
,500013,Hyderabad,TELANGANA,Y,Y,Y,,
,623318,Cuddalore,TAMIL NADU,Y,Y,N,,
,530038,Visakhapatnam,ANDHRA PRADESH,Y,Y,Y,,
,632521,Ranipet,TAMIL NADU,Y,Y,Y,,
,509326,Ongole,ANDHRA PRADESH,Y,Y,N,,
,532215,PATHAPATNAM,Odisha,N,N,N,,
,518479,KODUMURU,ANDHRA PRADESH,Y,Y,N,,
,504218,BELLAMPALLI,TELANGANA,N,N,N,,
,530046,Gajuwaka,ANDHRA PRADESH,Y,Y,Y,,
,531135,Chodavaram,ANDHRA PRADESH,Y,Y,N,,
,500093,Hyderabad,TELANGANA,Y,Y,Y,,
,604002,TINDIVANAM,TAMIL NADU,Y,Y,Y,,
,504293,Asifabad,TELANGANA,Y,Y,Y,,
,500083,Hyderabad,TELANGANA,Y,Y,Y,,
,500108,Hyderabad,TELANGANA,N,N,N,,
,505501,GANGADHARA,TELANGANA,Y,Y,N,,
,534202,Bhimavaram,ANDHRA PRADESH,Y,Y,Y,,
,530051,Visakhapatnam,ANDHRA PRADESH,Y,Y,Y,,
,531168,BHEEMUNIPATNAM,ANDHRA PRADESH,Y,Y,N,,
,500043,Medchal,TELANGANA,Y,Y,N,,
,502325,Hyderabad,TELANGANA,Y,Y,Y,,
,530004,Visakhapatnam,ANDHRA PRADESH,Y,Y,Y,,
,621729,KALLAKURUCHI,TAMIL NADU,N,N,N,,
,631505,Chengalpet,TAMIL NADU,N,N,N,,
,500067,Hyderabad,TELANGANA,Y,Y,Y,,
,531020,Anakapalle,ANDHRA PRADESH,Y,Y,Y,,
,508243,MALLEPALLY,TELANGANA,Y,Y,Y,,
,522277,Repalle,ANDHRA PRADESH,Y,Y,N,,
,515001,ANANTAPUR,ANDHRA PRADESH,Y,Y,Y,,
,632526,Vellore,TAMIL NADU,Y,Y,N,,
,533237,Mandapeta,ANDHRA PRADESH,Y,Y,Y,,
,518510,Allagadda,ANDHRA PRADESH,Y,Y,Y,,
,516237,VONITIMITTA,ANDHRA PRADESH,Y,Y,N,,
,518126,Banaganapalle,ANDHRA PRADESH,Y,Y,N,,
,516203,CHAPADU,ANDHRA PRADESH,Y,Y,N,,
,609311,KARAIKAL,TAMIL NADU,Y,Y,N,,
,530022,Visakhapatnam,ANDHRA PRADESH,Y,Y,Y,,
,533464,Yanam,ANDHRA PRADESH,Y,Y,Y,,
,507209,TALLADA,TELANGANA,N,N,N,,
,515446,Dharmavaram,ANDHRA PRADESH,Y,Y,N,,
,535580,GAJAPATHINAGARAM,ANDHRA PRADESH,N,N,N,,
,503219,DOODGAON,TELANGANA,Y,Y,N,,
,534347,NIDADAVOLE,ANDHRA PRADESH,N,N,N,,
,603120,Tiruvallur,TAMIL NADU,Y,Y,Y,,
,632601,AMBUR,TAMIL NADU,N,N,Y,,
,600024,Chennai,TAMIL NADU,Y,Y,Y,,
,534392,NIDADAVOLE,ANDHRA PRADESH,Y,Y,N,,
,509376,ACHAMPETA,TELANGANA,Y,Y,N,,
,609603,KARAIKAL,TAMIL NADU,Y,Y,Y,,
,535145,S Kota,ANDHRA PRADESH,N,N,N,,
,531036,Chodavaram,ANDHRA PRADESH,Y,Y,N,,
,606123,Cuddalore,TAMIL NADU,N,N,N,,
,533339,RAMPACHODAVARAM,ANDHRA PRADESH,N,N,N,,
,602003,Tiruvallur,TAMIL NADU,Y,Y,Y,,
,606912,Vellore,TAMIL NADU,N,N,N,,
,503185,Bodhan,TELANGANA,N,N,N,,
,518553,Allagadda,ANDHRA PRADESH,Y,Y,Y,,
,604306,TINDIVANAM,TAMIL NADU,Y,Y,Y,,
,500000,Hyderabad,TELANGANA,N,N,N,,
,631702,KANCHIPURAM,TAMIL NADU,N,N,N,,
,502295,Patancheru,TELANGANA,Y,Y,N,,
,534137,Tadepalligudem,ANDHRA PRADESH,Y,Y,N,,
,632531,Ranipet,TAMIL NADU,Y,Y,Y,,
,505453,Jagtial,TELANGANA,Y,Y,N,,
,515591,KADIRI,ANDHRA PRADESH,Y,Y,Y,,
,508208,Miryalaguda,TELANGANA,Y,Y,Y,,
,532244,MANDASA,ANDHRA PRADESH,N,N,N,,
,607804,Cuddalore,TAMIL NADU,N,N,N,,
,521106,Gannavaram,ANDHRA PRADESH,N,N,N,,
,517330,Madanapalli,ANDHRA PRADESH,Y,Y,Y,,
,516365,CHAPADU,ANDHRA PRADESH,Y,Y,N,,
,631051,ARAKKONAM,TAMIL NADU,Y,Y,Y,,
,505498,Huzurabad,TELANGANA,Y,Y,N,,
,533290,KATERU,ANDHRA PRADESH,Y,Y,N,,
,603406,UTHIRAMERUR,TAMIL NADU,N,N,Y,,
,515159,MUDDIGUBA,ANDHRA PRADESH,N,N,N,,
,505211,Godavari Khani,TELANGANA,Y,Y,Y,,
,533430,Samalkot,ANDHRA PRADESH,Y,Y,Y,,
,603002,Chengalpet,TAMIL NADU,N,N,N,,
,509132,IEEJA,ANDHRA PRADESH,Y,Y,N,,
,632403,Ranipet,TAMIL NADU,Y,Y,Y,,
,505326,KATHALAPOOR,TELANGANA,Y,Y,Y,,
,524313,Nellore,ANDHRA PRADESH,Y,Y,Y,,
,500058,Hyderabad,TELANGANA,Y,Y,Y,,
,500035,Hyderabad,TELANGANA,Y,Y,Y,,
,521123,Nuzvid,ANDHRA PRADESH,N,N,N,,
,600113,Chennai,TAMIL NADU,Y,Y,N,,
,603107,UTHIRAMERUR,TAMIL NADU,Y,Y,Y,,
,532403,Srikakulam,ANDHRA PRADESH,Y,Y,Y,,
,509347,KALWAKURTHY,TELANGANA,Y,Y,N,,
,632525,Vellore,TAMIL NADU,N,N,N,,
,522602,Narasaraopet,ANDHRA PRADESH,Y,Y,N,,
,533233,Mandapeta,ANDHRA PRADESH,Y,Y,Y,,
,521436,Nandigama,ANDHRA PRADESH,Y,Y,N,,
,509339,KODANGAL,TELANGANA,Y,Y,Y,,
,500133,Hyderabad,TELANGANA,Y,Y,N,,
,522629,Martur,ANDHRA PRADESH,N,N,N,,
,522299,Repalle,ANDHRA PRADESH,Y,Y,N,,
,503188,Bodhan,TELANGANA,N,N,N,,
,507204,MADHIRA,TELANGANA,N,N,N,,
,605003,PONDICHERRY,TAMIL NADU,Y,Y,N,,
,516110,Railway Kodur,ANDHRA PRADESH,N,N,N,,
,518501,Nandyal,ANDHRA PRADESH,Y,Y,Y,,
,600017,Chennai,TAMIL NADU,Y,Y,Y,,
,516152,VONITIMITTA,ANDHRA PRADESH,Y,Y,Y,,
,535202,DOMMERU,ANDHRA PRADESH,Y,Y,N,,
,516163,CHAPADU,ANDHRA PRADESH,Y,Y,Y,,
,522022,Guntur,ANDHRA PRADESH,Y,Y,N,,
,605051,Vellore,TAMIL NADU,N,N,N,,
,603108,Chengalpet,TAMIL NADU,N,N,Y,,
,609104,Cuddalore,TAMIL NADU,N,N,Y,,
,522259,Repalle,ANDHRA PRADESH,Y,Y,Y,,
,604504,Arani,TAMIL NADU,Y,Y,Y,,
,516216,Cuddapah,ANDHRA PRADESH,N,N,N,,
,518675,Nandyal,ANDHRA PRADESH,Y,Y,N,,
,535218,Vizianagaram,ANDHRA PRADESH,Y,Y,Y,,
,504113,NIRMAL,TELANGANA,N,N,N,,
,604304,TINDIVANAM,TAMIL NADU,Y,Y,Y,,
,500086,Hyderabad,TELANGANA,Y,Y,Y,,
,605655,VILLUPURAM,TAMIL NADU,Y,Y,Y,,
,531273,GAJAPATHINAGARAM,ANDHRA PRADESH,Y,Y,N,,
,518422,Atmakur,ANDHRA PRADESH,Y,Y,N,,
,506367,CHERIYAL,TELANGANA,Y,Y,Y,,
,506315,MARIPEDA BANGLA,TELANGANA,Y,Y,Y,,
,517125,Chittoor,ANDHRA PRADESH,Y,Y,N,,
,515775,PAMIDI,ANDHRA PRADESH,Y,Y,Y,,
,621713,KALLAKURUCHI,TAMIL NADU,N,N,N,,
,523002,Ongole,ANDHRA PRADESH,Y,Y,Y,,
,504330,BOATH,TELANGANA,N,N,N,,
,521366,Machilipatnam,ANDHRA PRADESH,Y,Y,Y,,
,500048,Hyderabad,TELANGANA,Y,Y,Y,,
,533253,Palakol,ANDHRA PRADESH,Y,Y,Y,,
,530000,Visakhapatnam,ANDHRA PRADESH,Y,Y,N,,
,518017,Gooty,ANDHRA PRADESH,Y,Y,N,,
,518347,ASPARI,ANDHRA PRADESH,N,N,N,,
,534196,Tadepalligudem,ANDHRA PRADESH,Y,Y,N,,
,522301,Tenali,ANDHRA PRADESH,Y,Y,Y,,
,505451,Karimnagar,TELANGANA,Y,Y,Y,,
,535221,S Kota,ANDHRA PRADESH,N,N,N,,
,515522,KADIRI,ANDHRA PRADESH,N,N,N,,
,508211,Suryapet,TELANGANA,Y,Y,Y,,
,533263,Draksharamam,ANDHRA PRADESH,N,N,N,,
,523167,INKOLLU,ANDHRA PRADESH,Y,Y,N,,
,530010,Visakhapatnam,ANDHRA PRADESH,Y,Y,Y,,
,522603,Narasaraopet,ANDHRA PRADESH,Y,Y,N,,
,505162,SULTANABAD,TELANGANA,Y,Y,N,,
,505101,KAMALAPUR,TELANGANA,Y,Y,N,,
,506010,Warangal,TELANGANA,Y,Y,Y,,
,522628,Martur,ANDHRA PRADESH,N,N,N,,
,500052,Shamshabad,TELANGANA,Y,Y,Y,,
,530033,Visakhapatnam,ANDHRA PRADESH,Y,Y,Y,,
,533262,Draksharamam,ANDHRA PRADESH,Y,Y,N,,
,534247,PENUMANTRA,ANDHRA PRADESH,Y,Y,N,,
,505527,Karimnagar,TELANGANA,Y,Y,Y,,
,523369,Komarolu,ANDHRA PRADESH,Y,Y,N,,
,506381,DORNAKAL,TELANGANA,N,N,N,,
,530007,Visakhapatnam,ANDHRA PRADESH,Y,Y,Y,,
,535214,Vizianagaram,ANDHRA PRADESH,Y,Y,Y,,
,632509,Ranipet,TAMIL NADU,Y,Y,Y,,
,534352,DOMMERU,ANDHRA PRADESH,Y,Y,N,,
,533431,Samalkot,ANDHRA PRADESH,Y,Y,Y,,
,503123,Kamareddy,TELANGANA,Y,Y,Y,,
,503120,Kamareddy,TELANGANA,Y,Y,Y,,
,524101,Nellore,ANDHRA PRADESH,Y,Y,Y,,
,515523,KADIRI,ANDHRA PRADESH,N,N,N,,
,521165,Vuyyur,ANDHRA PRADESH,Y,Y,N,,
,522324,Repalle,ANDHRA PRADESH,Y,Y,N,,
,534435,DENDULURU,ANDHRA PRADESH,Y,Y,N,,
,518176,Banaganapalle,ANDHRA PRADESH,Y,Y,N,,
,533213,AMALAPURAM,ANDHRA PRADESH,Y,Y,N,,
,503213,Nizamabad,TELANGANA,Y,Y,N,,
,600108,Chennai,TAMIL NADU,Y,Y,Y,,
,632010,Vellore,TAMIL NADU,Y,Y,Y,,
,505474,JAMMIKUNTA,TELANGANA,Y,Y,N,,
,534450,DENDULURU,ANDHRA PRADESH,Y,Y,N,,
,506112,DORNAKAL,TELANGANA,N,N,N,,
,516006,VONITIMITTA,ANDHRA PRADESH,N,N,N,,
,604401,KANCHIPURAM,TAMIL NADU,Y,Y,Y,,
,504214,CHENNUR,TELANGANA,Y,Y,N,,
,508255,Nalgonda,TELANGANA,Y,Y,N,,
,517325,Madanapalli,ANDHRA PRADESH,Y,Y,Y,,
,600121,Chennai,TAMIL NADU,N,N,Y,,
,522291,Mangalagiri,ANDHRA PRADESH,Y,Y,N,,
,534326,ACHANTA,ANDHRA PRADESH,Y,Y,Y,,
,685562,Adimali,KERALA,Y,Y,N,,
,600112,Chennai,TAMIL NADU,Y,Y,Y,,
,503227,Armoor,TELANGANA,Y,Y,N,,
,635805,AMBUR,TAMIL NADU,Y,Y,Y,,
,500002,Hyderabad,TELANGANA,Y,Y,Y,,
,607205,Cuddalore,TAMIL NADU,N,N,N,,
,632106,Vellore,TAMIL NADU,Y,Y,Y,,
,530049,Gajuwaka,ANDHRA PRADESH,Y,Y,Y,,
,503311,Armoor,TELANGANA,Y,Y,N,,
,608305,Cuddalore,TAMIL NADU,N,N,N,,
,534225,ATTILI,ANDHRA PRADESH,Y,Y,N,,
,508204,Huzurnagar,TELANGANA,Y,Y,Y,,
,522258,Repalle,ANDHRA PRADESH,Y,Y,N,,
,531218,BHEEMUNIPATNAM,ANDHRA PRADESH,N,N,N,,
,533252,Palakol,ANDHRA PRADESH,Y,Y,N,,
,504305,BOATH,TELANGANA,N,N,N,,
,516434,Jammalamadugu,ANDHRA PRADESH,Y,Y,N,,
,530053,LANKELAPALEM,ANDHRA PRADESH,Y,Y,N,,
,508205,Nalgonda,TELANGANA,N,N,N,,
,600016,Chennai,TAMIL NADU,Y,Y,Y,,
,521116,KANKIPADU,ANDHRA PRADESH,Y,Y,N,,
,521356,Gudivada,ANDHRA PRADESH,Y,Y,N,,
,516217,Porumamilla,ANDHRA PRADESH,Y,Y,N,,
,501505,Hyderabad,TELANGANA,Y,Y,Y,,
,507159,Khammam,TELANGANA,N,N,Y,,
,517589,Puttur,ANDHRA PRADESH,N,N,N,,
,534461,CHINTALAPUDI,ANDHRA PRADESH,N,N,N,,
,503111,Kamareddy,TELANGANA,Y,Y,Y,,
,532617,Repalle,ANDHRA PRADESH,Y,Y,N,,
,534425,Bhimadole,ANDHRA PRADESH,Y,Y,N,,
,503187,Banswada,TELANGANA,N,N,N,,
,507138,Kothagudem,TELANGANA,Y,Y,Y,,
,509110,AMARCHINTHA,TELANGANA,N,N,N,,
,531148,KOTHAVALASA,ANDHRA PRADESH,N,N,N,,
,516431,Jammalamadugu,ANDHRA PRADESH,Y,Y,N,,
,505404,DUBBAK,TELANGANA,Y,Y,Y,,
,532284,ICHAPURAM,ANDHRA PRADESH,N,N,N,,
,532443,PALAKONDA,ANDHRA PRADESH,Y,Y,Y,,
,515154,MUDDIGUBA,ANDHRA PRADESH,N,N,N,,
,515458,Gooty,ANDHRA PRADESH,Y,Y,N,,
,608303,Cuddalore,TAMIL NADU,N,N,N,,
,518007,KURNOOL,ANDHRA PRADESH,Y,Y,Y,,
,517292,Tirupati,ANDHRA PRADESH,N,N,N,,
,533305,Mandapeta,ANDHRA PRADESH,Y,Y,N,,
,631057,Vellore,TAMIL NADU,N,N,N,,
,518385,PATTIKONDA,ANDHRA PRADESH,Y,Y,N,,
,500991,Hyderabad,TELANGANA,Y,Y,N,,
,530013,Visakhapatnam,ANDHRA PRADESH,Y,Y,Y,,
,533294,RAJANAGARAM,ANDHRA PRADESH,Y,Y,Y,,
,500051,Hyderabad,TELANGANA,Y,Y,Y,,
,517505,Chandragiri,ANDHRA PRADESH,Y,Y,Y,,
,518101,Ongole,ANDHRA PRADESH,Y,Y,N,,
,521118,AVANIGADDA,ANDHRA PRADESH,Y,Y,N,,
,508202,Nalgonda,TELANGANA,Y,Y,Y,,
,505102,KAMALAPUR,TELANGANA,Y,Y,N,,
,501507,Hyderabad,TELANGANA,Y,Y,Y,,
,532290,ICHAPURAM,ANDHRA PRADESH,N,N,N,,
,507128,Bhadrachalam,TELANGANA,Y,Y,N,,
,609124,Cuddalore,TAMIL NADU,Y,Y,N,,
,503225,Armoor,TELANGANA,Y,Y,N,,
,500016,Hyderabad,TELANGANA,Y,Y,Y,,
,605104,PONDICHERRY,TAMIL NADU,Y,Y,N,,
,533238,Mandapeta,ANDHRA PRADESH,Y,Y,Y,,
,507160,Khammam,TELANGANA,Y,Y,Y,,
,517172,ROMPICHARLA,ANDHRA PRADESH,Y,Y,Y,,
,632003,Vellore,TAMIL NADU,N,N,N,,
,534166,Tadepalligudem,ANDHRA PRADESH,Y,Y,N,,
,508373,Nalgonda,TELANGANA,N,N,N,,
,603404,UTHIRAMERUR,TAMIL NADU,N,N,N,,
,632317,Arani,TAMIL NADU,Y,Y,Y,,
,524309,BUCHIREDDYPALEM,ANDHRA PRADESH,Y,Y,N,,
,518467,KODUMURU,ANDHRA PRADESH,Y,Y,N,,
,515102,Dharmavaram,ANDHRA PRADESH,Y,Y,N,,
,500085,Hyderabad,TELANGANA,Y,Y,Y,,
,632057,Vellore,TAMIL NADU,Y,Y,Y,,
,632311,Arani,TAMIL NADU,Y,Y,Y,,
,532127,Rajam,ANDHRA PRADESH,Y,Y,Y,,
,522549,Narasaraopet,ANDHRA PRADESH,Y,Y,Y,,
,518206,BETHAMCHERLA,ANDHRA PRADESH,Y,Y,N,,
,606915,TINDIVANAM,TAMIL NADU,Y,Y,N,,
,631001,ARAKKONAM,TAMIL NADU,Y,Y,Y,,
,606716,Vellore,TAMIL NADU,N,N,N,,
,609117,Cuddalore,TAMIL NADU,N,N,Y,,
,534122,ACHANTA,ANDHRA PRADESH,Y,Y,Y,,
,625537,Usilampatti,TAMIL NADU,N,N,N,,
,604402,KANCHIPURAM,TAMIL NADU,Y,Y,Y,,
,515762,Kalyanadurgam,ANDHRA PRADESH,N,N,N,,
,608306,Cuddalore,TAMIL NADU,N,N,N,,
,533220,Yanam,ANDHRA PRADESH,Y,Y,Y,,
,600032,Chennai,TAMIL NADU,Y,Y,Y,,
,532402,Srikakulam,ANDHRA PRADESH,Y,Y,Y,,
,686601,Kottayam,KERALA,Y,Y,Y,,
,607401,Cuddalore,TAMIL NADU,Y,Y,N,,
,533460,Samalkot,ANDHRA PRADESH,N,N,N,,
,607302,Cuddalore,TAMIL NADU,N,N,N,,
,506143,Ghanpur,TELANGANA,N,N,N,,
,524303,Atmakur,ANDHRA PRADESH,Y,Y,Y,,
,521151,KANKIPADU,ANDHRA PRADESH,Y,Y,Y,,
,516260,Pulivendula,ANDHRA PRADESH,Y,Y,Y,,
,531116,Narsipatnam,ANDHRA PRADESH,Y,Y,Y,,
,518583,Nandyal,ANDHRA PRADESH,N,N,N,,
,507306,ASWARAOPETA,TELANGANA,N,N,N,,
,522267,Repalle,ANDHRA PRADESH,Y,Y,N,,
,534429,Bhimadole,ANDHRA PRADESH,Y,Y,N,,
,518001,KURNOOL,ANDHRA PRADESH,Y,Y,Y,,
,517643,Puttur,ANDHRA PRADESH,N,N,Y,,
,531082,ADDUROAD,ANDHRA PRADESH,Y,Y,N,,
,523271,Kandukur,ANDHRA PRADESH,Y,Y,N,,
,600022,Chennai,TAMIL NADU,N,N,Y,,
,608502,Chidambaram,TAMIL NADU,Y,Y,Y,,
,632508,Ranipet,TAMIL NADU,Y,Y,Y,,
,600083,Chennai,TAMIL NADU,Y,Y,Y,,
,533462,Kakinada,ANDHRA PRADESH,N,N,N,,
,635810,AMBUR,TAMIL NADU,Y,Y,Y,,
,502125,Medak,TELANGANA,N,N,N,,
,605108,VILLUPURAM,TAMIL NADU,Y,Y,Y,,
,632402,Ranipet,TAMIL NADU,Y,Y,Y,,
,505210,Godavari Khani,TELANGANA,Y,Y,Y,,
,521128,KANKIPADU,ANDHRA PRADESH,Y,Y,N,,
,521228,Vijayawada,ANDHRA PRADESH,Y,Y,Y,,
,632603,AMBUR,TAMIL NADU,N,N,Y,,
,521344,KALIDINDI,ANDHRA PRADESH,N,N,N,,
,500075,Hyderabad,TELANGANA,Y,Y,Y,,
,503246,NAVIPET,TELANGANA,N,N,N,,
,503000,Nizamabad,TELANGANA,Y,Y,N,,
,631209,ARAKKONAM,TAMIL NADU,Y,Y,Y,,
,500056,Hyderabad,TELANGANA,Y,Y,Y,,
,603203,Chengalpet,TAMIL NADU,Y,Y,Y,,
,607805,Cuddalore,TAMIL NADU,N,N,N,,
,522315,Ponnur,ANDHRA PRADESH,N,N,N,,
,532440,PALAKONDA,ANDHRA PRADESH,Y,Y,Y,,
,518343,Yemmiganur,ANDHRA PRADESH,N,N,N,,
,535292,ICHAPURAM,ANDHRA PRADESH,N,N,N,,
,500031,Hyderabad,TELANGANA,Y,Y,Y,,
,515233,PUTTAPARTHI,ANDHRA PRADESH,Y,Y,N,,
,508116,Bhongir,TELANGANA,N,N,N,,
,606302,VIRUDHACHALAM,TAMIL NADU,N,N,N,,
,606907,Arani,TAMIL NADU,Y,Y,Y,,
,518005,KURNOOL,ANDHRA PRADESH,Y,Y,Y,,
,522213,Guntur,ANDHRA PRADESH,Y,Y,Y,,
,604409,KANCHIPURAM,TAMIL NADU,Y,Y,Y,,
,534160,Tadepalligudem,ANDHRA PRADESH,Y,Y,N,,
,632059,Vellore,TAMIL NADU,Y,Y,Y,,
,607111,Cuddalore,TAMIL NADU,Y,Y,N,,
,522264,Repalle,ANDHRA PRADESH,Y,Y,Y,,
,504215,DANDEPALLY,TELANGANA,Y,Y,Y,,
,517541,Tada,ANDHRA PRADESH,N,N,N,,
,605102,VILLUPURAM,TAMIL NADU,N,N,N,,
,603112,Chennai,TAMIL NADU,Y,Y,Y,,
,534240,PENUMANTRA,ANDHRA PRADESH,Y,Y,N,,
,531030,K KOTAPADU,ANDHRA PRADESH,Y,Y,N,,
,502220,Zaheerabad,TELANGANA,Y,Y,Y,,
,503102,Kamareddy,TELANGANA,Y,Y,Y,,
,533554,MUMMIDIVARAM,ANDHRA PRADESH,N,N,N,,
,516413,Jammalamadugu,ANDHRA PRADESH,Y,Y,N,,
,635751,AMBUR,TAMIL NADU,Y,Y,Y,,
,520005,Vijayawada,ANDHRA PRADESH,Y,Y,Y,,
,600090,Chennai,TAMIL NADU,Y,Y,Y,,
,600018,Chennai,TAMIL NADU,Y,Y,N,,
,518404,NANDIKOTKUR,ANDHRA PRADESH,Y,Y,Y,,
,516247,VONITIMITTA,ANDHRA PRADESH,Y,Y,Y,,
,524202,KAVALI,ANDHRA PRADESH,Y,Y,N,,
,506102,Mahabubabad,TELANGANA,Y,Y,Y,,
,534305,NIDADAVOLE,ANDHRA PRADESH,N,N,N,,
,534320,ACHANTA,ANDHRA PRADESH,Y,Y,N,,
,516396,Pulivendula,ANDHRA PRADESH,Y,Y,Y,,
,533125,Rajahmundry,ANDHRA PRADESH,Y,Y,N,,
,601303,Tiruvallur,TAMIL NADU,N,N,Y,,
,533004,Kakinada,ANDHRA PRADESH,Y,Y,Y,,
,534401,Bhimadole,ANDHRA PRADESH,Y,Y,N,,
,518599,BETHAMCHERLA,ANDHRA PRADESH,Y,Y,N,,
,533429,YELESWARAM,ANDHRA PRADESH,Y,Y,Y,,
,532001,Srikakulam,ANDHRA PRADESH,Y,Y,Y,,
,505470,JAMMIKUNTA,TELANGANA,Y,Y,N,,
,505403,CHANDURTHI,TELANGANA,Y,Y,N,,
,603202,Chennai,TAMIL NADU,Y,Y,Y,,
,532525,GAJAPATHINAGARAM,ANDHRA PRADESH,Y,Y,N,,
,503164,INDALWAI,TELANGANA,Y,Y,Y,,
,534203,Bhimavaram,ANDHRA PRADESH,Y,Y,Y,,
,509129,IEEJA,ANDHRA PRADESH,N,N,N,,
,604914,Chidambaram,TAMIL NADU,Y,Y,N,,
,502318,Zaheerabad,TELANGANA,Y,Y,Y,,
,518674,Nandyal,ANDHRA PRADESH,Y,Y,Y,,
,500062,Hyderabad,TELANGANA,Y,Y,Y,,
,530039,Visakhapatnam,ANDHRA PRADESH,Y,Y,Y,,
,632518,Arani,TAMIL NADU,Y,Y,Y,,
,532265,Rajam,ANDHRA PRADESH,N,N,N,,
,523272,TANGUTUR,ANDHRA PRADESH,Y,Y,Y,,
,607004,Cuddalore,TAMIL NADU,Y,Y,N,,
,530021,Visakhapatnam,ANDHRA PRADESH,Y,Y,Y,,
,518145,Jammalamadugu,ANDHRA PRADESH,Y,Y,N,,
,505468,Huzurabad,TELANGANA,Y,Y,N,,
,515803,GUNTAKAL,ANDHRA PRADESH,Y,Y,N,,
,505186,SULTANABAD,TELANGANA,Y,Y,N,,
,522655,Repalle,ANDHRA PRADESH,Y,Y,N,,
,534340,DOMMERU,ANDHRA PRADESH,Y,Y,N,,
,518508,Nandyal,ANDHRA PRADESH,Y,Y,Y,,
,600012,Chennai,TAMIL NADU,Y,Y,Y,,
,517102,Chandragiri,ANDHRA PRADESH,Y,Y,Y,,
,602031,Tiruvallur,TAMIL NADU,Y,Y,Y,,
,534327,ACHANTA,ANDHRA PRADESH,Y,Y,N,,
,609108,Cuddalore,TAMIL NADU,N,N,Y,,
,500024,Hyderabad,TELANGANA,Y,Y,Y,,
,516390,Pulivendula,ANDHRA PRADESH,Y,Y,Y,,
,606001,VIRUDHACHALAM,TAMIL NADU,Y,Y,Y,,
,602025,Tiruvallur,TAMIL NADU,Y,Y,Y,,
,600096,Chennai,TAMIL NADU,Y,Y,Y,,
,522282,Repalle,ANDHRA PRADESH,Y,Y,N,,
,503321,Banswada,TELANGANA,N,N,N,,
,523112,PAMUR,ANDHRA PRADESH,N,N,N,,
,632322,Vellore,TAMIL NADU,Y,Y,N,,
,508113,Choutuppal,TELANGANA,Y,Y,Y,,
,505528,BEJJANKI,TELANGANA,Y,Y,Y,,
,505407,JAMMIKUNTA,TELANGANA,N,N,N,,
,535463,Parvathipuram,ANDHRA PRADESH,N,N,N,,
,533006,Kakinada,ANDHRA PRADESH,N,N,N,,
,631701,KANCHIPURAM,TAMIL NADU,N,N,N,,
,605006,PONDICHERRY,TAMIL NADU,Y,Y,Y,,
,532462,PALAKONDA,ANDHRA PRADESH,Y,Y,N,,
,602004,Tiruvallur,TAMIL NADU,Y,Y,Y,,
,522279,Repalle,ANDHRA PRADESH,Y,Y,N,,
,521130,CHALLAPALLI,ANDHRA PRADESH,Y,Y,N,,
,506316,PALAKURTHY,TELANGANA,Y,Y,N,,
,522276,Repalle,ANDHRA PRADESH,Y,Y,N,,
,503001,Nizamabad,TELANGANA,Y,Y,Y,,
,604154,TINDIVANAM,TAMIL NADU,Y,Y,Y,,
,632008,Vellore,TAMIL NADU,Y,Y,Y,,
,632104,Vellore,TAMIL NADU,Y,Y,Y,,
,603316,Tiruvallur,TAMIL NADU,Y,Y,N,,
,507210,DORNAKAL,TELANGANA,N,N,N,,
,534437,Eluru,ANDHRA PRADESH,Y,Y,Y,,
,602114,Tiruvallur,TAMIL NADU,Y,Y,Y,,
,533346,Mandapeta,ANDHRA PRADESH,Y,Y,N,,
,503302,Yellareddy,TELANGANA,Y,Y,N,,
,504001,Adilabad,TELANGANA,Y,Y,Y,,
,533216,MUMMIDIVARAM,ANDHRA PRADESH,N,N,N,,
,505514,Godavari Khani,TELANGANA,Y,Y,Y,,
,505185,SULTANABAD,TELANGANA,Y,Y,N,,
,515133,PUTTAPARTHI,ANDHRA PRADESH,Y,Y,N,,
,515671,Dharmavaram,ANDHRA PRADESH,Y,Y,Y,,
,600116,Chennai,TAMIL NADU,Y,Y,Y,,
,502102,DUBBAK,TELANGANA,Y,Y,Y,,
,506142,Warangal,TELANGANA,Y,Y,Y,,
,531075,K KOTAPADU,ANDHRA PRADESH,Y,Y,N,,
,605101,PONDICHERRY,TAMIL NADU,Y,Y,Y,,
,508207,Miryalaguda,TELANGANA,Y,Y,Y,,
,515774,PAMIDI,ANDHRA PRADESH,Y,Y,N,,
,507101,Kothagudem,TELANGANA,Y,Y,Y,,
,509215,Mahabubnagar,TELANGANA,Y,Y,N,,
,508233,Kodad,TELANGANA,Y,Y,Y,,
,518412,NANDIKOTKUR,ANDHRA PRADESH,Y,Y,Y,,
,631503,KANCHIPURAM,TAMIL NADU,N,N,N,,
,518134,KOILAKUNTLA,ANDHRA PRADESH,Y,Y,N,,
,530032,Gajuwaka,ANDHRA PRADESH,Y,Y,Y,,
,500034,Hyderabad,TELANGANA,Y,Y,Y,,
,600081,Chennai,TAMIL NADU,Y,Y,Y,,
,515801,GUNTAKAL,ANDHRA PRADESH,Y,Y,N,,
,522332,Guntur,ANDHRA PRADESH,Y,Y,Y,,
,524004,Nellore,ANDHRA PRADESH,Y,Y,Y,,
,600120,Chennai,TAMIL NADU,Y,Y,Y,,
,534268,Palakol,ANDHRA PRADESH,Y,Y,Y,,
,533248,Palakol,ANDHRA PRADESH,N,N,N,,
,518594,Allagadda,ANDHRA PRADESH,Y,Y,Y,,
,515662,Dharmavaram,ANDHRA PRADESH,N,N,N,,
,535002,Vizianagaram,ANDHRA PRADESH,Y,Y,Y,,
,505452,Jagtial,TELANGANA,Y,Y,N,,
,523121,SINGARAYAKONDA,ANDHRA PRADESH,N,N,N,,
,533005,Kakinada,ANDHRA PRADESH,Y,Y,Y,,
,516486,Pulivendula,ANDHRA PRADESH,Y,Y,Y,,
,509375,ACHAMPETA,TELANGANA,Y,Y,N,,
,518463,KODUMURU,ANDHRA PRADESH,N,N,N,,
,534269,ACHANTA,ANDHRA PRADESH,Y,Y,Y,,
,530043,Visakhapatnam,ANDHRA PRADESH,Y,Y,Y,,
,518397,Yemmiganur,ANDHRA PRADESH,Y,Y,N,,
,632517,Vellore,TAMIL NADU,Y,Y,Y,,
,631402,Tiruvallur,TAMIL NADU,Y,Y,Y,,
,518405,NANDIKOTKUR,ANDHRA PRADESH,Y,Y,Y,,
,632631,Ranipet,TAMIL NADU,Y,Y,N,,
,533221,AMALAPURAM,ANDHRA PRADESH,Y,Y,N,,
,505215,Godavari Khani,TELANGANA,Y,Y,Y,,
,522437,PIDUGURALLA,ANDHRA PRADESH,Y,Y,Y,,
,503218,DOODGAON,TELANGANA,Y,Y,Y,,
,500252,Shamshabad,TELANGANA,Y,Y,N,,
,505305,RACHARLA GOLLAPALLY,TELANGANA,Y,Y,N,,
,507318,Khammam,TELANGANA,Y,Y,Y,,
,534244,PENUMANTRA,ANDHRA PRADESH,Y,Y,N,,
,523001,Ongole,ANDHRA PRADESH,Y,Y,Y,,
,523213,Medarametla,ANDHRA PRADESH,Y,Y,N,,
,632013,Vellore,TAMIL NADU,Y,Y,N,,
,500178,Hyderabad,TELANGANA,Y,Y,Y,,
,603308,UTHIRAMERUR,TAMIL NADU,Y,Y,Y,,
,605753,Vellore,TAMIL NADU,N,N,N,,
,523190,INKOLLU,ANDHRA PRADESH,Y,Y,Y,,
,600086,Chennai,TAMIL NADU,Y,Y,N,,
,518019,KURNOOL,ANDHRA PRADESH,Y,Y,N,,
,518220,Dhone,ANDHRA PRADESH,N,N,N,,
,604001,TINDIVANAM,TAMIL NADU,Y,Y,Y,,
,600036,Chennai,TAMIL NADU,Y,Y,Y,,
,533455,KATHIPUDI,ANDHRA PRADESH,N,N,N,,
,600068,Chennai,TAMIL NADU,Y,Y,Y,,
,500605,Hyderabad,TELANGANA,N,N,N,,
,503174,Nizamabad,TELANGANA,Y,Y,Y,,
,500089,Hyderabad,TELANGANA,Y,Y,Y,,
,516238,Pulivendula,ANDHRA PRADESH,Y,Y,Y,,
,522281,Repalle,ANDHRA PRADESH,Y,Y,N,,
,600115,Chennai,TAMIL NADU,Y,Y,Y,,
,533264,Mandapeta,ANDHRA PRADESH,Y,Y,N,,
,500050,Hyderabad,TELANGANA,Y,Y,Y,,
,606909,Vellore,TAMIL NADU,N,N,N,,
,509126,IEEJA,ANDHRA PRADESH,Y,Y,N,,
,631609,Tiruvallur,TAMIL NADU,Y,Y,N,,
,504299,KAGAZNAGAR,TELANGANA,N,N,N,,
,604412,Vellore,TAMIL NADU,Y,Y,N,,
,500110,Hyderabad,TELANGANA,N,N,N,,
,507103,Kothagudem,TELANGANA,N,N,N,,
,506368,THORRUR,TELANGANA,N,N,N,,
,532122,Rajam,ANDHRA PRADESH,Y,Y,Y,,
,609102,Cuddalore,TAMIL NADU,N,N,Y,,
,502110,Medak,TELANGANA,N,N,N,,
,500004,Hyderabad,TELANGANA,Y,Y,Y,,
,521105,Gannavaram,ANDHRA PRADESH,N,N,N,,
,524201,KAVALI,ANDHRA PRADESH,Y,Y,N,,
,533448,Kakinada,ANDHRA PRADESH,N,N,N,,
,501512,POCHAMPALLY,TELANGANA,N,N,N,,
,600079,Chennai,TAMIL NADU,Y,Y,Y,,
,521180,Kanchikacherla,ANDHRA PRADESH,N,N,N,,
,500102,Hyderabad,TELANGANA,Y,Y,N,,
,609312,KARAIKAL,TAMIL NADU,Y,Y,N,,
,522274,Repalle,ANDHRA PRADESH,Y,Y,N,,
,521401,GAMPALAGUDEM,ANDHRA PRADESH,N,N,N,,
,515415,Tadipatri,ANDHRA PRADESH,Y,Y,Y,,
,632206,Vellore,TAMIL NADU,Y,Y,N,,
,518196,KOILAKUNTLA,ANDHRA PRADESH,Y,Y,N,,
,533105,Rajahmundry,ANDHRA PRADESH,Y,Y,Y,,
,632052,Vellore,TAMIL NADU,N,N,N,,
,516362,CHAPADU,ANDHRA PRADESH,Y,Y,N,,
,533214,AMALAPURAM,ANDHRA PRADESH,Y,Y,Y,,
,504231,Mancherial,TELANGANA,Y,Y,Y,,
,509217,SHABAD TG,TELANGANA,Y,Y,Y,,
,523186,Ongole,ANDHRA PRADESH,N,N,N,,
,523003,Kakinada,ANDHRA PRADESH,Y,Y,N,,
,605110,VILLUPURAM,TAMIL NADU,N,N,N,,
,506003,Warangal,TELANGANA,Y,Y,N,,
,534101,Tadepalligudem,ANDHRA PRADESH,Y,Y,Y,,
,521286,Gannavaram,ANDHRA PRADESH,Y,Y,Y,,
,504307,ICHODA,TELANGANA,Y,Y,N,,
,507115,Kothagudem,TELANGANA,Y,Y,Y,,
,507170,Khammam,TELANGANA,N,N,N,,
,503110,Kamareddy,TELANGANA,Y,Y,Y,,
,522260,Repalle,ANDHRA PRADESH,Y,Y,N,,
,532580,GAJAPATHINAGARAM,ANDHRA PRADESH,Y,Y,N,,
,523224,Ongole,ANDHRA PRADESH,N,N,N,,
,506145,Ghanpur,TELANGANA,N,N,N,,
,606914,Cuddalore,TAMIL NADU,Y,Y,N,,
,603317,Tiruvallur,TAMIL NADU,Y,Y,N,,
,506101,Mahabubabad,TELANGANA,Y,Y,Y,,
,500070,Hyderabad,TELANGANA,Y,Y,Y,,
,522303,Guntur,ANDHRA PRADESH,Y,Y,Y,,
,517100,Tirupati,ANDHRA PRADESH,Y,Y,N,,
,523108,PAMUR,ANDHRA PRADESH,Y,Y,N,,
,635808,AMBUR,TAMIL NADU,Y,Y,Y,,
,504106,NIRMAL,TELANGANA,N,N,N,,
,632202,Vellore,TAMIL NADU,Y,Y,Y,,
,524240,BUCHIREDDYPALEM,ANDHRA PRADESH,Y,Y,N,,
,506163,THORRUR,TELANGANA,Y,Y,N,,
,521340,KAIKALUR,ANDHRA PRADESH,N,N,N,,
,530023,Visakhapatnam,ANDHRA PRADESH,Y,Y,Y,,
,534302,NIDADAVOLE,ANDHRA PRADESH,Y,Y,Y,,
,500762,Hyderabad,TELANGANA,Y,Y,Y,,
,530037,Visakhapatnam,ANDHRA PRADESH,N,N,N,,
,515426,NARPALA,ANDHRA PRADESH,N,N,N,,
,506352,MULUGU,TELANGANA,N,N,N,,
,608501,Chidambaram,TAMIL NADU,Y,Y,Y,,
,500092,Hyderabad,TELANGANA,Y,Y,Y,,
,500074,Hyderabad,TELANGANA,Y,Y,Y,,
,516438,Jammalamadugu,ANDHRA PRADESH,Y,Y,N,,
,600050,Chennai,TAMIL NADU,N,N,Y,,
,517501,Tirupati,ANDHRA PRADESH,Y,Y,Y,,
,632314,Arani,TAMIL NADU,Y,Y,Y,,
,600013,Chennai,TAMIL NADU,Y,Y,Y,,
,518502,Nandyal,ANDHRA PRADESH,Y,Y,Y,,
,521002,Machilipatnam,ANDHRA PRADESH,Y,Y,Y,,
,500025,Hyderabad,TELANGANA,Y,Y,Y,,
,600099,Chennai,TAMIL NADU,Y,Y,Y,,
,504116,NIRMAL,TELANGANA,N,N,N,,
,515571,KADIRI,ANDHRA PRADESH,Y,Y,Y,,
,531033,Anakapalle,ANDHRA PRADESH,Y,Y,N,,
,517351,MULAKALACHERUVU,ANDHRA PRADESH,Y,Y,N,,
,506006,Warangal,TELANGANA,Y,Y,Y,,
,516311,KAMALAPURAM,ANDHRA PRADESH,Y,Y,N,,
,602023,Tiruvallur,TAMIL NADU,Y,Y,Y,,
,534126,ACHANTA,ANDHRA PRADESH,Y,Y,Y,,
,533007,Kakinada,ANDHRA PRADESH,Y,Y,Y,,
,509208,MAKTHAL,TELANGANA,Y,Y,Y,,
,531219,KOTHAVALASA,ANDHRA PRADESH,Y,Y,N,,
,508377,Nalgonda,TELANGANA,Y,Y,Y,,
,516421,Pulivendula,ANDHRA PRADESH,Y,Y,Y,,
,533341,Mandapeta,ANDHRA PRADESH,Y,Y,Y,,
,605011,PONDICHERRY,TAMIL NADU,Y,Y,Y,,
,501401,Medchal,TELANGANA,N,N,N,,
,521246,Vuyyur,ANDHRA PRADESH,Y,Y,N,,
,504304,BOATH,TELANGANA,N,N,N,,
,522013,Guntur,ANDHRA PRADESH,Y,Y,Y,,
,524421,NAIDUPETA,ANDHRA PRADESH,N,N,N,,
,516437,CHAPADU,ANDHRA PRADESH,Y,Y,N,,
,533622,RAMPACHODAVARAM,ANDHRA PRADESH,N,N,N,,
,521134,Vijayawada,ANDHRA PRADESH,Y,Y,Y,,
,518216,Dhone,ANDHRA PRADESH,Y,Y,Y,,
,500003,Hyderabad,TELANGANA,Y,Y,Y,,
,533434,Samalkot,ANDHRA PRADESH,Y,Y,Y,,
,504103,BHAINSA,TELANGANA,N,N,N,,
,504323,BOATH,TELANGANA,N,N,N,,
,533218,AMALAPURAM,ANDHRA PRADESH,Y,Y,N,,
,532208,TEKKALI,ANDHRA PRADESH,N,N,N,,
,505503,KATARAM,TELANGANA,N,N,N,,
,505466,Siddipet,TELANGANA,N,N,N,,
,530001,Visakhapatnam,ANDHRA PRADESH,Y,Y,Y,,
,518466,KODUMURU,ANDHRA PRADESH,Y,Y,N,,
,605001,PONDICHERRY,TAMIL NADU,Y,Y,Y,,
,507169,Khammam,TELANGANA,N,N,N,,
,534186,Bhimavaram,ANDHRA PRADESH,Y,Y,Y,,
,518004,KURNOOL,ANDHRA PRADESH,Y,Y,Y,,
,631304,Ranipet,TAMIL NADU,Y,Y,Y,,
,524142,KAVALI,ANDHRA PRADESH,N,N,N,,
,521129,AVANIGADDA,ANDHRA PRADESH,N,N,N,,
,507001,Khammam,TELANGANA,Y,Y,Y,,
,533461,Yanam,ANDHRA PRADESH,Y,Y,Y,,
,535250,S Kota,ANDHRA PRADESH,Y,Y,Y,,
,521265,Gannavaram,ANDHRA PRADESH,Y,Y,Y,,
,517129,KANIPAKAM,ANDHRA PRADESH,Y,Y,N,,
,522006,Guntur,ANDHRA PRADESH,Y,Y,Y,,
,500361,Hyderabad,TELANGANA,Y,Y,Y,,
,522293,Repalle,ANDHRA PRADESH,Y,Y,N,,
,522294,Guntur,ANDHRA PRADESH,Y,Y,Y,,
,522297,Guntur,ANDHRA PRADESH,Y,Y,Y,,
,631301,Ranipet,TAMIL NADU,Y,Y,Y,,
,518473,KODUMURU,ANDHRA PRADESH,Y,Y,N,,
,523367,Komarolu,ANDHRA PRADESH,N,N,N,,
,533254,Palakol,ANDHRA PRADESH,N,N,N,,
,600043,Chennai,TAMIL NADU,Y,Y,Y,,
,600065,Chennai,TAMIL NADU,Y,Y,Y,,
,600002,Chennai,TAMIL NADU,Y,Y,Y,,
,600006,Chennai,TAMIL NADU,Y,Y,Y,,
,606715,Vellore,TAMIL NADU,N,N,N,,
,601302,Tiruvallur,TAMIL NADU,N,N,Y,,
,533008,Kakinada,ANDHRA PRADESH,Y,Y,N,,
,600030,Chennai,TAMIL NADU,Y,Y,N,,
,522016,AMARAVATHI,ANDHRA PRADESH,N,N,N,,
,600107,Chennai,TAMIL NADU,N,N,Y,,
,603314,UTHIRAMERUR,TAMIL NADU,N,N,N,,
,522614,PIDUGURALLA,ANDHRA PRADESH,Y,Y,Y,,
,632058,Vellore,TAMIL NADU,Y,Y,Y,,
,524322,Atmakur,ANDHRA PRADESH,Y,Y,Y,,
,530014,Visakhapatnam,ANDHRA PRADESH,Y,Y,Y,,
,521163,Vuyyur,ANDHRA PRADESH,Y,Y,N,,
,600131,Chennai,TAMIL NADU,Y,Y,Y,,
,505184,Godavari Khani,TELANGANA,N,N,N,,
,605401,VILLUPURAM,TAMIL NADU,Y,Y,Y,,
,518669,Nandyal,ANDHRA PRADESH,Y,Y,N,,
,533297,RAJANAGARAM,ANDHRA PRADESH,Y,Y,N,,
,517372,MULAKALACHERUVU,ANDHRA PRADESH,Y,Y,N,,
,500065,Hyderabad,TELANGANA,Y,Y,Y,,
,515422,Tadipatri,ANDHRA PRADESH,Y,Y,Y,,
,524304,Atmakur,ANDHRA PRADESH,Y,Y,Y,,
,603114,Tiruvallur,TAMIL NADU,Y,Y,N,,
,508206,Kodad,TELANGANA,Y,Y,Y,,
,517563,Tirupati,ANDHRA PRADESH,Y,Y,N,,
,509216,SHADNAGAR,TELANGANA,Y,Y,Y,,
,600074,Chennai,TAMIL NADU,Y,Y,Y,,
,516330,VEMPALLI,ANDHRA PRADESH,Y,Y,N,,
,517370,MULAKALACHERUVU,ANDHRA PRADESH,Y,Y,N,,
,609113,Cuddalore,TAMIL NADU,N,N,Y,,
,600011,Chennai,TAMIL NADU,Y,Y,Y,,
,533217,AMALAPURAM,ANDHRA PRADESH,Y,Y,N,,
,524121,Tada,ANDHRA PRADESH,Y,Y,Y,,
,603048,Chennai,TAMIL NADU,Y,Y,N,,
,509338,KODANGAL,TELANGANA,N,N,N,,
,530011,Visakhapatnam,ANDHRA PRADESH,Y,Y,Y,,
,516004,Cuddapah,ANDHRA PRADESH,Y,Y,Y,,
,504109,GAJULA NARSAPUR,TELANGANA,N,N,N,,
,523214,INKOLLU,ANDHRA PRADESH,Y,Y,N,,
,632107,Vellore,TAMIL NADU,Y,Y,Y,,
,515502,MUDDIGUBA,ANDHRA PRADESH,Y,Y,N,,
,516172,CHAPADU,ANDHRA PRADESH,Y,Y,Y,,
,531162,BHEEMUNIPATNAM,ANDHRA PRADESH,Y,Y,N,,
,582109,Dharwad,KARNATAKA,N,N,N,,
,515455,Gooty,ANDHRA PRADESH,Y,Y,N,,
,522266,Guntur,ANDHRA PRADESH,Y,Y,Y,,
,507003,Khammam,TELANGANA,Y,Y,Y,,
,500253,Hyderabad,TELANGANA,Y,Y,Y,,
,523264,CHIMAKURTHY,ANDHRA PRADESH,N,N,N,,
,518598,BETHAMCHERLA,ANDHRA PRADESH,Y,Y,N,,
,631006,ARAKKONAM,TAMIL NADU,Y,Y,Y,,
,516175,DUVVUR,ANDHRA PRADESH,Y,Y,N,,
,505304,RACHARLA GOLLAPALLY,TELANGANA,Y,Y,N,,
,505208,Godavari Khani,TELANGANA,Y,Y,Y,,
,608602,Chidambaram,TAMIL NADU,Y,Y,Y,,
,517504,Tirupati,ANDHRA PRADESH,N,N,Y,,
,602002,Tiruvallur,TAMIL NADU,Y,Y,Y,,
,605809,Vellore,TAMIL NADU,N,N,N,,
,522311,Ponnur,ANDHRA PRADESH,N,N,N,,
,521333,KAIKALUR,ANDHRA PRADESH,N,N,N,,
,504110,NIRMAL,TELANGANA,N,N,N,,
,600100,Chennai,TAMIL NADU,Y,Y,Y,,
,787878,Hyderabad,TELANGANA,Y,Y,Y,,
,516108,Railway Kodur,ANDHRA PRADESH,Y,Y,N,,
,604101,TINDIVANAM,TAMIL NADU,Y,Y,Y,,
,606221,Vellore,TAMIL NADU,Y,Y,N,,
,508244,Nalgonda,TELANGANA,Y,Y,N,,
,534007,Eluru,ANDHRA PRADESH,Y,Y,Y,,
,600057,Chennai,TAMIL NADU,N,N,Y,,
,602021,Tiruvallur,TAMIL NADU,Y,Y,Y,,
,505001,Karimnagar,TELANGANA,Y,Y,Y,,
,533212,MUMMIDIVARAM,ANDHRA PRADESH,N,N,N,,
,603127,Chengalpet,TAMIL NADU,Y,Y,Y,,
,509155,ALAMPUR,TELANGANA,Y,Y,N,,
,632109,Vellore,TAMIL NADU,N,N,N,,
,631151,ARAKKONAM,TAMIL NADU,Y,Y,Y,,
,631404,Vellore,TAMIL NADU,Y,Y,N,,
,607003,Cuddalore,TAMIL NADU,Y,Y,N,,
,533234,Mandapeta,ANDHRA PRADESH,Y,Y,Y,,
,600097,Chennai,TAMIL NADU,Y,Y,N,,
,522261,Tenali,ANDHRA PRADESH,Y,Y,N,,
,523356,Komarolu,ANDHRA PRADESH,Y,Y,N,,
,600051,Chennai,TAMIL NADU,Y,Y,Y,,
,605111,PONDICHERRY,TAMIL NADU,Y,Y,Y,,
,522202,Tenali,ANDHRA PRADESH,Y,Y,Y,,
,603315,Tiruvallur,TAMIL NADU,Y,Y,N,,
,632002,Vellore,TAMIL NADU,Y,Y,Y,,
,605203,VILLUPURAM,TAMIL NADU,Y,Y,Y,,
,515631,Dharmavaram,ANDHRA PRADESH,N,N,N,,
,518402,NANDIKOTKUR,ANDHRA PRADESH,Y,Y,Y,,
,500103,Hyderabad,TELANGANA,Y,Y,Y,,
,518157,Allagadda,ANDHRA PRADESH,Y,Y,Y,,
,520006,Vijayawada,ANDHRA PRADESH,Y,Y,Y,,
,502307,ISNAPUR,TELANGANA,Y,Y,Y,,
,506170,Bhupalapalli,TELANGANA,Y,Y,N,,
,507211,Mahabubabad,TELANGANA,Y,Y,Y,,
,632324,Vellore,TAMIL NADU,Y,Y,N,,
,600105,Chennai,TAMIL NADU,N,N,Y,,
,520015,Vijayawada,ANDHRA PRADESH,Y,Y,Y,,
,500057,Hyderabad,TELANGANA,Y,Y,Y,,
,508217,Miryalaguda,TELANGANA,N,N,N,,
,600053,Chennai,TAMIL NADU,N,N,Y,,
,505212,Godavari Khani,TELANGANA,Y,Y,Y,,
,518138,KOILAKUNTLA,ANDHRA PRADESH,Y,Y,N,,
,603101,Chengalpet,TAMIL NADU,N,N,N,,
,532445,PALAKONDA,ANDHRA PRADESH,Y,Y,Y,,
,500409,KATTEDAN,TELANGANA,Y,Y,Y,,
,600128,Chennai,TAMIL NADU,N,N,Y,,
,600109,Chennai,TAMIL NADU,N,N,Y,,
,533344,Samalkot,ANDHRA PRADESH,Y,Y,Y,,
,500072,Hyderabad,TELANGANA,Y,Y,Y,,
,605103,VILLUPURAM,TAMIL NADU,Y,Y,Y,,
,535273,GAJAPATHINAGARAM,ANDHRA PRADESH,Y,Y,N,,
,507123,YELLANDU,TELANGANA,Y,Y,Y,,
,518462,KODUMURU,ANDHRA PRADESH,Y,Y,N,,
,509103,Wanaparthy,TELANGANA,Y,Y,Y,,
,518313,KURNOOL,ANDHRA PRADESH,N,N,N,,
,506011,Warangal,TELANGANA,Y,Y,N,,
,522278,Repalle,ANDHRA PRADESH,Y,Y,N,,
,515457,Gooty,ANDHRA PRADESH,Y,Y,N,,
,504325,BOATH,TELANGANA,N,N,N,,
,533251,Palakol,ANDHRA PRADESH,Y,Y,Y,,
,504301,Mancherial,TELANGANA,Y,Y,Y,,
,523201,ADDANKI,ANDHRA PRADESH,Y,Y,N,,
,503003,Nizamabad,TELANGANA,Y,Y,Y,,
,533288,RAMPACHODAVARAM,ANDHRA PRADESH,Y,Y,Y,,
,523125,SINGARAYAKONDA,ANDHRA PRADESH,N,N,N,,
,534134,ATTILI,ANDHRA PRADESH,Y,Y,N,,
,534430,Bhimadole,ANDHRA PRADESH,Y,Y,N,,
,522034,Guntur,ANDHRA PRADESH,Y,Y,Y,,
,600085,Chennai,TAMIL NADU,Y,Y,N,,
,507124,YELLANDU,TELANGANA,Y,Y,Y,,
,521434,Nandigama,ANDHRA PRADESH,Y,Y,N,,
,509152,ALAMPUR,TELANGANA,Y,Y,Y,,
,530042,Visakhapatnam,ANDHRA PRADESH,Y,Y,Y,,
,531002,Anakapalle,ANDHRA PRADESH,Y,Y,Y,,
,534201,Bhimavaram,ANDHRA PRADESH,Y,Y,Y,,
,523373,Komarolu,ANDHRA PRADESH,Y,Y,N,,
,509136,IEEJA,ANDHRA PRADESH,Y,Y,N,,
,507304,MADHIRA,TELANGANA,N,N,N,,
,533261,Mandapeta,ANDHRA PRADESH,Y,Y,N,,
,518023,KURNOOL,ANDHRA PRADESH,Y,Y,N,,
,531001,Anakapalle,ANDHRA PRADESH,Y,Y,Y,,
,523104,SINGARAYAKONDA,ANDHRA PRADESH,N,N,N,,
,504251,BELLAMPALLI,TELANGANA,N,N,N,,
,534353,DOMMERU,ANDHRA PRADESH,Y,Y,N,,
,523211,Medarametla,ANDHRA PRADESH,Y,Y,Y,,
,515566,PUTTAPARTHI,ANDHRA PRADESH,Y,Y,N,,
,509151,ALAMPUR,TELANGANA,Y,Y,N,,
,638502,Anthiyur,TAMIL NADU,N,N,N,,
,530034,Visakhapatnam,ANDHRA PRADESH,Y,Y,Y,,
,535003,Vizianagaram,ANDHRA PRADESH,Y,Y,Y,,
,534346,NIDADAVOLE,ANDHRA PRADESH,N,N,N,,
,523247,DARSI,ANDHRA PRADESH,Y,Y,N,,
,515524,KADIRI,ANDHRA PRADESH,N,N,N,,
,522002,Guntur,ANDHRA PRADESH,Y,Y,Y,,
,501218,KATTEDAN,TELANGANA,Y,Y,Y,,
,532124,Rajam,ANDHRA PRADESH,N,N,N,,
,531081,ADDUROAD,ANDHRA PRADESH,Y,Y,N,,
,632004,Vellore,TAMIL NADU,Y,Y,Y,,
,500005,Hyderabad,TELANGANA,Y,Y,Y,,
,505469,Karimnagar,TELANGANA,Y,Y,Y,,
,533210,AMALAPURAM,ANDHRA PRADESH,Y,Y,N,,
,516233,CHAPADU,ANDHRA PRADESH,Y,Y,N,,
,534127,ACHANTA,ANDHRA PRADESH,Y,Y,N,,
,534146,Tadepalligudem,ANDHRA PRADESH,Y,Y,N,,
,505473,BEJJANKI,TELANGANA,Y,Y,Y,,
,508004,Nalgonda,TELANGANA,Y,Y,Y,,
,523279,TANGUTUR,ANDHRA PRADESH,Y,Y,Y,,
,516259,VEMPALLI,ANDHRA PRADESH,Y,Y,N,,
,505172,Peddapalli,TELANGANA,Y,Y,Y,,
,521190,Jaggaiahpeta,ANDHRA PRADESH,Y,Y,Y,,
,622304,Trichy,TAMIL NADU,N,N,N,,
,500087,Hyderabad,TELANGANA,Y,Y,Y,,
,534005,DENDULURU,ANDHRA PRADESH,Y,Y,N,,
,532292,ICHAPURAM,ANDHRA PRADESH,N,N,N,,
,609705,KARAIKAL,TAMIL NADU,Y,Y,N,,
,531027,WADDADI,ANDHRA PRADESH,N,N,N,,
,531026,WADDADI,ANDHRA PRADESH,N,N,N,,
,505445,GANGADHARA,TELANGANA,Y,Y,N,,
,600098,Chennai,TAMIL NADU,N,N,Y,,
,509130,AMARCHINTHA,TELANGANA,N,N,N,,
,608001,Chidambaram,TAMIL NADU,Y,Y,Y,,
,517113,ROMPICHARLA,ANDHRA PRADESH,Y,Y,N,,
,506007,Warangal,TELANGANA,Y,Y,N,,
,500022,Hyderabad,TELANGANA,Y,Y,Y,,
,534431,Bhimadole,ANDHRA PRADESH,Y,Y,N,,
,608601,Chidambaram,TAMIL NADU,Y,Y,Y,,
,509301,Jadcherla,TELANGANA,Y,Y,Y,,
,600007,Chennai,TAMIL NADU,Y,Y,Y,,
,522413,PIDUGURALLA,ANDHRA PRADESH,Y,Y,Y,,
,632503,Ranipet,TAMIL NADU,Y,Y,Y,,
,524131,Nellore,ANDHRA PRADESH,N,N,N,,
,632006,Vellore,TAMIL NADU,Y,Y,Y,,
,521256,Vuyyur,ANDHRA PRADESH,Y,Y,N,,
,503245,NAVIPET,TELANGANA,N,N,N,,
,500010,Hyderabad,TELANGANA,Y,Y,Y,,
,506252,PALAKURTHY,TELANGANA,Y,Y,N,,
,600084,Chennai,TAMIL NADU,Y,Y,Y,,
,533222,MUMMIDIVARAM,ANDHRA PRADESH,N,N,N,,
,522511,Mangalagiri,ANDHRA PRADESH,Y,Y,N,,
,518390,PATTIKONDA,ANDHRA PRADESH,Y,Y,N,,
,507111,Bhadrachalam,TELANGANA,Y,Y,N,,
,533016,Kakinada,ANDHRA PRADESH,N,N,N,,
,531172,BHEEMUNIPATNAM,ANDHRA PRADESH,Y,Y,N,,
,502375,CHERIYAL,TELANGANA,Y,Y,Y,,
,521250,Vuyyur,ANDHRA PRADESH,Y,Y,N,,
,505331,METPALLY,TELANGANA,Y,Y,N,,
,534245,PENUMANTRA,ANDHRA PRADESH,Y,Y,N,,
,517503,Tirupati,ANDHRA PRADESH,Y,Y,Y,,
,600061,Chennai,TAMIL NADU,Y,Y,Y,,
,522509,Guntur,ANDHRA PRADESH,Y,Y,Y,,
,607807,Cuddalore,TAMIL NADU,Y,Y,Y,,
,503207,Bodhan,TELANGANA,N,N,N,,
,533514,MUMMIDIVARAM,ANDHRA PRADESH,N,N,N,,
,534432,DENDULURU,ANDHRA PRADESH,Y,Y,N,,
,535260,GAJAPATHINAGARAM,ANDHRA PRADESH,Y,Y,N,,
,631603,KANCHIPURAM,TAMIL NADU,Y,Y,Y,,
,500049,Hyderabad,TELANGANA,Y,Y,Y,,
,522257,Repalle,ANDHRA PRADESH,Y,Y,N,,
,533306,Draksharamam,ANDHRA PRADESH,N,N,N,,
,505535,Peddapalli,TELANGANA,Y,Y,N,,
,606711,Vellore,TAMIL NADU,N,N,N,,
,504207,Mancherial,TELANGANA,Y,Y,Y,,
,534000,Eluru,ANDHRA PRADESH,Y,Y,Y,,
,518308,Adoni,ANDHRA PRADESH,Y,Y,N,,
,520002,Vijayawada,ANDHRA PRADESH,Y,Y,Y,,
,631005,ARAKKONAM,TAMIL NADU,Y,Y,N,,
,522020,AMARAVATHI,ANDHRA PRADESH,N,N,N,,
,530002,Visakhapatnam,ANDHRA PRADESH,Y,Y,Y,,
,500029,Hyderabad,TELANGANA,Y,Y,Y,,
,632318,Arani,TAMIL NADU,Y,Y,Y,,
,503222,DOODGAON,TELANGANA,Y,Y,N,,
,500009,Hyderabad,TELANGANA,Y,Y,Y,,
,632103,Vellore,TAMIL NADU,Y,Y,Y,,
,503145,Kamareddy,TELANGANA,Y,Y,Y,,
,507122,YELLANDU,TELANGANA,Y,Y,Y,,
,500054,Hyderabad,TELANGANA,Y,Y,Y,,
,515551,KADIRI,ANDHRA PRADESH,Y,Y,Y,,
,518535,Atmakur,ANDHRA PRADESH,Y,Y,Y,,
,534003,Eluru,ANDHRA PRADESH,Y,Y,Y,,
,504102,BHAINSA,TELANGANA,N,N,N,,
,522307,Guntur,ANDHRA PRADESH,Y,Y,Y,,
,534006,Eluru,ANDHRA PRADESH,Y,Y,Y,,
,518102,Ongole,ANDHRA PRADESH,Y,Y,N,,
,503125,Kamareddy,TELANGANA,N,N,N,,
,600055,Chennai,TAMIL NADU,Y,Y,Y,,
,632110,Vellore,TAMIL NADU,N,N,N,,
,502284,Patancheru,TELANGANA,Y,Y,N,,
,522124,Ponnur,ANDHRA PRADESH,Y,Y,N,,
,516484,Pulivendula,ANDHRA PRADESH,Y,Y,Y,,
,600070,Chennai,TAMIL NADU,Y,Y,Y,,
,524345,PODALAKUR,ANDHRA PRADESH,Y,Y,N,,
,535240,KOTHAVALASA,ANDHRA PRADESH,Y,Y,N,,
,500659,Hyderabad,TELANGANA,Y,Y,Y,,
,535005,Vizianagaram,ANDHRA PRADESH,Y,Y,Y,,
,516293,Cuddapah,ANDHRA PRADESH,Y,Y,Y,,
,518165,KOILAKUNTLA,ANDHRA PRADESH,Y,Y,N,,
,516155,Rajampeta,ANDHRA PRADESH,Y,Y,Y,,
,515408,Gooty,ANDHRA PRADESH,N,N,N,,
,606714,Vellore,TAMIL NADU,N,N,N,,
,521122,AVANIGADDA,ANDHRA PRADESH,Y,Y,N,,
,505526,Mancherial,TELANGANA,Y,Y,Y,,
,603306,MADURANTAKAM,TAMIL NADU,N,N,N,,
,506002,Warangal,TELANGANA,Y,Y,Y,,
,507119,Kothagudem,TELANGANA,Y,Y,Y,,
,523262,Ongole,ANDHRA PRADESH,Y,Y,N,,
,600132,Chennai,TAMIL NADU,Y,Y,N,,
,517424,Tirupati,ANDHRA PRADESH,Y,Y,N,,
,530015,Visakhapatnam,ANDHRA PRADESH,Y,Y,Y,,
,500077,Shamshabad,TELANGANA,Y,Y,Y,,
,515842,GUNTAKAL,ANDHRA PRADESH,N,N,N,,
,507158,Khammam,TELANGANA,Y,Y,Y,,
,533236,Mandapeta,ANDHRA PRADESH,Y,Y,Y,,
,522304,Guntur,ANDHRA PRADESH,Y,Y,Y,,
,600052,Chennai,TAMIL NADU,Y,Y,Y,,
,635809,AMBUR,TAMIL NADU,N,N,Y,,
,517002,Chittoor,ANDHRA PRADESH,Y,Y,Y,,
,534350,DOMMERU,ANDHRA PRADESH,Y,Y,N,,
,533577,MUMMIDIVARAM,ANDHRA PRADESH,N,N,N,,
,603319,MADURANTAKAM,TAMIL NADU,N,N,N,,
,533468,Draksharamam,ANDHRA PRADESH,Y,Y,N,,
,600102,Chennai,TAMIL NADU,N,N,Y,,
,524126,NAIDUPETA,ANDHRA PRADESH,N,N,N,,
,503230,Nizamabad,TELANGANA,Y,Y,Y,,
,631105,Tiruvallur,TAMIL NADU,N,N,N,,
,505188,Godavari Khani,TELANGANA,Y,Y,Y,,
,632513,Ranipet,TAMIL NADU,Y,Y,Y,,
,534108,Tadepalligudem,ANDHRA PRADESH,Y,Y,N,,
,523182,Ongole,ANDHRA PRADESH,Y,Y,N,,
,535215,Vizianagaram,ANDHRA PRADESH,Y,Y,Y,,
,524343,PODALAKUR,ANDHRA PRADESH,Y,Y,Y,,
,532314,KAVITI AP,ANDHRA PRADESH,Y,Y,N,,
,507165,Khammam,TELANGANA,Y,Y,Y,,
,605008,PONDICHERRY,TAMIL NADU,Y,Y,Y,,
,521429,Gudivada,ANDHRA PRADESH,Y,Y,N,,
,504204,CHENNUR,TELANGANA,N,N,N,,
,516134,Rajampeta,ANDHRA PRADESH,Y,Y,Y,,
,609607,KARAIKAL,TAMIL NADU,Y,Y,Y,,
,607303,Cuddalore,TAMIL NADU,N,N,N,,
,521102,Vijayawada,ANDHRA PRADESH,Y,Y,Y,,
,506345,MULUGU,TELANGANA,N,N,N,,
,631060,Vellore,TAMIL NADU,Y,Y,N,,
,516105,Railway Kodur,ANDHRA PRADESH,Y,Y,N,,
,516267,GALIVEEDU,ANDHRA PRADESH,N,N,N,,
,534314,DONDAPUDI,ANDHRA PRADESH,N,N,N,,
,522298,Guntur,ANDHRA PRADESH,Y,Y,Y,,
,631208,Ranipet,TAMIL NADU,N,N,N,,
,606809,Vellore,TAMIL NADU,N,N,N,,
,502294,Patancheru,TELANGANA,Y,Y,Y,,
,631002,ARAKKONAM,TAMIL NADU,Y,Y,Y,,
,523187,VETAPALEM,ANDHRA PRADESH,Y,Y,N,,
,632602,AMBUR,TAMIL NADU,N,N,Y,,
,506008,Warangal,TELANGANA,Y,Y,Y,,
,501141,Tandur,TELANGANA,Y,Y,Y,,
,504313,Utnoor,TELANGANA,Y,Y,N,,
,605301,VILLUPURAM,TAMIL NADU,Y,Y,Y,,
,600009,Chennai,TAMIL NADU,Y,Y,Y,,
,524404,VENKATAGIRI,ANDHRA PRADESH,Y,Y,Y,,
,635124,BANGALORE,KARNATAKA,Y,Y,N,,
,533227,MUMMIDIVARAM,ANDHRA PRADESH,N,N,N,,
,518432,NANDIKOTKUR,ANDHRA PRADESH,Y,Y,Y,,
,504101,BASAR,TELANGANA,Y,Y,N,,
,509001,Mahabubnagar,TELANGANA,Y,Y,Y,,
,500063,Hyderabad,TELANGANA,Y,Y,Y,,
,523286,Ongole,ANDHRA PRADESH,Y,Y,N,,
,532128,Rajam,ANDHRA PRADESH,N,N,N,,
,508247,Nalgonda,TELANGANA,N,N,N,,
,609604,KARAIKAL,TAMIL NADU,Y,Y,Y,,
,533244,Palakol,ANDHRA PRADESH,N,N,N,,
,502313,NARSAPUR,TELANGANA,N,N,N,,
,516106,Railway Kodur,ANDHRA PRADESH,Y,Y,N,,
,522208,Tenali,ANDHRA PRADESH,Y,Y,N,,
,534237,AKIVIDU,ANDHRA PRADESH,Y,Y,N,,
,501101,Vikarabad,TELANGANA,Y,Y,Y,,
,530009,Visakhapatnam,ANDHRA PRADESH,Y,Y,Y,,
,534102,Tadepalligudem,ANDHRA PRADESH,Y,Y,Y,,
,635804,AMBUR,TAMIL NADU,Y,Y,Y,,
,503180,Bodhan,TELANGANA,N,N,N,,
,607108,Cuddalore,TAMIL NADU,N,N,N,,
,531055,YELLAMANCHILLI,ANDHRA PRADESH,Y,Y,N,,
,532214,PATHAPATNAM,Odisha,N,N,N,,
,534345,DOMMERU,ANDHRA PRADESH,Y,Y,N,,
,631202,Ranipet,TAMIL NADU,N,N,N,,
,503226,Armoor,TELANGANA,Y,Y,N,,
,533309,Mandapeta,ANDHRA PRADESH,Y,Y,N,,
,533232,Mandapeta,ANDHRA PRADESH,Y,Y,N,,
,600095,Chennai,TAMIL NADU,N,N,Y,,
,611002,KARAIKAL,TAMIL NADU,Y,Y,Y,,
,609601,KARAIKAL,TAMIL NADU,Y,Y,Y,,
,600088,Chennai,TAMIL NADU,Y,Y,N,,
,504202,NIRMAL,TELANGANA,Y,Y,N,,
,502316,NARSAPUR,TELANGANA,N,N,N,,
,515411,Tadipatri,ANDHRA PRADESH,Y,Y,Y,,
,605014,PONDICHERRY,TAMIL NADU,Y,Y,Y,,
,607106,Cuddalore,TAMIL NADU,N,N,N,,
,516454,Tadipatri,ANDHRA PRADESH,N,N,N,,
,608302,Cuddalore,TAMIL NADU,N,N,N,,
,523273,Kandukur,ANDHRA PRADESH,N,N,N,,
,533291,RAJANAGARAM,ANDHRA PRADESH,Y,Y,N,,
,532313,KAVITI AP,ANDHRA PRADESH,Y,Y,N,,
,534281,Palakol,ANDHRA PRADESH,Y,Y,Y,,
,532558,Vizianagaram,ANDHRA PRADESH,N,N,N,,
,534229,NIDADAVOLE,ANDHRA PRADESH,Y,Y,N,,
,508248,MALLEPALLY,TELANGANA,Y,Y,N,,
,533235,Mandapeta,ANDHRA PRADESH,Y,Y,Y,,
,518474,KODUMURU,ANDHRA PRADESH,Y,Y,N,,
,500028,Hyderabad,TELANGANA,Y,Y,Y,,
,523183,Medarametla,ANDHRA PRADESH,Y,Y,Y,,
,535216,BOGAPPURAM,ANDHRA PRADESH,Y,Y,N,,
,632519,Ranipet,TAMIL NADU,Y,Y,Y,,
,521372,Gannavaram,ANDHRA PRADESH,Y,Y,Y,,
,632524,Vellore,TAMIL NADU,Y,Y,N,,
,600048,Chennai,TAMIL NADU,Y,Y,Y,,
,632313,Arani,TAMIL NADU,Y,Y,Y,,
,522631,Martur,ANDHRA PRADESH,N,N,N,,
,600064,Chennai,TAMIL NADU,Y,Y,N,,
,521131,CHALLAPALLI,ANDHRA PRADESH,Y,Y,N,,
,631102,Ranipet,TAMIL NADU,Y,Y,Y,,
,607006,Cuddalore,TAMIL NADU,Y,Y,N,,
,520050,AVANIGADDA,ANDHRA PRADESH,Y,Y,N,,
,500090,Hyderabad,TELANGANA,Y,Y,Y,,
,603111,Chengalpet,TAMIL NADU,Y,Y,Y,,
,515872,Rampura,KARNATAKA,N,N,N,,
,604407,KANCHIPURAM,TAMIL NADU,Y,Y,Y,,
,530036,Visakhapatnam,ANDHRA PRADESH,Y,Y,Y,,
,533201,AMALAPURAM,ANDHRA PRADESH,Y,Y,Y,,
,521113,KANKIPADU,ANDHRA PRADESH,Y,Y,N,,
,516290,KAMALAPURAM,ANDHRA PRADESH,Y,Y,Y,,
,531118,Narsipatnam,ANDHRA PRADESH,N,N,N,,
,609109,Cuddalore,TAMIL NADU,N,N,Y,,
,532102,Rajam,ANDHRA PRADESH,N,N,N,,
,515435,NARPALA,ANDHRA PRADESH,N,N,N,,
,530045,Visakhapatnam,ANDHRA PRADESH,Y,Y,Y,,
,532410,Srikakulam,ANDHRA PRADESH,Y,Y,Y,,
,534266,ACHANTA,ANDHRA PRADESH,Y,Y,Y,,
,532294,ICHAPURAM,ANDHRA PRADESH,N,N,N,,
,632001,Vellore,TAMIL NADU,Y,Y,Y,,
,515511,MUDDIGUBA,ANDHRA PRADESH,N,N,N,,
,517646,Tada,ANDHRA PRADESH,N,N,N,,
,500091,Hyderabad,TELANGANA,Y,Y,Y,,
,508376,Suryapet,TELANGANA,Y,Y,Y,,
,631501,KANCHIPURAM,TAMIL NADU,Y,Y,Y,,
,600049,Chennai,TAMIL NADU,N,N,Y,,
,530012,Gajuwaka,ANDHRA PRADESH,Y,Y,Y,,
,523225,CHIMAKURTHY,ANDHRA PRADESH,N,N,N,,
,606903,Arani,TAMIL NADU,Y,Y,Y,,
,531163,BHEEMUNIPATNAM,ANDHRA PRADESH,Y,Y,N,,
,500007,Hyderabad,TELANGANA,Y,Y,Y,,
,508001,Nalgonda,TELANGANA,Y,Y,Y,,
,517586,Puttur,ANDHRA PRADESH,N,N,N,,
,509210,NARAYANPET,TELANGANA,Y,Y,N,,
,521153,KANKIPADU,ANDHRA PRADESH,Y,Y,Y,,
,506151,Warangal,TELANGANA,Y,Y,N,,
,534275,Palakol,ANDHRA PRADESH,Y,Y,Y,,
,632105,Vellore,TAMIL NADU,Y,Y,Y,,
,534416,Tadepalligudem,ANDHRA PRADESH,N,N,N,,
,632504,Arani,TAMIL NADU,Y,Y,Y,,
,507303,MANDALAPALLY,TELANGANA,Y,Y,Y,,
,516003,Cuddapah,ANDHRA PRADESH,Y,Y,Y,,
,505490,JAMMIKUNTA,TELANGANA,Y,Y,N,,
,534265,Palakol,ANDHRA PRADESH,Y,Y,N,,
,517422,Chittoor,ANDHRA PRADESH,Y,Y,N,,
,505330,METPALLY,TELANGANA,Y,Y,N,,
,535217,Vizianagaram,ANDHRA PRADESH,Y,Y,Y,,
,500020,Hyderabad,TELANGANA,Y,Y,Y,,
,507002,Khammam,TELANGANA,Y,Y,Y,,
,614614,Trichy,TAMIL NADU,N,N,N,,
,500012,Hyderabad,TELANGANA,Y,Y,Y,,
,524347,Nellore,ANDHRA PRADESH,N,N,N,,
,534459,CHINTALAPUDI,ANDHRA PRADESH,N,N,N,,
,522050,Guntur,ANDHRA PRADESH,N,N,N,,
,505480,Huzurabad,TELANGANA,Y,Y,Y,,
,502117,Medak,TELANGANA,N,N,N,,
,635856,Vellore,TAMIL NADU,N,N,N,,
,517620,VENKATAGIRI,ANDHRA PRADESH,N,N,N,,
,632012,Vellore,TAMIL NADU,Y,Y,N,,
,600101,Chennai,TAMIL NADU,N,N,Y,,
,534338,Palakol,ANDHRA PRADESH,Y,Y,N,,
,515701,ANANTAPUR,ANDHRA PRADESH,Y,Y,Y,,
,517580,SBRPURAM,ANDHRA PRADESH,Y,Y,N,,
,518555,Allagadda,ANDHRA PRADESH,Y,Y,Y,,
,606810,Vellore,TAMIL NADU,Y,Y,N,,
,534165,Tadepalligudem,ANDHRA PRADESH,N,N,N,,
,631104,Vellore,TAMIL NADU,Y,Y,N,,
,523334,Cumbum,MADHYA PRADESH,Y,Y,N,,
,521231,KANKIPADU,ANDHRA PRADESH,Y,Y,Y,,
,506013,Warangal,TELANGANA,Y,Y,N,,
,533407,KOTANANDURU,ANDHRA PRADESH,Y,Y,N,,
,632054,Vellore,TAMIL NADU,N,N,N,,
,600117,Chennai,TAMIL NADU,Y,Y,Y,,
,535204,BOGAPPURAM,ANDHRA PRADESH,Y,Y,N,,
,604302,TINDIVANAM,TAMIL NADU,Y,Y,Y,,
,531085,Narsipatnam,ANDHRA PRADESH,Y,Y,Y,,
,517551,SBRPURAM,ANDHRA PRADESH,Y,Y,N,,
,500066,Hyderabad,TELANGANA,Y,Y,Y,,
,509311,MAKTHAL,TELANGANA,N,N,N,,
,524406,Nellore,ANDHRA PRADESH,Y,Y,N,,
,532222,Palasa,ANDHRA PRADESH,Y,Y,N,,
,605402,VILLUPURAM,TAMIL NADU,Y,Y,Y,,
,523357,Komarolu,ANDHRA PRADESH,Y,Y,Y,,
,609306,KARAIKAL,TAMIL NADU,Y,Y,N,,
,532213,PATHAPATNAM,Odisha,N,N,N,,
,521121,AVANIGADDA,ANDHRA PRADESH,Y,Y,N,,
,600091,Chennai,TAMIL NADU,Y,Y,Y,,
,534251,Palakol,ANDHRA PRADESH,Y,Y,N,,
,632502,ARAKKONAM,TAMIL NADU,Y,Y,N,,
,518413,NANDIKOTKUR,ANDHRA PRADESH,Y,Y,Y,,
,533560,KATHIPUDI,ANDHRA PRADESH,N,N,N,,
,600029,Chennai,TAMIL NADU,Y,Y,Y,,
,508115,Bhongir,TELANGANA,N,N,N,,
,609110,Cuddalore,TAMIL NADU,N,N,N,,
,531113,Narsipatnam,ANDHRA PRADESH,Y,Y,Y,,
,600010,Chennai,TAMIL NADU,Y,Y,Y,,
,533002,Kakinada,ANDHRA PRADESH,N,N,N,,
,508284,POCHAMPALLY,TELANGANA,N,N,N,,
,600045,Chennai,TAMIL NADU,Y,Y,N,,
,534303,NIDADAVOLE,ANDHRA PRADESH,Y,Y,Y,,
,600104,Chennai,TAMIL NADU,Y,Y,Y,,
,516165,CHAPADU,ANDHRA PRADESH,Y,Y,Y,,
,505302,Sircilla,TELANGANA,Y,Y,N,,
,516361,Proddatur,ANDHRA PRADESH,Y,Y,N,,
,638003,Erode,TAMIL NADU,Y,Y,Y,,
,600075,Chennai,TAMIL NADU,Y,Y,Y,,
,518363,Nandyal,ANDHRA PRADESH,Y,Y,N,,
,507125,MANUGURU,TELANGANA,Y,Y,N,,
,500104,Hyderabad,TELANGANA,Y,Y,Y,,
,600060,Chennai,TAMIL NADU,Y,Y,Y,,
,521109,Gannavaram,ANDHRA PRADESH,N,N,N,,
,604307,TINDIVANAM,TAMIL NADU,Y,Y,Y,,
,606223,Vellore,TAMIL NADU,Y,Y,N,,
,509381,Wanaparthy,TELANGANA,Y,Y,Y,,
,505530,BEJJANKI,TELANGANA,Y,Y,Y,,
,500059,Hyderabad,TELANGANA,Y,Y,Y,,
,632301,Arani,TAMIL NADU,Y,Y,Y,,
,500098,Hyderabad,TELANGANA,Y,Y,Y,,
,522280,Repalle,ANDHRA PRADESH,Y,Y,N,,
,533342,Samalkot,ANDHRA PRADESH,Y,Y,Y,,
,521255,Machilipatnam,ANDHRA PRADESH,Y,Y,Y,,
,533285,KOTHAPALLI,ANDHRA PRADESH,Y,Y,Y,,
,500660,Hyderabad,TELANGANA,Y,Y,Y,,
,500096,Hyderabad,TELANGANA,Y,Y,Y,,
,517591,Puttur,ANDHRA PRADESH,N,N,N,,
,515581,KADIRI,ANDHRA PRADESH,Y,Y,Y,,
,518543,Allagadda,ANDHRA PRADESH,Y,Y,Y,,
,632529,Vellore,TAMIL NADU,Y,Y,N,,
,632009,Vellore,TAMIL NADU,Y,Y,N,,
,600106,Chennai,TAMIL NADU,N,N,Y,,
,523261,Medarametla,ANDHRA PRADESH,Y,Y,N,,
,631204,ARAKKONAM,TAMIL NADU,Y,Y,N,,
,500873,Hyderabad,TELANGANA,Y,Y,Y,,
,517426,KUPPAM,ANDHRA PRADESH,Y,Y,N,,
,509133,GADWAL,TELANGANA,Y,Y,Y,,
,506371,Warangal,TELANGANA,Y,Y,Y,,
,603320,Tiruvallur,TAMIL NADU,Y,Y,N,,
,632113,Vellore,TAMIL NADU,Y,Y,Y,,
,515004,ANANTAPUR,ANDHRA PRADESH,Y,Y,Y,,
,521126,CHALLAPALLI,ANDHRA PRADESH,Y,Y,N,,
,600027,Chennai,TAMIL NADU,Y,Y,Y,,
,517326,Madanapalli,ANDHRA PRADESH,Y,Y,Y,,
,502103,Siddipet,TELANGANA,Y,Y,Y,,
,518323,Yemmiganur,ANDHRA PRADESH,Y,Y,N,,
,517502,Tirupati,ANDHRA PRADESH,Y,Y,Y,,
,534344,DOMMERU,ANDHRA PRADESH,Y,Y,N,,
,503201,Bodhan,TELANGANA,N,N,N,,
,500482,Hyderabad,TELANGANA,Y,Y,Y,,
,635803,AMBUR,TAMIL NADU,N,N,Y,,
,522010,Guntur,ANDHRA PRADESH,N,N,N,,
,504205,DANDEPALLY,TELANGANA,Y,Y,N,,
,517583,Puttur,ANDHRA PRADESH,Y,Y,Y,,
,515427,NARPALA,ANDHRA PRADESH,N,N,N,,
,523106,SINGARAYAKONDA,ANDHRA PRADESH,N,N,N,,
,608002,Chidambaram,TAMIL NADU,Y,Y,Y,,
,507004,Khammam,TELANGANA,Y,Y,Y,,
,501503,CHEVELLA,TELANGANA,Y,Y,Y,,
,532186,Srikakulam,ANDHRA PRADESH,N,N,N,,
,521144,Nuzvid,ANDHRA PRADESH,Y,Y,N,,
,522003,Guntur,ANDHRA PRADESH,Y,Y,Y,,
,518550,Allagadda,ANDHRA PRADESH,Y,Y,Y,,
,518512,Nandyal,ANDHRA PRADESH,Y,Y,Y,,
,506146,PALAKURTHY,TELANGANA,N,N,N,,
,518360,Yemmiganur,ANDHRA PRADESH,Y,Y,N,,
,603001,Chengalpet,TAMIL NADU,N,N,N,,
,534129,ACHANTA,ANDHRA PRADESH,Y,Y,N,,
,600078,Chennai,TAMIL NADU,Y,Y,N,,
,503308,METPALLY,TELANGANA,Y,Y,N,,
,517507,Tirupati,ANDHRA PRADESH,Y,Y,Y,,
,516132,Rajampeta,ANDHRA PRADESH,Y,Y,Y,,
,501359,MAHESWARAM,TELANGANA,Y,Y,N,,
,533203,AMALAPURAM,ANDHRA PRADESH,Y,Y,N,,
,505472,Siddipet,TELANGANA,N,N,N,,
,517194,ROMPICHARLA,ANDHRA PRADESH,Y,Y,N,,
,534004,DENDULURU,ANDHRA PRADESH,Y,Y,N,,
,500264,Hyderabad,TELANGANA,Y,Y,Y,,
,509353,MAKTHAL,TELANGANA,Y,Y,Y,,
,522180,Mangalagiri,ANDHRA PRADESH,Y,Y,N,,
,523180,Ongole,ANDHRA PRADESH,N,N,N,,
,516501,CHAPADU,ANDHRA PRADESH,Y,Y,N,,
,632406,Ranipet,TAMIL NADU,Y,Y,Y,,
,609606,KARAIKAL,TAMIL NADU,Y,Y,Y,,
,522271,Repalle,ANDHRA PRADESH,Y,Y,N,,
,631061,Vellore,TAMIL NADU,Y,Y,N,,
,632512,Ranipet,TAMIL NADU,Y,Y,Y,,
,603117,Tiruvallur,TAMIL NADU,Y,Y,Y,,
,506166,Warangal,TELANGANA,Y,Y,Y,,
,504203,NIRMAL,TELANGANA,Y,Y,N,,
,606905,Arani,TAMIL NADU,Y,Y,Y,,
,875102,Tiptur,KARNATAKA,Y,Y,N,,
,500037,Hyderabad,TELANGANA,Y,Y,Y,,
,524320,Nellore,ANDHRA PRADESH,N,N,N,,
,521424,Gudivada,ANDHRA PRADESH,Y,Y,N,,
,521369,Machilipatnam,ANDHRA PRADESH,Y,Y,N,,
,632209,AMBUR,TAMIL NADU,N,N,Y,,
,607104,Cuddalore,TAMIL NADU,N,N,N,,
,632101,Vellore,TAMIL NADU,Y,Y,Y,,
,522302,Mangalagiri,ANDHRA PRADESH,Y,Y,N,,
,520003,Vijayawada,ANDHRA PRADESH,Y,Y,Y,,
,531011,ATCHUTHAPURAM,ANDHRA PRADESH,Y,Y,N,,
,530019,Visakhapatnam,ANDHRA PRADESH,Y,Y,Y,,
,521183,Nandigama,ANDHRA PRADESH,N,N,N,,
,632011,Vellore,TAMIL NADU,Y,Y,Y,,
,521155,KANKIPADU,ANDHRA PRADESH,Y,Y,N,,
,516271,GALIVEEDU,ANDHRA PRADESH,N,N,N,,
,524307,Atmakur,ANDHRA PRADESH,Y,Y,Y,,
,530052,KOTHAVALASA,ANDHRA PRADESH,Y,Y,N,,
,531173,Pendurthy,ANDHRA PRADESH,Y,Y,N,,
,518222,Dhone,ANDHRA PRADESH,Y,Y,Y,,
,524234,Atmakur,ANDHRA PRADESH,N,N,N,,
,600114,Chennai,TAMIL NADU,Y,Y,Y,,
,503220,DOODGAON,TELANGANA,Y,Y,N,,
,521241,Vijayawada,ANDHRA PRADESH,Y,Y,Y,,
,534195,Tadepalligudem,ANDHRA PRADESH,N,N,N,,
,516339,KAMALAPURAM,ANDHRA PRADESH,N,N,N,,
,503223,Armoor,TELANGANA,Y,Y,Y,,
,532123,Rajam,ANDHRA PRADESH,Y,Y,Y,,
,534116,Tadepalligudem,ANDHRA PRADESH,Y,Y,N,,
,515541,KADIRI,ANDHRA PRADESH,Y,Y,Y,,
,600031,Chennai,TAMIL NADU,Y,Y,Y,,
,516151,NANDALURE,ANDHRA PRADESH,Y,Y,Y,,
,523335,GOWTHAVARAM,ANDHRA PRADESH,Y,Y,Y,,
,532470,Rajam,ANDHRA PRADESH,N,N,N,,
,506319,Parkal,TELANGANA,Y,Y,N,,
,516101,Railway Kodur,ANDHRA PRADESH,Y,Y,N,,
,509409,MARIKAL,TELANGANA,N,N,N,,
,515134,PUTTAPARTHI,ANDHRA PRADESH,Y,Y,N,,
,506370,Warangal,TELANGANA,Y,Y,Y,,
,500084,Hyderabad,TELANGANA,Y,Y,Y,,
,505214,Godavari Khani,TELANGANA,Y,Y,Y,,
,534001,Eluru,ANDHRA PRADESH,Y,Y,Y,,
,506347,MULUGU,TELANGANA,Y,Y,Y,,
,515144,PUTTAPARTHI,ANDHRA PRADESH,Y,Y,N,,
,534156,ATTILI,ANDHRA PRADESH,Y,Y,N,,
,533228,Mandapeta,ANDHRA PRADESH,Y,Y,Y,,
,504292,Asifabad,TELANGANA,N,N,N,,
,507154,Kothagudem,TELANGANA,Y,Y,Y,,
,533447,Kakinada,ANDHRA PRADESH,N,N,N,,
,516001,Cuddapah,ANDHRA PRADESH,Y,Y,Y,,
,533295,RAMPACHODAVARAM,ANDHRA PRADESH,Y,Y,Y,,
,505450,METPALLY,TELANGANA,Y,Y,N,,
,518015,KURNOOL,ANDHRA PRADESH,Y,Y,N,,
,600077,Chennai,TAMIL NADU,N,N,Y,,
,504273,BELLAMPALLI,TELANGANA,Y,Y,Y,,
,534342,DOMMERU,ANDHRA PRADESH,Y,Y,Y,,
,518425,Atmakur,ANDHRA PRADESH,Y,Y,Y,,
,600071,Chennai,TAMIL NADU,N,N,Y,,
,515525,KADIRI,ANDHRA PRADESH,N,N,N,,
,518406,NANDIKOTKUR,ANDHRA PRADESH,Y,Y,Y,,
,534238,PENUMANTRA,ANDHRA PRADESH,Y,Y,Y,,
,500039,Hyderabad,TELANGANA,Y,Y,Y,,
,521301,Gudivada,ANDHRA PRADESH,Y,Y,Y,,
,517584,Puttur,ANDHRA PRADESH,N,N,N,,
,523305,Donakonda,ANDHRA PRADESH,Y,Y,N,,
,607109,Cuddalore,TAMIL NADU,Y,Y,N,,
,500890,Hyderabad,TELANGANA,Y,Y,Y,,
,533101,Rajahmundry,ANDHRA PRADESH,Y,Y,Y,,
,635753,AMBUR,TAMIL NADU,Y,Y,Y,,
,506301,Ghanpur,TELANGANA,N,N,N,,
,531028,WADDADI,ANDHRA PRADESH,N,N,N,,
,531165,BHEEMUNIPATNAM,ANDHRA PRADESH,Y,Y,N,,
,517571,SBRPURAM,ANDHRA PRADESH,Y,Y,N,,
,522256,Repalle,ANDHRA PRADESH,Y,Y,N,,
,524123,Tada,ANDHRA PRADESH,Y,Y,N,,
,503305,BICHKUNDA,TELANGANA,N,N,N,,
,504311,Utnoor,TELANGANA,Y,Y,Y,,
,632204,AMBUR,TAMIL NADU,N,N,Y,,
,607105,Cuddalore,TAMIL NADU,Y,Y,N,,
,516366,Proddatur,ANDHRA PRADESH,Y,Y,N,,
,522021,Guntur,ANDHRA PRADESH,Y,Y,N,,
,509144,IEEJA,ANDHRA PRADESH,Y,Y,Y,,
,518396,GUNTAKAL,ANDHRA PRADESH,N,N,N,,
,534145,Tadepalligudem,ANDHRA PRADESH,Y,Y,Y,,
,517193,ROMPICHARLA,ANDHRA PRADESH,Y,Y,N,,
,606110,VIRUDHACHALAM,TAMIL NADU,Y,Y,Y,,
,505402,Sircilla,TELANGANA,Y,Y,N,,
,522501,Mangalagiri,ANDHRA PRADESH,Y,Y,Y,,
,506015,Warangal,TELANGANA,Y,Y,Y,,
,515722,ANANTAPUR,ANDHRA PRADESH,N,N,N,,
,534261,Palakol,ANDHRA PRADESH,Y,Y,N,,
,506348,Parkal,TELANGANA,Y,Y,N,,
,600058,Chennai,TAMIL NADU,N,N,Y,,
,532209,TEKKALI,ANDHRA PRADESH,N,N,N,,
,600069,Chennai,TAMIL NADU,N,N,Y,,
,516356,CHAPADU,ANDHRA PRADESH,Y,Y,N,,
,605604,VILLUPURAM,TAMIL NADU,N,N,N,,
,607301,Cuddalore,TAMIL NADU,N,N,Y,,
,533102,Rajahmundry,ANDHRA PRADESH,Y,Y,Y,,
,508238,Kodad,TELANGANA,Y,Y,N,,
,504209,Mancherial,TELANGANA,Y,Y,Y,,
,533644,RAMPACHODAVARAM,ANDHRA PRADESH,N,N,N,,
,520004,Vijayawada,ANDHRA PRADESH,Y,Y,Y,,
,530040,Visakhapatnam,ANDHRA PRADESH,Y,Y,Y,,
,635812,AMBUR,TAMIL NADU,Y,Y,Y,,
,509131,AMARCHINTHA,TELANGANA,N,N,N,,
,600042,Chennai,TAMIL NADU,Y,Y,Y,,
,534475,Eluru,ANDHRA PRADESH,Y,Y,Y,,
,534002,Eluru,ANDHRA PRADESH,Y,Y,Y,,
,509410,SHADNAGAR,TELANGANA,Y,Y,N,,
,534406,Tadepalligudem,ANDHRA PRADESH,N,N,N,,
,600019,Chennai,TAMIL NADU,Y,Y,Y,,
,515419,Tadipatri,ANDHRA PRADESH,Y,Y,Y,,
,632506,Ranipet,TAMIL NADU,Y,Y,Y,,
,515164,C K PALLI,ANDHRA PRADESH,Y,Y,Y,,
,535160,S Kota,ANDHRA PRADESH,N,N,N,,
,515413,Tadipatri,ANDHRA PRADESH,Y,Y,Y,,
,532527,Parvathipuram,ANDHRA PRADESH,N,N,Y,,
,605012,PONDICHERRY,TAMIL NADU,Y,Y,Y,,
,518302,Adoni,ANDHRA PRADESH,Y,Y,Y,,
,516440,Jammalamadugu,ANDHRA PRADESH,Y,Y,N,,
,516411,Jammalamadugu,ANDHRA PRADESH,Y,Y,N,,
,614728,Cuddalore,TAMIL NADU,Y,Y,N,,
,521104,Vijayawada,ANDHRA PRADESH,Y,Y,Y,,
,523280,Ongole,ANDHRA PRADESH,Y,Y,N,,
,533239,AMALAPURAM,ANDHRA PRADESH,Y,Y,N,,
,632055,Vellore,TAMIL NADU,Y,Y,Y,,
,515465,Tadipatri,ANDHRA PRADESH,Y,Y,Y,,
,507164,MANDALAPALLY,TELANGANA,Y,Y,Y,,
,521215,VISSANNAPET,ANDHRA PRADESH,N,N,N,,
,534235,AKIVIDU,ANDHRA PRADESH,Y,Y,N,,
,521103,Vijayawada,ANDHRA PRADESH,Y,Y,Y,,
,624613,Palani,TAMIL NADU,N,N,N,,
,518344,Adoni,ANDHRA PRADESH,Y,Y,N,,
,632102,Vellore,TAMIL NADU,Y,Y,Y,,
,507305,Khammam,TELANGANA,Y,Y,N,,
,500080,Hyderabad,TELANGANA,Y,Y,Y,,
,516360,Proddatur,ANDHRA PRADESH,Y,Y,Y,,
,518424,Atmakur,ANDHRA PRADESH,Y,Y,Y,,
,632323,Vellore,TAMIL NADU,Y,Y,N,,
,524312,ANANTHASAGARAM,ANDHRA PRADESH,Y,Y,N,,
,502270,Medak,TELANGANA,N,N,N,,
,631303,Ranipet,TAMIL NADU,Y,Y,Y,,
,518022,KURNOOL,ANDHRA PRADESH,Y,Y,N,,
,632108,Vellore,TAMIL NADU,N,N,N,,
,530006,Visakhapatnam,ANDHRA PRADESH,N,N,Y,,
,635756,Vellore,TAMIL NADU,N,N,N,,
,515466,Tadipatri,ANDHRA PRADESH,Y,Y,Y,,
,518137,KOILAKUNTLA,ANDHRA PRADESH,Y,Y,N,,
,532599,Repalle,ANDHRA PRADESH,Y,Y,N,,
,505502,JAMMIKUNTA,TELANGANA,Y,Y,N,,
,522290,Guntur,ANDHRA PRADESH,Y,Y,Y,,
,516312,Proddatur,ANDHRA PRADESH,Y,Y,Y,,
,631152,ARAKKONAM,TAMIL NADU,Y,Y,N,,
,518318,Adoni,ANDHRA PRADESH,Y,Y,N,,
,533001,Kakinada,ANDHRA PRADESH,Y,Y,Y,,
,518112,Nandyal,ANDHRA PRADESH,Y,Y,Y,,
,524134,VENKATAGIRI,ANDHRA PRADESH,Y,Y,Y,,
,505327,Jagtial,TELANGANA,Y,Y,Y,,
,533307,Mandapeta,ANDHRA PRADESH,Y,Y,N,,
,505416,Peddapalli,TELANGANA,Y,Y,Y,,
,530005,Visakhapatnam,ANDHRA PRADESH,Y,Y,Y,,
,522308,Guntur,ANDHRA PRADESH,Y,Y,Y,,
,523184,VETAPALEM,ANDHRA PRADESH,Y,Y,N,,
,521230,MYLAVARAM,ANDHRA PRADESH,Y,Y,N,,
,506369,DORNAKAL,TELANGANA,N,N,N,,
,600119,Chennai,TAMIL NADU,Y,Y,Y,,
,505460,Jagtial,TELANGANA,Y,Y,Y,,
,533445,Samalkot,ANDHRA PRADESH,Y,Y,Y,,
,605302,VILLUPURAM,TAMIL NADU,Y,Y,Y,,
,524407,Nellore,ANDHRA PRADESH,N,N,N,,
,600103,Chennai,TAMIL NADU,Y,Y,Y,,
,600092,Chennai,TAMIL NADU,Y,Y,Y,,
,533449,KATHIPUDI,ANDHRA PRADESH,N,N,N,,
,533202,AMALAPURAM,ANDHRA PRADESH,N,N,N,,
,502002,Patancheru,TELANGANA,Y,Y,N,,
,609605,KARAIKAL,TAMIL NADU,Y,Y,Y,,
,522201,Tenali,ANDHRA PRADESH,Y,Y,Y,,
,608102,Chidambaram,TAMIL NADU,Y,Y,Y,,
,521456,Vijayawada,ANDHRA PRADESH,Y,Y,N,,
,603104,Chengalpet,TAMIL NADU,Y,Y,N,,
,632522,Vellore,TAMIL NADU,Y,Y,N,,
,500032,Hyderabad,TELANGANA,Y,Y,Y,,
,500064,Hyderabad,TELANGANA,Y,Y,Y,,
,603102,Chengalpet,TAMIL NADU,Y,Y,Y,,
,530008,Visakhapatnam,ANDHRA PRADESH,Y,Y,Y,,
,535004,Vizianagaram,ANDHRA PRADESH,Y,Y,Y,,
,521112,Gannavaram,ANDHRA PRADESH,Y,Y,Y,,
,502331,Medak,TELANGANA,N,N,N,,
,533286,KOTHAPALLI,ANDHRA PRADESH,Y,Y,Y,,
,504220,BELLAMPALLI,TELANGANA,N,N,N,,
,530029,Visakhapatnam,ANDHRA PRADESH,Y,Y,Y,,
,534236,AKIVIDU,ANDHRA PRADESH,Y,Y,N,,
,523254,Ongole,ANDHRA PRADESH,N,N,N,,
,533242,Palakol,ANDHRA PRADESH,Y,Y,Y,,
,517350,Madanapalli,ANDHRA PRADESH,Y,Y,Y,,
,533271,Mandapeta,ANDHRA PRADESH,Y,Y,N,,
,502130,Medak,TELANGANA,N,N,N,,
,518464,KODUMURU,ANDHRA PRADESH,Y,Y,N,,
,507118,Kothagudem,TELANGANA,Y,Y,Y,,
,531270,GAJAPATHINAGARAM,ANDHRA PRADESH,Y,Y,N,,
,500011,Hyderabad,TELANGANA,Y,Y,Y,,
,534123,ACHANTA,ANDHRA PRADESH,Y,Y,Y,,
,534411,Tadepalligudem,ANDHRA PRADESH,N,N,N,,
,632505,Ranipet,TAMIL NADU,Y,Y,Y,,
,517587,Puttur,ANDHRA PRADESH,N,N,Y,,
,606103,VIRUDHACHALAM,TAMIL NADU,N,N,N,,
,505425,Mancherial,TELANGANA,Y,Y,Y,,
,635811,AMBUR,TAMIL NADU,Y,Y,Y,,
,504208,Mancherial,TELANGANA,Y,Y,Y,,
,533410,KOTANANDURU,ANDHRA PRADESH,N,N,N,,
,516503,CHAPADU,ANDHRA PRADESH,Y,Y,N,,
,521227,GAMPALAGUDEM,ANDHRA PRADESH,N,N,N,,
,521202,Nuzvid,ANDHRA PRADESH,Y,Y,Y,,
,533432,YELESWARAM,ANDHRA PRADESH,Y,Y,Y,,
,600033,Chennai,TAMIL NADU,Y,Y,Y,,
,531021,LANKELAPALEM,ANDHRA PRADESH,Y,Y,Y,,
,603204,Chengalpet,TAMIL NADU,Y,Y,N,,
,535148,S Kota,ANDHRA PRADESH,N,N,N,,
,508257,MALLEPALLY,TELANGANA,Y,Y,N,,
,503221,DOODGAON,TELANGANA,Y,Y,N,,
,523333,Cumbum,MADHYA PRADESH,Y,Y,N,,
,600129,Chennai,TAMIL NADU,Y,Y,N,,
,503175,Nizamabad,TELANGANA,Y,Y,Y,,
,500038,Hyderabad,TELANGANA,Y,Y,Y,,
,522414,DACHEPALLI,ANDHRA PRADESH,Y,Y,N,,
,516268,Rayachoty,ANDHRA PRADESH,N,N,N,,
,521225,Vijayawada,ANDHRA PRADESH,Y,Y,Y,,
,603211,Chennai,TAMIL NADU,Y,Y,Y,,
,605105,VILLUPURAM,TAMIL NADU,Y,Y,Y,,
,504312,Adilabad,TELANGANA,N,N,N,,
,533249,AMALAPURAM,ANDHRA PRADESH,Y,Y,N,,
,607404,Cuddalore,TAMIL NADU,Y,Y,N,,
,635807,AMBUR,TAMIL NADU,Y,Y,Y,,
,600034,Chennai,TAMIL NADU,Y,Y,Y,,
,602111,Tiruvallur,TAMIL NADU,Y,Y,Y,,
,521212,Vijayawada,ANDHRA PRADESH,Y,Y,Y,,
,522318,Ponnur,ANDHRA PRADESH,Y,Y,N,,
,506164,Parkal,TELANGANA,Y,Y,N,,
,531281,Chodavaram,ANDHRA PRADESH,Y,Y,N,,
,522325,Tenali,ANDHRA PRADESH,Y,Y,Y,,
,520014,Vijayawada,ANDHRA PRADESH,Y,Y,Y,,
,607001,Cuddalore,TAMIL NADU,Y,Y,N,,
,520008,Vijayawada,ANDHRA PRADESH,Y,Y,Y,,
,516350,VEMPALLI,ANDHRA PRADESH,Y,Y,N,,
,506168,Bhupalapalli,TELANGANA,Y,Y,N,,
,606003,VIRUDHACHALAM,TAMIL NADU,N,N,N,,
,632511,Ranipet,TAMIL NADU,Y,Y,Y,,
,507133,CHERLA,TELANGANA,N,N,N,,
,635801,AMBUR,TAMIL NADU,Y,Y,Y,,
,504206,DANDEPALLY,TELANGANA,Y,Y,Y,,
,516359,DUVVUR,ANDHRA PRADESH,Y,Y,N,,
,534243,PENUMANTRA,ANDHRA PRADESH,Y,Y,N,,
,500018,Hyderabad,TELANGANA,Y,Y,Y,,
,533437,Samalkot,ANDHRA PRADESH,Y,Y,Y,,
,600063,Chennai,TAMIL NADU,Y,Y,N,,
,635754,AMBUR,TAMIL NADU,Y,Y,N,,
,502277,Siddipet,TELANGANA,Y,Y,Y,,
,500097,Hyderabad,TELANGANA,Y,Y,Y,,
,600130,Chennai,TAMIL NADU,Y,Y,N,,
,603309,MADURANTAKAM,TAMIL NADU,N,N,N,,
,500001,Hyderabad,TELANGANA,Y,Y,Y,,
,523336,GOWTHAVARAM,ANDHRA PRADESH,Y,Y,N,,
,506105,Mahabubabad,TELANGANA,Y,Y,Y,,
,603408,Tiruvallur,TAMIL NADU,Y,Y,Y,,
,602022,Tiruvallur,TAMIL NADU,N,N,N,,
,522436,AMARAVATHI,ANDHRA PRADESH,N,N,N,,
,516150,NANDALURE,ANDHRA PRADESH,Y,Y,N,,
,500081,Hyderabad,TELANGANA,Y,Y,Y,,
,533223,Mandapeta,ANDHRA PRADESH,Y,Y,Y,,
,502305,ISNAPUR,TELANGANA,Y,Y,Y,,
,518401,NANDIKOTKUR,ANDHRA PRADESH,Y,Y,Y,,
,530047,Visakhapatnam,ANDHRA PRADESH,Y,Y,Y,,
,504104,GAJULA NARSAPUR,TELANGANA,N,N,N,,
,531161,BHEEMUNIPATNAM,ANDHRA PRADESH,Y,Y,N,,
,515282,Dharmavaram,ANDHRA PRADESH,Y,Y,N,,
,521137,Vijayawada,ANDHRA PRADESH,Y,Y,Y,,
,531084,Narsipatnam,ANDHRA PRADESH,Y,Y,Y,,
,509302,Jadcherla,TELANGANA,Y,Y,N,,
,532126,Rajam,ANDHRA PRADESH,N,N,N,,
,632114,Vellore,TAMIL NADU,Y,Y,Y,,
,502205,SHANKARPALLI,TELANGANA,Y,Y,Y,,
,503165,INDALWAI,TELANGANA,Y,Y,N,,
,515161,MUDDIGUBA,ANDHRA PRADESH,Y,Y,N,,
,521149,Machilipatnam,ANDHRA PRADESH,Y,Y,Y,,
,600015,Chennai,TAMIL NADU,Y,Y,N,,
,507302,TALLADA,TELANGANA,N,N,N,,
,632530,Vellore,TAMIL NADU,Y,Y,N,,
,506009,Warangal,TELANGANA,Y,Y,Y,,
,605202,VILLUPURAM,TAMIL NADU,N,N,N,,
,600039,Chennai,TAMIL NADU,Y,Y,Y,,
,517124,Chittoor,ANDHRA PRADESH,N,N,N,,
,502372,Siddipet,TELANGANA,Y,Y,Y,,
,631211,ARAKKONAM,TAMIL NADU,Y,Y,Y,,
,607802,Cuddalore,TAMIL NADU,N,N,N,,
,518523,Nandyal,ANDHRA PRADESH,Y,Y,Y,,
,533215,AMALAPURAM,ANDHRA PRADESH,Y,Y,N,,
,504105,NIRMAL,TELANGANA,N,N,N,,
,600054,Chennai,TAMIL NADU,N,N,Y,,
,533292,RAJANAGARAM,ANDHRA PRADESH,Y,Y,N,,
,534324,ACHANTA,ANDHRA PRADESH,Y,Y,Y,,
,516228,CHAPADU,ANDHRA PRADESH,Y,Y,N,,
,521001,Machilipatnam,ANDHRA PRADESH,Y,Y,Y,,
,505504,KATARAM,TELANGANA,N,N,N,,
,532219,Palasa,ANDHRA PRADESH,Y,Y,N,,
,607103,Cuddalore,TAMIL NADU,Y,Y,Y,,
,518503,Nandyal,ANDHRA PRADESH,Y,Y,Y,,
,534343,DOMMERU,ANDHRA PRADESH,Y,Y,N,,
,609111,Cuddalore,TAMIL NADU,N,N,Y,,
,506224,CHERIYAL,TELANGANA,N,N,N,,
,518002,KURNOOL,ANDHRA PRADESH,Y,Y,Y,,
,603301,MADURANTAKAM,TAMIL NADU,N,N,Y,,
,516412,Jammalamadugu,ANDHRA PRADESH,Y,Y,N,,
,607803,Cuddalore,TAMIL NADU,Y,Y,N,,
,609307,KARAIKAL,TAMIL NADU,Y,Y,Y,,
,504295,Asifabad,TELANGANA,Y,Y,N,,
,506001,Warangal,TELANGANA,Y,Y,Y,,
,523230,Ongole,ANDHRA PRADESH,N,N,N,,
,522240,Guntur,ANDHRA PRADESH,Y,Y,N,,
,504303,Mancherial,TELANGANA,Y,Y,Y,,
,532293,ICHAPURAM,ANDHRA PRADESH,N,N,N,,
,604207,TINDIVANAM,TAMIL NADU,Y,Y,Y,,
,605107,VILLUPURAM,TAMIL NADU,N,N,N,,
,506356,Parkal,TELANGANA,Y,Y,N,,
,517131,KANIPAKAM,ANDHRA PRADESH,Y,Y,Y,,
,515405,PAMIDI,ANDHRA PRADESH,Y,Y,N,,
,521328,AVANIGADDA,ANDHRA PRADESH,Y,Y,N,,
,522273,Repalle,ANDHRA PRADESH,Y,Y,N,,
,632523,Ranipet,TAMIL NADU,Y,Y,N,,
,503235,Nizamabad,TELANGANA,N,N,N,,
,632405,Ranipet,TAMIL NADU,Y,Y,Y,,
,535213,BOGAPPURAM,ANDHRA PRADESH,Y,Y,N,,
,531019,LANKELAPALEM,ANDHRA PRADESH,Y,Y,N,,
,522313,Tenali,ANDHRA PRADESH,Y,Y,N,,
,515003,ANANTAPUR,ANDHRA PRADESH,Y,Y,Y,,
,531242,GAJAPATHINAGARAM,ANDHRA PRADESH,Y,Y,N,,
,500006,Hyderabad,TELANGANA,Y,Y,Y,,
,522008,Guntur,ANDHRA PRADESH,Y,Y,Y,,
,630307,Devakottai,TAMIL NADU,Y,Y,Y,,
,632005,Vellore,TAMIL NADU,N,N,N,,
,603209,Chengalpet,TAMIL NADU,Y,Y,N,,
,530030,Visakhapatnam,ANDHRA PRADESH,Y,Y,Y,,
,534206,Bhimavaram,ANDHRA PRADESH,Y,Y,N,,
,504346,Utnoor,TELANGANA,Y,Y,Y,,
,515005,ANANTAPUR,ANDHRA PRADESH,Y,Y,N,,
,605009,PONDICHERRY,TAMIL NADU,Y,Y,N,,
,523270,Kandukur,ANDHRA PRADESH,Y,Y,N,,
,632115,Vellore,TAMIL NADU,Y,Y,Y,,
,506175,Jangaon,TELANGANA,Y,Y,Y,,
,600003,Chennai,TAMIL NADU,Y,Y,Y,,
,609313,KARAIKAL,TAMIL NADU,Y,Y,N,,
,602001,Tiruvallur,TAMIL NADU,Y,Y,Y,,
,502114,Siddipet,TELANGANA,Y,Y,Y,,
,500027,Hyderabad,TELANGANA,Y,Y,Y,,
,400167,Mumbai,MAHARASHTRA,Y,Y,N,,
,422010,Nashik,MAHARASHTRA,Y,Y,Y,,
,400062,Mumbai,MAHARASHTRA,Y,Y,Y,,
,431260,Gevrai,MAHARASHTRA,Y,Y,N,,
,364140,TALAJA,GUJARAT,Y,Y,N,,
,380017,Ahmedabad,GUJARAT,Y,Y,N,,
,384273,Unjha,GUJARAT,Y,Y,N,,
,413547,Nilanga,MAHARASHTRA,N,N,N,,
,415403,Kameri,MAHARASHTRA,Y,Y,N,,
,431731,Bhiloli,MAHARASHTRA,Y,Y,N,,
,412501,Chakan,MAHARASHTRA,Y,Y,N,,
,440037,Nagpur,MAHARASHTRA,Y,Y,N,,
,442104,SELOO,MAHARASHTRA,Y,Y,Y,,
,396193,SILVASSA,GUJARAT,Y,Y,Y,,
,396040,Valsad,GUJARAT,Y,Y,N,,
,382210,Ahmedabad,GUJARAT,Y,Y,N,,
,415714,Dapoli,MAHARASHTRA,N,N,N,,
,402116,Nagothana,MAHARASHTRA,Y,Y,N,,
,431525,Ambejogai,MAHARASHTRA,N,N,N,,
,396050,Valsad,GUJARAT,Y,Y,Y,,
,364545,UNAGJ,GUJARAT,Y,Y,N,,
,388180,Tarapur,GUJARAT,Y,Y,N,,
,440018,Nagpur,MAHARASHTRA,Y,Y,Y,,
,400109,Mumbai,MAHARASHTRA,Y,Y,N,,
,380005,Ahmedabad,GUJARAT,Y,Y,N,,
,413307,Sangola,MAHARASHTRA,N,N,Y,,
,364714,Botad,GUJARAT,Y,Y,N,,
,411046,PUNE,MAHARASHTRA,Y,Y,Y,,
,412801,Shirwal,MAHARASHTRA,Y,Y,Y,,
,396445,Navsari,GUJARAT,Y,Y,Y,,
,442604,Chamorshi,MAHARASHTRA,Y,Y,Y,,
,362221,Keshod,GUJARAT,Y,Y,N,,
,416501,Gadhingalaj,MAHARASHTRA,N,N,N,,
,415003,Saidapura Satara,MAHARASHTRA,Y,Y,N,,
,382015,Gandhinagar,GUJARAT,Y,Y,N,,
,388620,Khambat,GUJARAT,Y,Y,Y,,
,363669,Veraval,GUJARAT,Y,Y,N,,
,388330,ANAND,GUJARAT,Y,Y,Y,,
,385520,Palanpur,GUJARAT,N,N,N,,
,416095,Talere,MAHARASHTRA,N,N,N,,
,400006,Mumbai,MAHARASHTRA,N,N,Y,,
,422605,Sangamner,MAHARASHTRA,Y,Y,Y,,
,413298,Mahisgaon,MAHARASHTRA,Y,Y,N,,
,396106,Vapi,GUJARAT,Y,Y,N,,
,391152,Nasvadi,GUJARAT,Y,Y,N,,
,389260,Santrampur,GUJARAT,Y,Y,Y,,
,364261,Palitana,GUJARAT,N,N,N,,
,442309,Hinganghat,MAHARASHTRA,Y,Y,N,,
,416314,Tasgaon,MAHARASHTRA,Y,Y,Y,,
,403808,Goa,GOA,Y,Y,Y,,
,441608,Gondia,MAHARASHTRA,Y,Y,N,,
,413606,Omerga,MAHARASHTRA,Y,Y,N,,
,415205,Patan MH,MAHARASHTRA,Y,Y,Y,,
,416125,Kagal,MAHARASHTRA,N,N,N,,
,411002,PUNE,MAHARASHTRA,Y,Y,Y,,
,444512,Patur,MAHARASHTRA,N,N,N,,
,400042,Thane,MAHARASHTRA,Y,Y,Y,,
,402209,Alibaug,MAHARASHTRA,N,N,Y,,
,388550,Vatadara,GUJARAT,Y,Y,N,,
,370030,BHUJ,GUJARAT,Y,Y,N,,
,360007,Rajkot,GUJARAT,Y,Y,Y,,
,421051,Mumbai,MAHARASHTRA,Y,Y,N,,
,411105,PUNE,MAHARASHTRA,Y,Y,N,,
,416549,Dodamarg,MAHARASHTRA,Y,Y,N,,
,370006,BHUJ,GUJARAT,Y,Y,N,,
,413412,Vairag,MAHARASHTRA,Y,Y,Y,,
,416315,ASHTA MH,MAHARASHTRA,Y,Y,Y,,
,410201,Karjat,MAHARASHTRA,Y,Y,N,,
,413323,Sangola,MAHARASHTRA,N,N,N,,
,442910,Chandrapur,MAHARASHTRA,Y,Y,N,,
,424113,Deopur,MAHARASHTRA,Y,Y,N,,
,364550,Amreli,GUJARAT,N,N,N,,
,390025,VADODARA,GUJARAT,Y,Y,N,,
,388160,Tarapur,GUJARAT,Y,Y,N,,
,403524,Pernem,GOA,Y,Y,N,,
,422101,Nashik,MAHARASHTRA,Y,Y,Y,,
,415051,Saidapura Satara,MAHARASHTRA,Y,Y,N,,
,362621,Kutiyana,GUJARAT,N,N,N,,
,388110,ANAND,GUJARAT,Y,Y,Y,,
,431523,Ambejogai,MAHARASHTRA,Y,Y,N,,
,370615,Nakhtrana,GUJARAT,Y,Y,N,,
,421602,Nashik,MAHARASHTRA,N,N,N,,
,441902,Amangaon,MAHARASHTRA,N,N,N,,
,370202,Gandhidham,GUJARAT,Y,Y,N,,
,424005,Nashik,MAHARASHTRA,Y,Y,Y,,
,443303,Mehkar,MAHARASHTRA,Y,Y,N,,
,431722,Naigaon,MAHARASHTRA,Y,Y,N,,
,411925,PUNE,MAHARASHTRA,N,N,N,,
,413410,Mohol,MAHARASHTRA,Y,Y,Y,,
,411039,PUNE,MAHARASHTRA,Y,Y,Y,,
,413230,Jamkhed,MAHARASHTRA,N,N,N,,
,441306,Katol,MAHARASHTRA,Y,Y,N,,
,415552,Lonand,MAHARASHTRA,Y,Y,N,,
,382029,Gandhinagar,GUJARAT,Y,Y,Y,,
,415206,Patan MH,MAHARASHTRA,Y,Y,N,,
,444121,Akot,MAHARASHTRA,Y,Y,N,,
,411000,PUNE,MAHARASHTRA,Y,Y,Y,,
,394160,Dwarka,GUJARAT,N,N,N,,
,415409,Kasegaon,MAHARASHTRA,Y,Y,Y,,
,416512,Dodamarg,MAHARASHTRA,Y,Y,N,,
,400020,Mumbai,MAHARASHTRA,Y,Y,N,,
,411056,PUNE,MAHARASHTRA,N,N,N,,
,416705,Rajapur,MAHARASHTRA,Y,Y,N,,
,431752,Hingoli,MAHARASHTRA,N,N,N,,
,431145,Ambejogai,MAHARASHTRA,N,N,N,,
,425318,Malkapur,MAHARASHTRA,Y,Y,N,,
,362727,Junagadh,GUJARAT,Y,Y,N,,
,443307,Mehkar,MAHARASHTRA,Y,Y,N,,
,396443,Navsari,GUJARAT,Y,Y,N,,
,416108,Jawaharnagar,MAHARASHTRA,N,N,N,,
,423115,Ganggapur,MAHARASHTRA,N,N,N,,
,416307,Tasgaon,MAHARASHTRA,Y,Y,Y,,
,425135,Paldhi,MAHARASHTRA,N,N,N,,
,416227,Kolhapur,MAHARASHTRA,Y,Y,N,,
,431512,Basmath,MAHARASHTRA,Y,Y,N,,
,412302,PUNE,MAHARASHTRA,Y,Y,N,,
,442707,Gondpipari,MAHARASHTRA,Y,Y,Y,,
,416405,KAVATHEMAHANKAL,MAHARASHTRA,Y,Y,Y,,
,413529,Latur,MAHARASHTRA,Y,Y,N,,
,380063,Ahmedabad,GUJARAT,Y,Y,N,,
,415110,Karad,MAHARASHTRA,Y,Y,N,,
,415305,Bhavaninagar,MAHARASHTRA,Y,Y,Y,,
,441806,Sadak Arjuni,MAHARASHTRA,Y,Y,N,,
,416305,ASHTA MH,MAHARASHTRA,Y,Y,Y,,
,396330,SILVASSA,GUJARAT,Y,Y,N,,
,440011,Nagpur,MAHARASHTRA,Y,Y,Y,,
,431816,Mudkhed,MAHARASHTRA,Y,Y,N,,
,402104,Mangaon,MAHARASHTRA,Y,Y,Y,,
,388545,ANAND,GUJARAT,Y,Y,N,,
,382423,Gandhinagar,GUJARAT,Y,Y,Y,,
,425520,Muktainagar,MAHARASHTRA,Y,Y,N,,
,401602,Dahanu,MAHARASHTRA,Y,Y,Y,,
,440034,Nagpur,MAHARASHTRA,Y,Y,Y,,
,411051,PUNE,MAHARASHTRA,Y,Y,Y,,
,441224,Sindewahi,MAHARASHTRA,Y,Y,N,,
,413720,Shrirampur,MAHARASHTRA,Y,Y,N,,
,431726,Degloor,MAHARASHTRA,Y,Y,N,,
,425402,Amalner,MAHARASHTRA,Y,Y,N,,
,413198,Indapur,MAHARASHTRA,Y,Y,N,,
,415569,Dahiwadi,MAHARASHTRA,N,N,N,,
,441930,Bhandara,MAHARASHTRA,Y,Y,N,,
,413348,Pandharpur,MAHARASHTRA,N,N,N,,
,384110,Patan,GUJARAT,N,N,N,,
,415510,Vaduj,MAHARASHTRA,N,N,N,,
,364081,TALAJA,GUJARAT,Y,Y,N,,
,431514,Gangakhed,MAHARASHTRA,Y,Y,N,,
,444707,Morshi,MAHARASHTRA,Y,Y,N,,
,365220,Dhasa,GUJARAT,Y,Y,Y,,
,440029,Nagpur,MAHARASHTRA,Y,Y,N,,
,394150,Surat,GUJARAT,N,N,N,,
,421301,Mumbai,MAHARASHTRA,Y,Y,N,,
,413576,Osmanabad,MAHARASHTRA,N,N,N,,
,400058,Mumbai,MAHARASHTRA,Y,Y,Y,,
,431519,Ambejogai,MAHARASHTRA,Y,Y,N,,
,403719,Goa,GOA,Y,Y,N,,
,364120,TALAJA,GUJARAT,Y,Y,N,,
,380028,Ahmedabad,GUJARAT,Y,Y,N,,
,413626,Murum,MAHARASHTRA,N,N,N,,
,415311,Veeta,MAHARASHTRA,Y,Y,N,,
,364616,Amreli,GUJARAT,N,N,N,,
,445002,Yavatmal,MAHARASHTRA,Y,Y,N,,
,387650,Kapadwanj,GUJARAT,Y,Y,N,,
,431717,Degloor,MAHARASHTRA,Y,Y,Y,,
,382041,Gandhinagar,GUJARAT,Y,Y,Y,,
,400614,Navi Mumbai,MAHARASHTRA,Y,Y,Y,,
,415307,Khanapur,MAHARASHTRA,Y,Y,N,,
,370020,BHUJ,GUJARAT,Y,Y,N,,
,388470,ANAND,GUJARAT,N,N,N,,
,413559,Nilanga,MAHARASHTRA,N,N,N,,
,413631,Omerga,MAHARASHTRA,Y,Y,N,,
,382213,Jamnagar,GUJARAT,Y,Y,N,,
,412238,Nasrapur MH,MAHARASHTRA,N,N,N,,
,370635,BHUJ,GUJARAT,Y,Y,N,,
,442205,Arvi,MAHARASHTRA,Y,Y,N,,
,400074,Mumbai,MAHARASHTRA,N,N,N,,
,365616,Amreli,GUJARAT,N,N,N,,
,413118,Akluj,MAHARASHTRA,Y,Y,N,,
,413707,Rahata,MAHARASHTRA,Y,Y,Y,,
,413240,Jamkhed,MAHARASHTRA,N,N,N,,
,396424,Navsari,GUJARAT,Y,Y,N,,
,413802,Patas,MAHARASHTRA,Y,Y,Y,,
,425437,Shahada,MAHARASHTRA,Y,Y,N,,
,415555,Dahiwadi,MAHARASHTRA,N,N,N,,
,396250,SILVASSA,GUJARAT,Y,Y,N,,
,442111,SELOO,MAHARASHTRA,Y,Y,Y,,
,403801,Goa,GOA,Y,Y,Y,,
,382833,Vijapur,GUJARAT,Y,Y,N,,
,416028,Jawaharnagar,MAHARASHTRA,N,N,N,,
,425412,Nandurbar,MAHARASHTRA,Y,Y,Y,,
,401402,Saphale,MAHARASHTRA,N,N,N,,
,415531,Wai,MAHARASHTRA,Y,Y,N,,
,416506,Gadhingalaj,MAHARASHTRA,N,N,N,,
,431123,Beed,MAHARASHTRA,Y,Y,Y,,
,413542,Nilanga,MAHARASHTRA,N,N,N,,
,396560,Vansda,GUJARAT,Y,Y,N,,
,414509,Kopargaon,MAHARASHTRA,Y,Y,N,,
,384153,Mehsana,GUJARAT,Y,Y,N,,
,441916,Amangaon,MAHARASHTRA,N,N,N,,
,425124,Jalgaon,MAHARASHTRA,Y,Y,N,,
,412312,Saswad,MAHARASHTRA,Y,Y,N,,
,416122,Kolhapur,MAHARASHTRA,Y,Y,Y,,
,414613,NEWASA,MAHARASHTRA,N,N,N,,
,413284,Kurduwadi,MAHARASHTRA,N,N,N,,
,382640,Mansa GJ,GUJARAT,Y,Y,N,,
,431807,Umri,MAHARASHTRA,Y,Y,Y,,
,444906,Warud,MAHARASHTRA,Y,Y,Y,,
,425134,Jalgaon,MAHARASHTRA,Y,Y,N,,
,360040,Jasdan,GUJARAT,Y,Y,Y,,
,413281,Kem,MAHARASHTRA,N,N,N,,
,411034,PUNE,MAHARASHTRA,Y,Y,Y,,
,400610,Mumbai,MAHARASHTRA,Y,Y,Y,,
,445209,Pusad,MAHARASHTRA,Y,Y,N,,
,396006,Valsad,GUJARAT,Y,Y,Y,,
,444601,AMRAVATI,MAHARASHTRA,Y,Y,Y,,
,403202,Goa,GOA,N,N,N,,
,402206,Alibaug,MAHARASHTRA,N,N,N,,
,363020,Surendranagar,GUJARAT,Y,Y,N,,
,413009,Solapur,MAHARASHTRA,Y,Y,N,,
,415511,Koregaon,MAHARASHTRA,Y,Y,N,,
,431142,Majalgaon,MAHARASHTRA,Y,Y,N,,
,403604,Goa,GOA,Y,Y,Y,,
,425112,Erandol,MAHARASHTRA,N,N,N,,
,442302,Pulgaon,MAHARASHTRA,Y,Y,Y,,
,414610,NEWASA,MAHARASHTRA,N,N,N,,
,421206,Mumbai,MAHARASHTRA,Y,Y,N,,
,431213,Jalna,MAHARASHTRA,Y,Y,Y,,
,421502,Thane,MAHARASHTRA,Y,Y,Y,,
,360375,Jetpur,GUJARAT,Y,Y,Y,,
,403106,Goa,GOA,N,N,N,,
,413278,Kem,MAHARASHTRA,N,N,N,,
,384315,Vadnagar,GUJARAT,Y,Y,Y,,
,364460,Amreli,GUJARAT,N,N,N,,
,444113,Dahihanda,MAHARASHTRA,N,N,N,,
,364536,Amreli,GUJARAT,N,N,N,,
,403711,Goa,GOA,Y,Y,Y,,
,382857,Vijapur,GUJARAT,Y,Y,N,,
,425309,Bhusawal,MAHARASHTRA,Y,Y,Y,,
,388585,Khambat,GUJARAT,Y,Y,N,,
,413545,Nilanga,MAHARASHTRA,N,N,N,,
,415312,Mayani,MAHARASHTRA,Y,Y,N,,
,396007,Valsad,GUJARAT,Y,Y,N,,
,411027,PUNE,MAHARASHTRA,Y,Y,Y,,
,416310,ASHTA MH,MAHARASHTRA,N,N,N,,
,400611,Navi Mumbai,MAHARASHTRA,Y,Y,N,,
,416004,Kolhapur,MAHARASHTRA,Y,Y,N,,
,361315,Bhatiya,GUJARAT,Y,Y,N,,
,441105,Ramtek,MAHARASHTRA,N,N,N,,
,382480,Ahmedabad,GUJARAT,Y,Y,N,,
,414503,Paithan,MAHARASHTRA,N,N,N,,
,411412,Alephata,MAHARASHTRA,Y,Y,N,,
,424316,Dhule,MAHARASHTRA,N,N,N,,
,370665,Nakhtrana,GUJARAT,Y,Y,N,,
,412310,Shirwal,MAHARASHTRA,N,N,N,,
,425420,Amalner,MAHARASHTRA,Y,Y,N,,
,393151,Kevadia,GUJARAT,Y,Y,Y,,
,388640,Khambat,GUJARAT,Y,Y,N,,
,444704,Chandurbazar,MAHARASHTRA,N,N,N,,
,393016,ANKLESHWAR,GUJARAT,Y,Y,N,,
,364130,Mahuva,GUJARAT,N,N,N,,
,411044,PUNE,MAHARASHTRA,Y,Y,Y,,
,384002,Mehsana,GUJARAT,Y,Y,Y,,
,394220,Surat,GUJARAT,Y,Y,Y,,
,382350,Ahmedabad,GUJARAT,Y,Y,N,,
,388325,ANAND,GUJARAT,Y,Y,N,,
,382805,Vijapur,GUJARAT,Y,Y,N,,
,390915,Ahmedabad,GUJARAT,Y,Y,N,,
,442502,Padoli,MAHARASHTRA,N,N,N,,
,394241,Surat,GUJARAT,Y,Y,N,,
,393020,Hansot,GUJARAT,N,N,N,,
,385554,Deesa,GUJARAT,N,N,N,,
,445106,Arni,MAHARASHTRA,Y,Y,N,,
,362265,Veraval,GUJARAT,Y,Y,Y,,
,400068,Mumbai,MAHARASHTRA,Y,Y,Y,,
,388315,ANAND,GUJARAT,Y,Y,N,,
,380014,Ahmedabad,GUJARAT,Y,Y,N,,
,413585,Terkheda,MAHARASHTRA,Y,Y,N,,
,395018,Surat,GUJARAT,Y,Y,N,,
,382003,Gandhinagar,GUJARAT,Y,Y,Y,,
,365440,Amreli,GUJARAT,Y,Y,N,,
,415614,Ratnagiri,MAHARASHTRA,N,N,N,,
,416121,Nandani,MAHARASHTRA,Y,Y,Y,,
,391310,VADODARA,GUJARAT,N,N,Y,,
,413581,Latur,MAHARASHTRA,N,N,N,,
,362720,Junagadh,GUJARAT,Y,Y,Y,,
,400607,Mumbai,MAHARASHTRA,N,N,N,,
,400410,Mumbai,MAHARASHTRA,Y,Y,N,,
,382043,Gandhinagar,GUJARAT,Y,Y,N,,
,410105,Chakan,MAHARASHTRA,Y,Y,N,,
,431249,AURANGABAD,MAHARASHTRA,N,N,N,,
,416001,Kolhapur,MAHARASHTRA,Y,Y,Y,,
,413208,Mahisgaon,MAHARASHTRA,Y,Y,N,,
,441603,Gondia,MAHARASHTRA,Y,Y,N,,
,364456,Savarkundla,GUJARAT,Y,Y,N,,
,400601,Thane,MAHARASHTRA,Y,Y,Y,,
,416214,Bambavade,MAHARASHTRA,N,N,N,,
,416119,Kolhapur,MAHARASHTRA,Y,Y,Y,,
,392111,Bharuch,GUJARAT,Y,Y,N,,
,400016,Mumbai,MAHARASHTRA,Y,Y,Y,,
,416544,Sawantwadi,MAHARASHTRA,N,N,N,,
,394265,Surat,GUJARAT,Y,Y,N,,
,370429,BHUJ,GUJARAT,Y,Y,N,,
,382355,Gandhinagar,GUJARAT,Y,Y,N,,
,416524,Kudal,MAHARASHTRA,N,N,N,,
,391411,VADODARA,GUJARAT,N,N,N,,
,443301,Mehkar,MAHARASHTRA,Y,Y,N,,
,413288,Kurduwadi,MAHARASHTRA,N,N,N,,
,400102,Mumbai,MAHARASHTRA,Y,Y,Y,,
,394510,Surat,GUJARAT,Y,Y,Y,,
,441302,Katol,MAHARASHTRA,Y,Y,Y,,
,415522,Phaltan,MAHARASHTRA,Y,Y,Y,,
,445305,Wani,MAHARASHTRA,N,N,N,,
,362001,Junagadh,GUJARAT,Y,Y,N,,
,425317,Malkapur,MAHARASHTRA,Y,Y,N,,
,445307,Wani,MAHARASHTRA,Y,Y,N,,
,370001,BHUJ,GUJARAT,Y,Y,Y,,
,413619,Murum,MAHARASHTRA,N,N,N,,
,401104,Thane,MAHARASHTRA,Y,Y,Y,,
,401502,Dahanu,MAHARASHTRA,N,N,N,,
,382430,Ahmedabad,GUJARAT,N,N,N,,
,413318,Pandharpur,MAHARASHTRA,N,N,N,,
,362235,Mangrol,GUJARAT,Y,Y,N,,
,401501,Palghar,MAHARASHTRA,N,N,N,,
,416542,Dodamarg,MAHARASHTRA,Y,Y,N,,
,416011,Kolhapur,MAHARASHTRA,Y,Y,N,,
,370455,Mandvi,GUJARAT,Y,Y,Y,,
,403511,Goa,GOA,Y,Y,Y,,
,441206,Wadsa,MAHARASHTRA,Y,Y,N,,
,431603,Nanded,MAHARASHTRA,Y,Y,N,,
,415404,Kasegaon,MAHARASHTRA,Y,Y,N,,
,441703,Arjuni Morgaon,MAHARASHTRA,Y,Y,N,,
,444717,Paratwadda,MAHARASHTRA,Y,Y,N,,
,304640,Bardoli,GUJARAT,Y,Y,N,,
,400104,Mumbai,MAHARASHTRA,Y,Y,Y,,
,388540,ANAND,GUJARAT,Y,Y,N,,
,412106,Telegaon,MAHARASHTRA,Y,Y,Y,,
,410301,Lonavala,MAHARASHTRA,Y,Y,Y,,
,364290,Mahuva,GUJARAT,Y,Y,Y,,
,442304,Hinganghat,MAHARASHTRA,Y,Y,N,,
,413110,Baramati,MAHARASHTRA,Y,Y,Y,,
,413534,Bhoom,MAHARASHTRA,Y,Y,N,,
,360560,PORBANDAR,GUJARAT,Y,Y,Y,,
,364535,Junagadh,GUJARAT,Y,Y,N,,
,422004,Nashik,MAHARASHTRA,Y,Y,Y,,
,411090,PUNE,MAHARASHTRA,N,N,N,,
,363530,Surendranagar,GUJARAT,Y,Y,N,,
,416219,Mudhal,MAHARASHTRA,Y,Y,N,,
,431517,Ambejogai,MAHARASHTRA,Y,Y,Y,,
,415109,Karad,MAHARASHTRA,Y,Y,Y,,
,360480,Jamjodhpur,GUJARAT,N,N,N,,
,384290,Unjha,GUJARAT,Y,Y,N,,
,425325,Malkapur,MAHARASHTRA,Y,Y,N,,
,444606,Badnera,MAHARASHTRA,Y,Y,N,,
,415526,Shirwal,MAHARASHTRA,Y,Y,N,,
,416504,Nesari,MAHARASHTRA,Y,Y,N,,
,413002,Solapur,MAHARASHTRA,Y,Y,Y,,
,400092,Mumbai,MAHARASHTRA,Y,Y,Y,,
,423602,Kopargaon,MAHARASHTRA,Y,Y,N,,
,425314,Malkapur,MAHARASHTRA,Y,Y,N,,
,441802,Sakoli,MAHARASHTRA,Y,Y,N,,
,431538,Manwath,MAHARASHTRA,N,N,N,,
,442904,Chimur,MAHARASHTRA,N,N,N,,
,391150,Nasvadi,GUJARAT,Y,Y,Y,,
,384291,Patan,GUJARAT,Y,Y,N,,
,441227,Saoli,MAHARASHTRA,N,N,N,,
,404404,Karmala,MAHARASHTRA,N,N,N,,
,385012,Palanpur,GUJARAT,N,N,N,,
,396194,UMBERGAON,GUJARAT,N,N,N,,
,384130,Unjha,GUJARAT,Y,Y,N,,
,441104,Mauda,MAHARASHTRA,N,N,N,,
,382225,Bavala,GUJARAT,Y,Y,Y,,
,382022,Gandhinagar,GUJARAT,Y,Y,Y,,
,414113,Shirurkasar,MAHARASHTRA,Y,Y,Y,,
,380010,Ahmedabad,GUJARAT,Y,Y,N,,
,416017,Arjunwad,MAHARASHTRA,Y,Y,N,,
,404502,Mumbai,MAHARASHTRA,Y,Y,N,,
,444608,AMRAVATI,MAHARASHTRA,Y,Y,N,,
,391210,BHAVNAGAR,GUJARAT,N,N,N,,
,423701,Vaijapur,MAHARASHTRA,Y,Y,N,,
,360312,Gondal,GUJARAT,N,N,N,,
,395345,Bardoli,GUJARAT,Y,Y,N,,
,383220,Himmat Nagar,GUJARAT,N,N,N,,
,425127,Jalgaon,MAHARASHTRA,Y,Y,N,,
,388170,Tarapur,GUJARAT,N,N,N,,
,416539,Dodamarg,MAHARASHTRA,Y,Y,N,,
,400076,Mumbai,MAHARASHTRA,Y,Y,Y,,
,442307,Hinganghat,MAHARASHTRA,N,N,N,,
,431216,Jalna,MAHARASHTRA,Y,Y,Y,,
,411018,PUNE,MAHARASHTRA,Y,Y,Y,,
,413616,Tuljapur,MAHARASHTRA,Y,Y,N,,
,415702,Guhagar,MAHARASHTRA,N,N,N,,
,400055,Mumbai,MAHARASHTRA,Y,Y,Y,,
,382830,Vijapur,GUJARAT,Y,Y,N,,
,413510,Sonari MH,MAHARASHTRA,Y,Y,N,,
,412219,Warwand,MAHARASHTRA,Y,Y,Y,,
,400014,Mumbai,MAHARASHTRA,Y,Y,Y,,
,425513,KARHALE,MAHARASHTRA,Y,Y,N,,
,425419,Nandurbar,MAHARASHTRA,Y,Y,Y,,
,415530,Saidapura Satara,MAHARASHTRA,N,N,N,,
,364006,BHAVNAGAR,GUJARAT,Y,Y,N,,
,393040,Dediapada,GUJARAT,N,N,N,,
,411032,PUNE,MAHARASHTRA,Y,Y,Y,,
,425447,Shahada,MAHARASHTRA,Y,Y,N,,
,412234,Bhor,MAHARASHTRA,N,N,N,,
,361150,Jamnagar,GUJARAT,Y,Y,Y,,
,413237,Jamkhed,MAHARASHTRA,N,N,N,,
,391442,VADODARA,GUJARAT,N,N,N,,
,416422,Sangali,MAHARASHTRA,N,N,N,,
,363250,Surendranagar,GUJARAT,Y,Y,N,,
,387113,Nadiad,GUJARAT,Y,Y,N,,
,413566,Osmanabad,MAHARASHTRA,N,N,N,,
,415021,Koregaon,MAHARASHTRA,Y,Y,N,,
,360032,Jasdan,GUJARAT,Y,Y,N,,
,431701,Hingoli,MAHARASHTRA,Y,Y,Y,,
,403503,Goa,GOA,N,N,N,,
,382220,Jamnagar,GUJARAT,Y,Y,N,,
,441907,Tumsar,MAHARASHTRA,Y,Y,N,,
,445302,PANDHARKAWDA,MAHARASHTRA,Y,Y,Y,,
,421103,Mumbai,MAHARASHTRA,Y,Y,N,,
,424313,Nashik,MAHARASHTRA,Y,Y,Y,,
,431820,Mudkhed,MAHARASHTRA,Y,Y,N,,
,431730,Dharmabad,MAHARASHTRA,Y,Y,N,,
,424002,Nashik,MAHARASHTRA,Y,Y,Y,,
,444114,Akot,MAHARASHTRA,Y,Y,N,,
,396051,Valsad,GUJARAT,Y,Y,N,,
,387002,Nadiad,GUJARAT,Y,Y,N,,
,416521,Kudal,MAHARASHTRA,Y,Y,N,,
,363002,Surendranagar,GUJARAT,Y,Y,Y,,
,361009,Jamnagar,GUJARAT,Y,Y,Y,,
,416092,Talere,MAHARASHTRA,N,N,N,,
,382736,Mansa GJ,GUJARAT,Y,Y,N,,
,388122,ANAND,GUJARAT,Y,Y,N,,
,444110,Kamargaon,MAHARASHTRA,Y,Y,N,,
,422301,SAIKHEDA,MAHARASHTRA,N,N,N,,
,425310,Muktainagar,MAHARASHTRA,N,N,N,,
,416231,Mudhal,MAHARASHTRA,Y,Y,N,,
,364507,Palitana,GUJARAT,N,N,N,,
,413013,Jawala,MAHARASHTRA,N,N,N,,
,360008,Rajkot,GUJARAT,Y,Y,N,,
,413270,MALASHIRAS,MAHARASHTRA,N,N,N,,
,400201,Mumbai,MAHARASHTRA,Y,Y,N,,
,416411,KAVATHEMAHANKAL,MAHARASHTRA,Y,Y,Y,,
,364741,Gathda,GUJARAT,Y,Y,N,,
,416304,Sangali,MAHARASHTRA,Y,Y,Y,,
,416301,ASHTA MH,MAHARASHTRA,Y,Y,Y,,
,385360,Radhanpur,GUJARAT,N,N,N,,
,363424,Limdi,GUJARAT,N,N,N,,
,415202,Madangad,MAHARASHTRA,N,N,N,,
,415512,Vaduj,MAHARASHTRA,N,N,N,,
,410707,PUNE,MAHARASHTRA,Y,Y,N,,
,416606,Malvan,MAHARASHTRA,Y,Y,Y,,
,412115,Pirangut,MAHARASHTRA,Y,Y,N,,
,412213,Nasrapur MH,MAHARASHTRA,N,N,N,,
,384321,Vadnagar,GUJARAT,Y,Y,N,,
,400000,Mumbai,MAHARASHTRA,Y,Y,Y,,
,400061,Mumbai,MAHARASHTRA,Y,Y,Y,,
,442107,Pulgaon,MAHARASHTRA,Y,Y,N,,
,382012,Gandhinagar,GUJARAT,Y,Y,Y,,
,441113,Saoner,MAHARASHTRA,Y,Y,Y,,
,400106,Mumbai,MAHARASHTRA,Y,Y,N,,
,425322,Malkapur,MAHARASHTRA,Y,Y,N,,
,410062,Saidapura Satara,MAHARASHTRA,N,N,N,,
,360311,Gondal,GUJARAT,Y,Y,N,,
,385518,Palanpur,GUJARAT,Y,Y,N,,
,400706,Navi Mumbai,MAHARASHTRA,Y,Y,Y,,
,431725,Sonari MH,MAHARASHTRA,N,N,N,,
,404221,Ahmednagar,MAHARASHTRA,Y,Y,Y,,
,441924,Bhandara,MAHARASHTRA,Y,Y,N,,
,394296,Surat,GUJARAT,Y,Y,N,,
,416015,Vaduj,MAHARASHTRA,Y,Y,N,,
,441108,Buttibori,MAHARASHTRA,Y,Y,Y,,
,400083,Mumbai,MAHARASHTRA,Y,Y,Y,,
,442702,Gondpipari,MAHARASHTRA,N,N,N,,
,413326,Sangola,MAHARASHTRA,N,N,N,,
,431513,Hingoli,MAHARASHTRA,Y,Y,N,,
,445102,DARWAH,MAHARASHTRA,Y,Y,N,,
,413561,Terkheda,MAHARASHTRA,Y,Y,N,,
,415019,Satara,MAHARASHTRA,N,N,N,,
,413233,Indapur,MAHARASHTRA,Y,Y,Y,,
,416420,Sangali,MAHARASHTRA,Y,Y,N,,
,403527,Pernem,GOA,Y,Y,N,,
,413736,TALEGAON DHIGE,MAHARASHTRA,Y,Y,Y,,
,412113,Telegaon,MAHARASHTRA,Y,Y,Y,,
,444713,Anjangaon,MAHARASHTRA,N,N,N,,
,400027,Mumbai,MAHARASHTRA,N,N,Y,,
,441401,Ramtek,MAHARASHTRA,N,N,N,,
,412308,PUNE,MAHARASHTRA,N,N,N,,
,360011,Jasdan,GUJARAT,N,N,N,,
,442916,Gadchandur,MAHARASHTRA,Y,Y,Y,,
,422209,Ozhar,MAHARASHTRA,Y,Y,N,,
,431792,Naigaon,MAHARASHTRA,Y,Y,N,,
,361306,Jamnagar,GUJARAT,N,N,N,,
,416143,Jawaharnagar,MAHARASHTRA,N,N,N,,
,413130,Bhigwan,MAHARASHTRA,Y,Y,Y,,
,441409,Ramtek,MAHARASHTRA,N,N,N,,
,425202,Bhusawal,MAHARASHTRA,Y,Y,N,,
,415527,Vaduj,MAHARASHTRA,N,N,N,,
,431719,Dharmabad,MAHARASHTRA,Y,Y,N,,
,411054,PUNE,MAHARASHTRA,N,N,N,,
,394517,Surat,GUJARAT,Y,Y,Y,,
,411078,PUNE,MAHARASHTRA,N,N,N,,
,414674,KADA,MAHARASHTRA,Y,Y,N,,
,444808,Anjangaon,MAHARASHTRA,Y,Y,N,,
,423109,Rahata,MAHARASHTRA,Y,Y,Y,,
,403602,Goa,GOA,N,N,N,,
,388510,ANAND,GUJARAT,Y,Y,Y,,
,396380,Bilimora,GUJARAT,Y,Y,Y,,
,394680,SONGADH,GUJARAT,N,N,N,,
,384350,Satlasana,GUJARAT,N,N,N,,
,415519,Satara,MAHARASHTRA,N,N,N,,
,425336,Malkapur,MAHARASHTRA,Y,Y,N,,
,422303,Niphad,MAHARASHTRA,Y,Y,N,,
,442110,Wardha,MAHARASHTRA,Y,Y,N,,
,411501,Chakan,MAHARASHTRA,Y,Y,N,,
,413135,Indapur,MAHARASHTRA,Y,Y,N,,
,413604,Omerga,MAHARASHTRA,Y,Y,Y,,
,413273,MALASHIRAS,MAHARASHTRA,N,N,N,,
,391346,VADODARA,GUJARAT,N,N,N,,
,363622,WANKANER,GUJARAT,Y,Y,N,,
,416611,Devgad,MAHARASHTRA,N,N,N,,
,382835,Mansa GJ,GUJARAT,Y,Y,N,,
,431264,Gevrai,MAHARASHTRA,Y,Y,N,,
,440007,Nagpur,MAHARASHTRA,Y,Y,Y,,
,444126,Akot,MAHARASHTRA,Y,Y,N,,
,431010,AURANGABAD,MAHARASHTRA,Y,Y,Y,,
,370204,BHUJ,GUJARAT,Y,Y,N,,
,416008,Kolhapur,MAHARASHTRA,Y,Y,Y,,
,442102,Wardha,MAHARASHTRA,Y,Y,Y,,
,394630,Vansda,GUJARAT,Y,Y,N,,
,384265,Patan,GUJARAT,Y,Y,N,,
,442700,Gondpipari,MAHARASHTRA,N,N,N,,
,422111,Nashik,MAHARASHTRA,Y,Y,N,,
,403704,Goa,GOA,Y,Y,N,,
,413525,Terkheda,MAHARASHTRA,Y,Y,N,,
,364430,Amreli,GUJARAT,N,N,N,,
,388465,ANAND,GUJARAT,N,N,N,,
,424101,Chalisgaon,MAHARASHTRA,Y,Y,N,,
,402401,Murud Janjira,MAHARASHTRA,Y,Y,N,,
,413538,Dharmabad,MAHARASHTRA,Y,Y,N,,
,365450,Amreli,GUJARAT,Y,Y,N,,
,431204,Ambad,MAHARASHTRA,Y,Y,Y,,
,411038,PUNE,MAHARASHTRA,Y,Y,Y,,
,431004,AURANGABAD,MAHARASHTRA,Y,Y,Y,,
,380006,Ahmedabad,GUJARAT,Y,Y,N,,
,416515,Kudal,MAHARASHTRA,Y,Y,N,,
,441614,Gondia,MAHARASHTRA,Y,Y,N,,
,392220,BHAVNAGAR,GUJARAT,Y,Y,N,,
,362225,Mangrol,GUJARAT,Y,Y,N,,
,403518,Goa,GOA,Y,Y,Y,,
,382017,Gandhinagar,GUJARAT,Y,Y,Y,,
,421000,Bhiwandi,MAHARASHTRA,Y,Y,Y,,
,396425,Navsari,GUJARAT,Y,Y,N,,
,396025,Valsad,GUJARAT,Y,Y,N,,
,361336,Dwarka,GUJARAT,Y,Y,N,,
,416519,Kudal,MAHARASHTRA,Y,Y,N,,
,411041,PUNE,MAHARASHTRA,Y,Y,Y,,
,444004,Akola,MAHARASHTRA,Y,Y,Y,,
,388239,Thasra,GUJARAT,Y,Y,N,,
,400033,Mumbai,MAHARASHTRA,N,N,Y,,
,421503,Thane,MAHARASHTRA,Y,Y,Y,,
,362570,UNAGJ,GUJARAT,Y,Y,N,,
,444728,Anjangaon,MAHARASHTRA,Y,Y,N,,
,384360,Satlasana,GUJARAT,Y,Y,Y,,
,444403,Manglurpir,MAHARASHTRA,Y,Y,N,,
,403206,Goa,GOA,N,N,N,,
,424106,Kajgaon,MAHARASHTRA,N,N,N,,
,431007,AURANGABAD,MAHARASHTRA,N,N,N,,
,413121,Indapur,MAHARASHTRA,Y,Y,N,,
,362224,Keshod,GUJARAT,Y,Y,N,,
,396236,SILVASSA,GUJARAT,Y,Y,N,,
,382440,Ahmedabad,GUJARAT,Y,Y,N,,
,401305,Palghar,MAHARASHTRA,Y,Y,Y,,
,425132,Paldhi,MAHARASHTRA,N,N,N,,
,440023,Nagpur,MAHARASHTRA,Y,Y,Y,,
,365730,VADODARA,GUJARAT,N,N,N,,
,382346,Ahmedabad,GUJARAT,Y,Y,N,,
,445304,Wani,MAHARASHTRA,Y,Y,Y,,
,431737,Ahmedpur,MAHARASHTRA,Y,Y,N,,
,421304,Mumbai,MAHARASHTRA,Y,Y,Y,,
,402108,Pen,MAHARASHTRA,Y,Y,N,,
,425120,Jalgaon,MAHARASHTRA,Y,Y,N,,
,382868,Mehsana,GUJARAT,N,N,N,,
,413136,Indapur,MAHARASHTRA,Y,Y,N,,
,382211,Ahmedabad,GUJARAT,Y,Y,N,,
,422011,Nashik,MAHARASHTRA,Y,Y,Y,,
,425321,Malkapur,MAHARASHTRA,Y,Y,N,,
,384174,Mehsana,GUJARAT,Y,Y,N,,
,444101,Akot,MAHARASHTRA,Y,Y,N,,
,363665,Veraval,GUJARAT,Y,Y,N,,
,392001,Bharuch,GUJARAT,Y,Y,Y,,
,415509,Mhaswad,MAHARASHTRA,Y,Y,N,,
,388365,ANAND,GUJARAT,Y,Y,Y,,
,415558,Dahiwadi,MAHARASHTRA,N,N,N,,
,364135,TALAJA,GUJARAT,Y,Y,N,,
,404222,Jalna,MAHARASHTRA,Y,Y,Y,,
,412207,PUNE,MAHARASHTRA,Y,Y,Y,,
,412116,Pirangut,MAHARASHTRA,N,N,N,,
,423703,Vaijapur,MAHARASHTRA,N,N,N,,
,415022,Medha,MAHARASHTRA,N,N,N,,
,400067,Mumbai,MAHARASHTRA,N,N,Y,,
,412413,Junnar,MAHARASHTRA,N,N,N,,
,415315,DIGANJI,MAHARASHTRA,Y,Y,Y,,
,385526,Palanpur,GUJARAT,N,N,N,,
,425510,Bhusawal,MAHARASHTRA,Y,Y,N,,
,414110,Ahmednagar,MAHARASHTRA,Y,Y,Y,,
,370610,Nakhtrana,GUJARAT,Y,Y,N,,
,360150,Bhanvad,GUJARAT,N,N,N,,
,431562,Basmath,MAHARASHTRA,Y,Y,Y,,
,431153,Wadwani,MAHARASHTRA,N,N,N,,
,364002,BHAVNAGAR,GUJARAT,Y,Y,N,,
,403804,Goa,GOA,Y,Y,Y,,
,422306,Lasalgaon,MAHARASHTRA,Y,Y,N,,
,424111,Bhadgaon,MAHARASHTRA,N,N,Y,,
,413593,Osmanabad,MAHARASHTRA,N,N,N,,
,413598,Aundha Nagnath,MAHARASHTRA,N,N,N,,
,384328,Vadnagar,GUJARAT,Y,Y,N,,
,412411,Alephata,MAHARASHTRA,Y,Y,Y,,
,364518,Savarkundla,GUJARAT,Y,Y,N,,
,362620,Manavadar,GUJARAT,Y,Y,N,,
,396220,DAMAN,DAMAN AND DIU,Y,Y,Y,,
,413250,Mahisgaon,MAHARASHTRA,Y,Y,N,,
,425441,Nandurbar,MAHARASHTRA,Y,Y,N,,
,389380,Piplod,GUJARAT,N,N,N,,
,999010,PUNE,MAHARASHTRA,Y,Y,Y,,
,416091,Talere,MAHARASHTRA,N,N,N,,
,396450,Navsari,GUJARAT,Y,Y,Y,,
,382836,Vijapur,GUJARAT,Y,Y,N,,
,441225,Saoli,MAHARASHTRA,N,N,N,,
,445207,Umarkhed,MAHARASHTRA,Y,Y,N,,
,416702,Rajapur,MAHARASHTRA,Y,Y,Y,,
,362710,Junagadh,GUJARAT,Y,Y,N,,
,362256,Veraval,GUJARAT,N,N,N,,
,392015,Bharuch,GUJARAT,Y,Y,Y,,
,387331,Nadiad,GUJARAT,Y,Y,N,,
,431791,Naigaon,MAHARASHTRA,Y,Y,N,,
,441207,Wadsa,MAHARASHTRA,Y,Y,N,,
,423501,Kalvan,MAHARASHTRA,N,N,N,,
,413573,Osmanabad,MAHARASHTRA,N,N,N,,
,412406,Manchar,MAHARASHTRA,Y,Y,N,,
,410065,Saidapura Satara,MAHARASHTRA,Y,Y,N,,
,413555,Hingoli,MAHARASHTRA,N,N,N,,
,403504,Goa,GOA,Y,Y,N,,
,384140,Unjha,GUJARAT,Y,Y,N,,
,384112,Patan,GUJARAT,Y,Y,N,,
,413101,Akluj,MAHARASHTRA,Y,Y,Y,,
,444604,AMRAVATI,MAHARASHTRA,Y,Y,Y,,
,412202,LONI,MAHARASHTRA,Y,Y,N,,
,411068,PUNE,MAHARASHTRA,Y,Y,Y,,
,388641,Khambat,GUJARAT,Y,Y,N,,
,421001,Mumbai,MAHARASHTRA,Y,Y,Y,,
,362015,Junagadh,GUJARAT,Y,Y,N,,
,416408,Tasgaon,MAHARASHTRA,N,N,N,,
,362013,Junagadh,GUJARAT,Y,Y,N,,
,400054,Mumbai,MAHARASHTRA,Y,Y,Y,,
,431146,AURANGABAD,MAHARASHTRA,N,N,N,,
,441123,Godhni,MAHARASHTRA,Y,Y,N,,
,425426,Navapur,MAHARASHTRA,Y,Y,Y,,
,415620,Chafe,MAHARASHTRA,Y,Y,N,,
,403519,Goa,GOA,N,N,N,,
,363331,Halvad,GUJARAT,Y,Y,N,,
,431527,Hingoli,MAHARASHTRA,Y,Y,N,,
,415634,Guhagar,MAHARASHTRA,N,N,N,,
,362510,UNAGJ,GUJARAT,Y,Y,N,,
,410216,Navi Mumbai,MAHARASHTRA,N,N,N,,
,391352,VADODARA,GUJARAT,N,N,N,,
,413304,Pandharpur,MAHARASHTRA,Y,Y,Y,,
,413527,Kingaon,MAHARASHTRA,Y,Y,Y,,
,416435,Miraj,MAHARASHTRA,Y,Y,N,,
,382470,Ahmedabad,GUJARAT,Y,Y,N,,
,363040,Surendranagar,GUJARAT,Y,Y,N,,
,441122,Buttibori,MAHARASHTRA,Y,Y,Y,,
,403729,Goa,GOA,N,N,N,,
,388321,ANAND,GUJARAT,Y,Y,N,,
,385011,Palanpur,GUJARAT,Y,Y,N,,
,370675,Nakhtrana,GUJARAT,Y,Y,N,,
,422222,Nashik,MAHARASHTRA,N,N,N,,
,431108,AURANGABAD,MAHARASHTRA,N,N,N,,
,413214,Mohol,MAHARASHTRA,Y,Y,N,,
,394107,Surat,GUJARAT,Y,Y,Y,,
,413512,Latur,MAHARASHTRA,Y,Y,Y,,
,380481,Ahmedabad,GUJARAT,Y,Y,N,,
,396125,Valsad,GUJARAT,Y,Y,N,,
,425114,Jamner,MAHARASHTRA,Y,Y,N,,
,394114,Vyara Guj,GUJARAT,Y,Y,N,,
,360000,Rajkot,GUJARAT,Y,Y,Y,,
,370435,Mandvi,GUJARAT,Y,Y,N,,
,384222,Patan,GUJARAT,Y,Y,N,,
,444106,Kamargaon,MAHARASHTRA,Y,Y,N,,
,431819,Mudkhed,MAHARASHTRA,Y,Y,N,,
,380152,Ahmedabad,GUJARAT,Y,Y,N,,
,360575,PORBANDAR,GUJARAT,Y,Y,Y,,
,413279,Jeur,MAHARASHTRA,N,N,N,,
,400072,Mumbai,MAHARASHTRA,Y,Y,Y,,
,441222,Sindewahi,MAHARASHTRA,Y,Y,Y,,
,390008,VADODARA,GUJARAT,Y,Y,Y,,
,393035,Bharuch,GUJARAT,Y,Y,N,,
,396030,Valsad,GUJARAT,Y,Y,Y,,
,414202,KADA,MAHARASHTRA,N,N,N,,
,441805,Palandur,MAHARASHTRA,N,N,N,,
,388306,ANAND,GUJARAT,Y,Y,N,,
,416518,Shiroda,MAHARASHTRA,Y,Y,Y,,
,411081,PUNE,MAHARASHTRA,Y,Y,Y,,
,431723,Degloor,MAHARASHTRA,Y,Y,N,,
,411020,PUNE,MAHARASHTRA,Y,Y,Y,,
,415410,Battisshirala,MAHARASHTRA,Y,Y,N,,
,363330,Halvad,GUJARAT,Y,Y,N,,
,431172,Rahata,MAHARASHTRA,Y,Y,N,,
,362552,UNAGJ,GUJARAT,Y,Y,N,,
,411031,PUNE,MAHARASHTRA,N,N,N,,
,421004,Mumbai,MAHARASHTRA,Y,Y,Y,,
,382270,Limdi,GUJARAT,Y,Y,N,,
,416432,KAVATHEMAHANKAL,MAHARASHTRA,Y,Y,N,,
,411082,PUNE,MAHARASHTRA,Y,Y,Y,,
,445216,Pusad,MAHARASHTRA,Y,Y,N,,
,382451,Barwada,GUJARAT,N,N,N,,
,396060,Vansda,GUJARAT,Y,Y,N,,
,422108,Nashik,MAHARASHTRA,Y,Y,N,,
,380019,Ahmedabad,GUJARAT,Y,Y,N,,
,362624,Kutiyana,GUJARAT,N,N,N,,
,402112,Mangaon,MAHARASHTRA,Y,Y,N,,
,442001,Wardha,MAHARASHTRA,Y,Y,Y,,
,384228,Patan,GUJARAT,N,N,N,,
,441604,TIRODA,MAHARASHTRA,Y,Y,N,,
,394180,Surat,GUJARAT,Y,Y,N,,
,393030,Hansot,GUJARAT,N,N,N,,
,387130,Nadiad,GUJARAT,Y,Y,N,,
,382426,Ahmedabad,GUJARAT,Y,Y,N,,
,431516,Sonpeth,MAHARASHTRA,Y,Y,Y,,
,415603,Chiplun,MAHARASHTRA,Y,Y,Y,,
,387355,Nadiad,GUJARAT,Y,Y,N,,
,431202,Jalna,MAHARASHTRA,N,N,N,,
,388466,ANAND,GUJARAT,Y,Y,N,,
,425001,Jalgaon,MAHARASHTRA,Y,Y,Y,,
,415005,Saidapura Satara,MAHARASHTRA,Y,Y,N,,
,384335,Vadnagar,GUJARAT,Y,Y,Y,,
,396142,Bilimora,GUJARAT,Y,Y,N,,
,431716,Ahmedpur,MAHARASHTRA,Y,Y,Y,,
,440005,Nagpur,MAHARASHTRA,Y,Y,Y,,
,413590,Paranda,MAHARASHTRA,Y,Y,Y,,
,431501,Partur,MAHARASHTRA,Y,Y,N,,
,393002,ANKLESHWAR,GUJARAT,Y,Y,Y,,
,413535,Terkheda,MAHARASHTRA,Y,Y,Y,,
,415639,Ratnagiri,MAHARASHTRA,Y,Y,N,,
,416514,Banda MH,MAHARASHTRA,N,N,N,,
,396340,Bilimora,GUJARAT,Y,Y,N,,
,360024,Rajkot,GUJARAT,Y,Y,Y,,
,413301,Modnimb,MAHARASHTRA,N,N,N,,
,382812,Vijapur,GUJARAT,Y,Y,N,,
,422214,Nashik,MAHARASHTRA,Y,Y,N,,
,401404,Palghar,MAHARASHTRA,N,N,N,,
,443308,Buldhana,MAHARASHTRA,N,N,N,,
,442401,Chandrapur,MAHARASHTRA,Y,Y,Y,,
,445230,Yavatmal,MAHARASHTRA,Y,Y,Y,,
,415534,Lonand,MAHARASHTRA,Y,Y,N,,
,382421,Gandhinagar,GUJARAT,Y,Y,N,,
,394190,Surat,GUJARAT,Y,Y,N,,
,384121,Mehsana,GUJARAT,Y,Y,N,,
,395008,Surat,GUJARAT,Y,Y,Y,,
,431008,AURANGABAD,MAHARASHTRA,N,N,N,,
,411048,PUNE,MAHARASHTRA,Y,Y,Y,,
,425433,Shahada,MAHARASHTRA,Y,Y,N,,
,442703,Allapali,MAHARASHTRA,Y,Y,N,,
,394242,Vapi,GUJARAT,Y,Y,N,,
,360578,PORBANDAR,GUJARAT,Y,Y,Y,,
,388445,ANAND,GUJARAT,Y,Y,N,,
,423207,Dabhadi Malegaon,MAHARASHTRA,N,N,N,,
,443102,Malkapur,MAHARASHTRA,N,N,N,,
,388220,Umreth,GUJARAT,Y,Y,N,,
,390000,VADODARA,GUJARAT,Y,Y,Y,,
,393155,Kevadia,GUJARAT,N,N,N,,
,392020,Bharuch,GUJARAT,Y,Y,Y,,
,430004,Banda MH,MAHARASHTRA,N,N,N,,
,403104,Goa,GOA,Y,Y,N,,
,440001,Nagpur,MAHARASHTRA,Y,Y,Y,,
,380330,Ahmedabad,GUJARAT,N,N,N,,
,431149,Wadwani,MAHARASHTRA,N,N,N,,
,445105,Arni,MAHARASHTRA,Y,Y,Y,,
,423210,Dabhadi Malegaon,MAHARASHTRA,N,N,N,,
,403701,Goa,GOA,Y,Y,N,,
,363520,Surendranagar,GUJARAT,Y,Y,N,,
,404412,Jalna,MAHARASHTRA,Y,Y,Y,,
,382826,Mehsana,GUJARAT,Y,Y,N,,
,400710,Mumbai,MAHARASHTRA,Y,Y,Y,,
,416215,Bambavade,MAHARASHTRA,N,N,N,,
,444803,Daryapur,MAHARASHTRA,Y,Y,N,,
,364630,Savarkundla,GUJARAT,Y,Y,N,,
,370625,Dayapar,GUJARAT,N,N,N,,
,424214,Jamner,MAHARASHTRA,Y,Y,N,,
,413549,Nilanga,MAHARASHTRA,N,N,N,,
,416114,Kolhapur,MAHARASHTRA,N,N,N,,
,380002,Ahmedabad,GUJARAT,Y,Y,N,,
,403722,Goa,GOA,N,N,N,,
,425111,Erandol,MAHARASHTRA,N,N,N,,
,394248,Vansda,GUJARAT,Y,Y,N,,
,363332,Halvad,GUJARAT,Y,Y,N,,
,416417,ASHTA MH,MAHARASHTRA,Y,Y,Y,,
,402205,Alibaug,MAHARASHTRA,N,N,N,,
,416072,Hupari,MAHARASHTRA,N,N,N,,
,364146,Palitana,GUJARAT,N,N,N,,
,413503,Terkheda,MAHARASHTRA,Y,Y,N,,
,394101,Surat,GUJARAT,Y,Y,Y,,
,382850,Vijapur,GUJARAT,Y,Y,N,,
,364633,Savarkundla,GUJARAT,Y,Y,N,,
,414614,NEWASA,MAHARASHTRA,N,N,N,,
,412804,Wai,MAHARASHTRA,Y,Y,N,,
,410219,Mumbai,MAHARASHTRA,Y,Y,N,,
,444109,Balapur,MAHARASHTRA,Y,Y,Y,,
,438412,Becharaji,GUJARAT,Y,Y,N,,
,443110,Malkapur,MAHARASHTRA,Y,Y,N,,
,411057,PUNE,MAHARASHTRA,Y,Y,Y,,
,410209,Mumbai,MAHARASHTRA,Y,Y,Y,,
,382806,Vijapur,GUJARAT,Y,Y,N,,
,415020,Saidapura Satara,MAHARASHTRA,Y,Y,N,,
,414003,Ahmednagar,MAHARASHTRA,Y,Y,Y,,
,400093,Mumbai,MAHARASHTRA,Y,Y,Y,,
,370465,Mandvi,GUJARAT,Y,Y,Y,,
,431745,Mudkhed,MAHARASHTRA,Y,Y,N,,
,422607,Sinner,MAHARASHTRA,N,N,N,,
,416414,Miraj,MAHARASHTRA,Y,Y,N,,
,360440,Dhoraji,GUJARAT,Y,Y,Y,,
,425110,Erandol,MAHARASHTRA,Y,Y,N,,
,415119,Patan MH,MAHARASHTRA,N,N,N,,
,387435,Nadiad,GUJARAT,Y,Y,N,,
,415045,Vaduj,MAHARASHTRA,Y,Y,N,,
,443108,JafrabadMH,MAHARASHTRA,Y,Y,Y,,
,440002,Nagpur,MAHARASHTRA,Y,Y,Y,,
,425430,Shahada,MAHARASHTRA,Y,Y,N,,
,395002,Surat,GUJARAT,Y,Y,Y,,
,414504,Paithan,MAHARASHTRA,N,N,N,,
,400112,Mumbai,MAHARASHTRA,N,N,N,,
,416218,Gadhingalaj,MAHARASHTRA,N,N,N,,
,401209,Palghar,MAHARASHTRA,Y,Y,Y,,
,388360,ANAND,GUJARAT,Y,Y,Y,,
,413546,Nilanga,MAHARASHTRA,N,N,N,,
,425109,Erandol,MAHARASHTRA,Y,Y,N,,
,362627,Manavadar,GUJARAT,Y,Y,N,,
,400103,Mumbai,MAHARASHTRA,Y,Y,Y,,
,380030,Ahmedabad,GUJARAT,Y,Y,N,,
,431735,Aundha Nagnath,MAHARASHTRA,N,N,N,,
,383430,Idar,GUJARAT,Y,Y,N,,
,424117,Chalisgaon,MAHARASHTRA,Y,Y,N,,
,388450,ANAND,GUJARAT,N,N,N,,
,382815,Vijapur,GUJARAT,Y,Y,N,,
,423603,Kopargaon,MAHARASHTRA,Y,Y,N,,
,388600,Khambat,GUJARAT,Y,Y,N,,
,424027,Deopur,MAHARASHTRA,Y,Y,N,,
,381156,Ahmedabad,GUJARAT,Y,Y,N,,
,394652,Vyara Guj,GUJARAT,Y,Y,N,,
,431753,Hingoli,MAHARASHTRA,N,N,N,,
,431509,Jintur,MAHARASHTRA,N,N,N,,
,364005,BHAVNAGAR,GUJARAT,Y,Y,N,,
,441803,Palandur,MAHARASHTRA,N,N,N,,
,444508,Washim,MAHARASHTRA,N,N,N,,
,416012,Kolhapur,MAHARASHTRA,Y,Y,Y,,
,431100,AURANGABAD,MAHARASHTRA,N,N,N,,
,402113,Shrivardhan,MAHARASHTRA,Y,Y,N,,
,416221,Arjunwad,MAHARASHTRA,Y,Y,N,,
,400088,Mumbai,MAHARASHTRA,N,N,N,,
,382002,Gandhinagar,GUJARAT,Y,Y,Y,,
,360001,Rajkot,GUJARAT,Y,Y,Y,,
,413213,Modnimb,MAHARASHTRA,N,N,N,,
,413584,Terkheda,MAHARASHTRA,Y,Y,N,,
,384175,Unjha,GUJARAT,Y,Y,N,,
,425319,Malkapur,MAHARASHTRA,Y,Y,N,,
,424302,Dhule,MAHARASHTRA,Y,Y,Y,,
,442706,Rajura,MAHARASHTRA,N,N,N,,
,415023,Dahiwadi,MAHARASHTRA,N,N,N,,
,415209,Patan MH,MAHARASHTRA,Y,Y,N,,
,413560,Bhiloli,MAHARASHTRA,Y,Y,N,,
,365615,Amreli,GUJARAT,N,N,N,,
,360570,Kutiyana,GUJARAT,Y,Y,N,,
,395650,Vyara Guj,GUJARAT,Y,Y,N,,
,444120,Akot,MAHARASHTRA,Y,Y,N,,
,443101,Malkapur,MAHARASHTRA,Y,Y,Y,,
,362515,UNAGJ,GUJARAT,Y,Y,N,,
,424003,Nashik,MAHARASHTRA,Y,Y,Y,,
,413618,Murum,MAHARASHTRA,N,N,N,,
,411029,PUNE,MAHARASHTRA,Y,Y,Y,,
,441121,Wardha,MAHARASHTRA,Y,Y,N,,
,404100,Ahmednagar,MAHARASHTRA,Y,Y,Y,,
,401016,Mumbai,MAHARASHTRA,Y,Y,N,,
,382823,Gandhinagar,GUJARAT,Y,Y,Y,,
,360045,Jasdan,GUJARAT,N,N,N,,
,362726,Junagadh,GUJARAT,Y,Y,N,,
,444806,Paratwadda,MAHARASHTRA,Y,Y,N,,
,411040,PUNE,MAHARASHTRA,Y,Y,Y,,
,387510,Nadiad,GUJARAT,Y,Y,N,,
,431152,AURANGABAD,MAHARASHTRA,N,N,N,,
,396325,Bilimora,GUJARAT,Y,Y,N,,
,388350,ANAND,GUJARAT,Y,Y,N,,
,425327,Muktainagar,MAHARASHTRA,Y,Y,Y,,
,431248,AURANGABAD,MAHARASHTRA,N,N,N,,
,443407,Nandura,MAHARASHTRA,N,N,N,,
,425436,Shahada,MAHARASHTRA,Y,Y,N,,
,431505,Manwath,MAHARASHTRA,Y,Y,Y,,
,360460,Upleta,GUJARAT,N,N,N,,
,440030,Nagpur,MAHARASHTRA,Y,Y,Y,,
,416526,Gadhingalaj,MAHARASHTRA,N,N,N,,
,431001,AURANGABAD,MAHARASHTRA,Y,Y,Y,,
,431184,AURANGABAD,MAHARASHTRA,N,N,N,,
,388610,Vatadara,GUJARAT,Y,Y,N,,
,413526,Bhoom,MAHARASHTRA,Y,Y,N,,
,421205,Mumbai,MAHARASHTRA,Y,Y,N,,
,416436,Shirol,MAHARASHTRA,Y,Y,Y,,
,403707,Goa,GOA,N,N,N,,
,414671,Kopargaon,MAHARASHTRA,Y,Y,N,,
,416107,Jawaharnagar,MAHARASHTRA,N,N,N,,
,402110,Shrivardhan,MAHARASHTRA,Y,Y,Y,,
,424110,Chalisgaon,MAHARASHTRA,Y,Y,N,,
,415615,Ratnagiri,MAHARASHTRA,N,N,N,,
,412215,Warwand,MAHARASHTRA,Y,Y,Y,,
,396045,Valsad,GUJARAT,Y,Y,N,,
,382742,Kalol,GUJARAT,N,N,N,,
,400045,Mumbai,MAHARASHTRA,N,N,Y,,
,440010,Nagpur,MAHARASHTRA,Y,Y,Y,,
,412301,Saswad,MAHARASHTRA,Y,Y,N,,
,416005,Kolhapur,MAHARASHTRA,Y,Y,Y,,
,394670,SONGADH,GUJARAT,Y,Y,N,,
,401107,Thane,MAHARASHTRA,N,N,N,,
,364537,Amreli,GUJARAT,N,N,N,,
,421101,Titwala,MAHARASHTRA,N,N,Y,,
,403717,Goa,GOA,Y,Y,Y,,
,425211,Jamner,MAHARASHTRA,Y,Y,N,,
,442310,Hinganghat,MAHARASHTRA,Y,Y,N,,
,444706,Daryapur,MAHARASHTRA,Y,Y,N,,
,400707,Navi Mumbai,MAHARASHTRA,Y,Y,N,,
,442907,WARORA,MAHARASHTRA,Y,Y,Y,,
,396570,Vansda,GUJARAT,Y,Y,N,,
,384292,Patan,GUJARAT,Y,Y,N,,
,425439,Nandurbar,MAHARASHTRA,Y,Y,N,,
,410218,Mumbai,MAHARASHTRA,N,N,Y,,
,385521,Palanpur,GUJARAT,Y,Y,N,,
,431138,AURANGABAD,MAHARASHTRA,N,N,N,,
,422216,Nashik,MAHARASHTRA,Y,Y,N,,
,413589,Paranda,MAHARASHTRA,Y,Y,Y,,
,410503,Manchar,MAHARASHTRA,Y,Y,Y,,
,421201,Mumbai,MAHARASHTRA,Y,Y,Y,,
,444507,Washim,MAHARASHTRA,Y,Y,N,,
,382481,Ahmedabad,GUJARAT,Y,Y,N,,
,365480,Amreli,GUJARAT,Y,Y,Y,,
,431727,Degloor,MAHARASHTRA,Y,Y,N,,
,363315,Dharangathra,GUJARAT,N,N,N,,
,382734,Mehsana,GUJARAT,Y,Y,N,,
,362021,Junagadh,GUJARAT,Y,Y,N,,
,431554,Basmath,MAHARASHTRA,Y,Y,Y,,
,431507,Basmath,MAHARASHTRA,Y,Y,Y,,
,431802,Himayatnagar,MAHARASHTRA,Y,Y,Y,,
,382455,Dhanduka,GUJARAT,N,N,N,,
,422205,Ozhar,MAHARASHTRA,Y,Y,N,,
,440004,Nagpur,MAHARASHTRA,Y,Y,Y,,
,412216,Perne Phata,MAHARASHTRA,Y,Y,N,,
,360545,PORBANDAR,GUJARAT,Y,Y,N,,
,425448,Shahada,MAHARASHTRA,N,N,N,,
,370110,Anjar,GUJARAT,Y,Y,N,,
,360075,Gondal,GUJARAT,N,N,N,,
,443404,Nandura,MAHARASHTRA,Y,Y,Y,,
,365601,Amreli,GUJARAT,N,N,N,,
,412112,Pirangut,MAHARASHTRA,N,N,N,,
,363420,Limdi,GUJARAT,Y,Y,N,,
,403409,Goa,GOA,Y,Y,N,,
,400078,Thane,MAHARASHTRA,Y,Y,Y,,
,443111,Malkapur,MAHARASHTRA,Y,Y,N,,
,392004,Bharuch,GUJARAT,Y,Y,N,,
,441903,Pauni,MAHARASHTRA,Y,Y,N,,
,391510,Halol,GUJARAT,N,N,N,,
,422219,Kalvan,MAHARASHTRA,N,N,N,,
,414002,Ahmednagar,MAHARASHTRA,Y,Y,Y,,
,410514,Junnar,MAHARASHTRA,Y,Y,N,,
,400110,Mumbai,MAHARASHTRA,Y,Y,N,,
,413138,Indapur,MAHARASHTRA,Y,Y,N,,
,416209,Mudhal,MAHARASHTRA,Y,Y,Y,,
,382007,Gandhinagar,GUJARAT,Y,Y,N,,
,411059,PUNE,MAHARASHTRA,Y,Y,Y,,
,400094,Mumbai,MAHARASHTRA,N,N,N,,
,442108,Wardha,MAHARASHTRA,Y,Y,N,,
,384154,Vadnagar,GUJARAT,Y,Y,N,,
,394340,Dwarka,GUJARAT,N,N,N,,
,444705,Anjangaon,MAHARASHTRA,Y,Y,Y,,
,380316,Ahmedabad,GUJARAT,Y,Y,N,,
,400701,Navi Mumbai,MAHARASHTRA,Y,Y,Y,,
,412119,Pirangut,MAHARASHTRA,N,N,N,,
,416418,KAVATHEMAHANKAL,MAHARASHTRA,Y,Y,Y,,
,392162,Bharuch,GUJARAT,Y,Y,N,,
,364296,Mahuva,GUJARAT,Y,Y,N,,
,413124,Indapur,MAHARASHTRA,Y,Y,N,,
,396197,Vapi,GUJARAT,Y,Y,N,,
,387240,Tarapur,GUJARAT,Y,Y,N,,
,413409,Pangri,MAHARASHTRA,N,N,N,,
,384305,Vadnagar,GUJARAT,N,N,N,,
,396360,Bilimora,GUJARAT,Y,Y,N,,
,442105,SELOO,MAHARASHTRA,Y,Y,Y,,
,395023,Surat,GUJARAT,Y,Y,Y,,
,416430,Walwa,MAHARASHTRA,Y,Y,N,,
,412802,Shirwal,MAHARASHTRA,Y,Y,N,,
,403706,Goa,GOA,Y,Y,Y,,
,413236,Jamkhed,MAHARASHTRA,N,N,N,,
,384312,Unjha,GUJARAT,Y,Y,N,,
,422615,Sangamner,MAHARASHTRA,Y,Y,N,,
,442911,Chandrapur,MAHARASHTRA,Y,Y,N,,
,382721,Kalol,GUJARAT,Y,Y,N,,
,391443,VADODARA,GUJARAT,N,N,N,,
,382625,Gandhinagar,GUJARAT,Y,Y,N,,
,423305,Satana,MAHARASHTRA,N,N,N,,
,410200,Mumbai,MAHARASHTRA,N,N,N,,
,413713,TALEGAON DHIGE,MAHARASHTRA,Y,Y,N,,
,364565,Amreli,GUJARAT,N,N,N,,
,382009,Gandhinagar,GUJARAT,Y,Y,N,,
,413712,TALEGAON DHIGE,MAHARASHTRA,Y,Y,Y,,
,396035,Valsad,GUJARAT,Y,Y,N,,
,362733,Junagadh,GUJARAT,Y,Y,N,,
,394664,Vyara Guj,GUJARAT,Y,Y,N,,
,421202,Mumbai,MAHARASHTRA,Y,Y,Y,,
,413215,Solapur,MAHARASHTRA,Y,Y,N,,
,431226,Jalna,MAHARASHTRA,Y,Y,Y,,
,416804,Devgad,MAHARASHTRA,N,N,N,,
,425523,KARHALE,MAHARASHTRA,Y,Y,N,,
,362615,Junagadh,GUJARAT,Y,Y,N,,
,394163,Dwarka,GUJARAT,N,N,N,,
,413551,Paranda,MAHARASHTRA,Y,Y,N,,
,416628,Kudal,MAHARASHTRA,Y,Y,N,,
,416127,Kolhapur,MAHARASHTRA,Y,Y,N,,
,387630,Kapadwanj,GUJARAT,Y,Y,N,,
,380151,Ahmedabad,GUJARAT,Y,Y,N,,
,400702,Navi Mumbai,MAHARASHTRA,Y,Y,N,,
,413614,Jintur,MAHARASHTRA,N,N,N,,
,441228,Saoli,MAHARASHTRA,N,N,N,,
,441701,Arjuni Morgaon,MAHARASHTRA,Y,Y,Y,,
,363351,Halvad,GUJARAT,N,N,N,,
,416316,ASHTA MH,MAHARASHTRA,Y,Y,Y,,
,413536,Terkheda,MAHARASHTRA,Y,Y,Y,,
,388216,VADODARA,GUJARAT,N,N,N,,
,365630,Amreli,GUJARAT,Y,Y,Y,,
,413025,Paranda,MAHARASHTRA,Y,Y,N,,
,444810,Chandurbazar,MAHARASHTRA,N,N,N,,
,999544,Surat,GUJARAT,Y,Y,N,,
,444103,Telhara,MAHARASHTRA,Y,Y,N,,
,415106,Karad,MAHARASHTRA,Y,Y,Y,,
,416007,Kolhapur,MAHARASHTRA,Y,Y,N,,
,364740,Dhasa,GUJARAT,Y,Y,N,,
,431217,Partur,MAHARASHTRA,Y,Y,N,,
,363641,Morbi,GUJARAT,Y,Y,Y,,
,410402,Lonavala,MAHARASHTRA,Y,Y,Y,,
,425204,Bhusawal,MAHARASHTRA,Y,Y,N,,
,431169,AURANGABAD,MAHARASHTRA,N,N,N,,
,441918,Tumsar,MAHARASHTRA,N,N,N,,
,403521,Goa,GOA,Y,Y,N,,
,364365,Amreli,GUJARAT,N,N,N,,
,422103,Sinner,MAHARASHTRA,N,N,N,,
,363334,Halvad,GUJARAT,Y,Y,N,,
,444900,AMRAVATI,MAHARASHTRA,Y,Y,N,,
,401608,Dahanu,MAHARASHTRA,Y,Y,Y,,
,362110,Vishavadar,GUJARAT,Y,Y,N,,
,425410,Shahada,MAHARASHTRA,Y,Y,N,,
,424112,Chalisgaon,MAHARASHTRA,Y,Y,N,,
,365640,Amreli,GUJARAT,Y,Y,Y,,
,412507,Shirwal,MAHARASHTRA,N,N,N,,
,431811,Kinwat,MAHARASHTRA,N,N,N,,
,360006,Rajkot,GUJARAT,Y,Y,Y,,
,362120,Vishavadar,GUJARAT,Y,Y,N,,
,390021,VADODARA,GUJARAT,Y,Y,Y,,
,444511,Patur,MAHARASHTRA,N,N,N,,
,362721,Junagadh,GUJARAT,Y,Y,N,,
,416211,Arjunwad,MAHARASHTRA,Y,Y,N,,
,415207,Patan MH,MAHARASHTRA,Y,Y,N,,
,440035,Nagpur,MAHARASHTRA,Y,Y,Y,,
,411021,PUNE,MAHARASHTRA,N,N,Y,,
,360530,Jamjodhpur,GUJARAT,Y,Y,Y,,
,415551,Lonand,MAHARASHTRA,Y,Y,N,,
,441910,Pauni,MAHARASHTRA,Y,Y,Y,,
,364003,BHAVNAGAR,GUJARAT,Y,Y,N,,
,431539,Parbhani,MAHARASHTRA,Y,Y,N,,
,413287,Kurduwadi,MAHARASHTRA,N,N,N,,
,411070,PUNE,MAHARASHTRA,N,N,N,,
,425431,Shahada,MAHARASHTRA,Y,Y,N,,
,431203,Jalna,MAHARASHTRA,Y,Y,Y,,
,441111,Godhni,MAHARASHTRA,Y,Y,N,,
,361008,Jamnagar,GUJARAT,Y,Y,Y,,
,422608,Sangamner,MAHARASHTRA,Y,Y,N,,
,423116,Lasalgaon,MAHARASHTRA,Y,Y,N,,
,415514,Wai,MAHARASHTRA,Y,Y,Y,,
,403721,Goa,GOA,N,N,N,,
,422503,Nashik,MAHARASHTRA,Y,Y,N,,
,400547,Mumbai,MAHARASHTRA,Y,Y,N,,
,382707,Kalol,GUJARAT,N,N,N,,
,403101,Goa,GOA,Y,Y,N,,
,403703,Goa,GOA,Y,Y,N,,
,361305,Jamnagar,GUJARAT,N,N,N,,
,403401,Goa,GOA,Y,Y,N,,
,400606,Thane,MAHARASHTRA,Y,Y,Y,,
,442918,Gondpipari,MAHARASHTRA,N,N,N,,
,416051,Gadhingalaj,MAHARASHTRA,N,N,N,,
,413632,Omerga,MAHARASHTRA,Y,Y,N,,
,413404,Pangri,MAHARASHTRA,N,N,N,,
,431143,Gevrai,MAHARASHTRA,N,N,N,,
,360410,Dhoraji,GUJARAT,Y,Y,Y,,
,416232,Kolhapur,MAHARASHTRA,N,N,N,,
,394116,ANKLESHWAR,GUJARAT,N,N,N,,
,404220,Ahmednagar,MAHARASHTRA,Y,Y,Y,,
,384206,Mehsana,GUJARAT,Y,Y,N,,
,414709,Yawat,MAHARASHTRA,Y,Y,N,,
,364335,Palitana,GUJARAT,N,N,N,,
,415216,Bambavade,MAHARASHTRA,N,N,N,,
,396165,UMBERGAON,GUJARAT,Y,Y,N,,
,390014,VADODARA,GUJARAT,Y,Y,Y,,
,390018,VADODARA,GUJARAT,Y,Y,Y,,
,384260,Patan,GUJARAT,N,N,N,,
,360004,Rajkot,GUJARAT,Y,Y,Y,,
,440003,Nagpur,MAHARASHTRA,Y,Y,Y,,
,431801,Bhokar,MAHARASHTRA,Y,Y,Y,,
,411003,PUNE,MAHARASHTRA,Y,Y,Y,,
,441922,Bhandara,MAHARASHTRA,Y,Y,N,,
,370002,BHUJ,GUJARAT,Y,Y,N,,
,444405,BARSHITAKLI,MAHARASHTRA,Y,Y,N,,
,413575,Osmanabad,MAHARASHTRA,N,N,N,,
,394211,Surat,GUJARAT,Y,Y,N,,
,384355,Vadnagar,GUJARAT,Y,Y,N,,
,396562,Bharuch,GUJARAT,Y,Y,N,,
,411071,PUNE,MAHARASHTRA,N,N,N,,
,411012,PUNE,MAHARASHTRA,Y,Y,Y,,
,403530,Goa,GOA,Y,Y,N,,
,362268,Veraval,GUJARAT,Y,Y,N,,
,431803,Himayatnagar,MAHARASHTRA,Y,Y,N,,
,416101,Jaysingpur,MAHARASHTRA,Y,Y,Y,,
,411099,PUNE,MAHARASHTRA,Y,Y,N,,
,360583,PORBANDAR,GUJARAT,Y,Y,N,,
,442507,Chandrapur,MAHARASHTRA,Y,Y,N,,
,415107,Koregaon,MAHARASHTRA,Y,Y,N,,
,361001,Jamnagar,GUJARAT,Y,Y,Y,,
,425107,Chopda,MAHARASHTRA,Y,Y,Y,,
,444814,Daryapur,MAHARASHTRA,Y,Y,N,,
,411008,PUNE,MAHARASHTRA,Y,Y,Y,,
,395010,Surat,GUJARAT,Y,Y,Y,,
,396228,SILVASSA,GUJARAT,Y,Y,N,,
,364515,Savarkundla,GUJARAT,Y,Y,Y,,
,392310,BHAVNAGAR,GUJARAT,Y,Y,N,,
,402202,Alibaug,MAHARASHTRA,N,N,N,,
,425113,Erandol,MAHARASHTRA,N,N,N,,
,413116,Baramati,MAHARASHTRA,Y,Y,Y,,
,431533,Partur,MAHARASHTRA,Y,Y,N,,
,362036,UNAGJ,GUJARAT,Y,Y,N,,
,364481,Amreli,GUJARAT,Y,Y,N,,
,363310,Dharangathra,GUJARAT,Y,Y,N,,
,361110,Jamnagar,GUJARAT,Y,Y,N,,
,365632,Amreli,GUJARAT,Y,Y,N,,
,411061,PUNE,MAHARASHTRA,Y,Y,Y,,
,441914,Bhandara,MAHARASHTRA,Y,Y,N,,
,416510,Sawantwadi,MAHARASHTRA,Y,Y,N,,
,411093,PUNE,MAHARASHTRA,N,N,N,,
,444902,Morshi,MAHARASHTRA,Y,Y,N,,
,413005,Solapur,MAHARASHTRA,Y,Y,Y,,
,384257,Patan,GUJARAT,Y,Y,N,,
,415102,Mayani,MAHARASHTRA,N,N,N,,
,440000,Nagpur,MAHARASHTRA,Y,Y,Y,,
,382726,Kalol,GUJARAT,N,N,N,,
,420421,Mumbai,MAHARASHTRA,N,N,N,,
,425438,Shahada,MAHARASHTRA,Y,Y,N,,
,415518,Satara,MAHARASHTRA,N,N,N,,
,441109,Saoner,MAHARASHTRA,Y,Y,Y,,
,410708,PUNE,MAHARASHTRA,Y,Y,N,,
,360650,Kutiyana,GUJARAT,N,N,N,,
,380058,Ahmedabad,GUJARAT,N,N,N,,
,380059,Ahmedabad,GUJARAT,Y,Y,N,,
,431511,Purna,MAHARASHTRA,Y,Y,Y,,
,416009,Balinga,MAHARASHTRA,N,N,N,,
,431739,Degloor,MAHARASHTRA,Y,Y,N,,
,364071,BHAVNAGAR,GUJARAT,Y,Y,N,,
,445208,Pusad,MAHARASHTRA,Y,Y,N,,
,400105,Mumbai,MAHARASHTRA,Y,Y,N,,
,382044,Gandhinagar,GUJARAT,Y,Y,N,,
,364435,Amreli,GUJARAT,N,N,N,,
,425130,Jalgaon,MAHARASHTRA,Y,Y,N,,
,444720,Chandurbazar,MAHARASHTRA,N,N,N,,
,394518,Surat,GUJARAT,Y,Y,N,,
,362250,Mangrol,GUJARAT,Y,Y,N,,
,445213,Umarkhed,MAHARASHTRA,Y,Y,N,,
,413022,Barshi,MAHARASHTRA,N,N,Y,,
,403505,Goa,GOA,Y,Y,N,,
,442917,Gadchandur,MAHARASHTRA,Y,Y,N,,
,413554,Hingoli,MAHARASHTRA,N,N,N,,
,416612,Devgad,MAHARASHTRA,Y,Y,Y,,
,387421,Nadiad,GUJARAT,N,N,N,,
,403010,Banda MH,MAHARASHTRA,N,N,N,,
,422001,Nashik,MAHARASHTRA,Y,Y,Y,,
,413533,Udgir,MAHARASHTRA,Y,Y,N,,
,400125,Mumbai,MAHARASHTRA,Y,Y,N,,
,400038,Mumbai,MAHARASHTRA,Y,Y,N,,
,431515,Hingoli,MAHARASHTRA,Y,Y,Y,,
,431743,Umarkhed,MAHARASHTRA,Y,Y,N,,
,415012,Medha,MAHARASHTRA,N,N,N,,
,387350,Nadiad,GUJARAT,Y,Y,N,,
,382832,Vijapur,GUJARAT,Y,Y,N,,
,422617,Sangamner,MAHARASHTRA,Y,Y,N,,
,415501,Koregaon,MAHARASHTRA,Y,Y,Y,,
,442704,Allapali,MAHARASHTRA,Y,Y,N,,
,413622,Aundha Nagnath,MAHARASHTRA,N,N,N,,
,403712,Goa,GOA,Y,Y,Y,,
,416613,Devgad,MAHARASHTRA,Y,Y,Y,,
,445003,Yavatmal,MAHARASHTRA,Y,Y,N,,
,362248,Keshod,GUJARAT,Y,Y,N,,
,362520,UNAGJ,GUJARAT,Y,Y,N,,
,425118,Jalgaon,MAHARASHTRA,Y,Y,N,,
,413234,Jamkhed,MAHARASHTRA,N,N,N,,
,346003,Palitana,GUJARAT,N,N,N,,
,403102,Goa,GOA,Y,Y,Y,,
,431733,Dharmabad,MAHARASHTRA,Y,Y,N,,
,392160,Bharuch,GUJARAT,N,N,N,,
,410211,Navi Mumbai,MAHARASHTRA,N,N,N,,
,413580,Bembli,MAHARASHTRA,N,N,N,,
,416098,Talere,MAHARASHTRA,N,N,N,,
,431175,Manjarsumba,MAHARASHTRA,Y,Y,N,,
,413255,Solapur,MAHARASHTRA,Y,Y,Y,,
,362004,Junagadh,GUJARAT,N,N,N,,
,380016,Ahmedabad,GUJARAT,Y,Y,N,,
,396238,UMBERGAON,GUJARAT,Y,Y,N,,
,422220,Nashik,MAHARASHTRA,Y,Y,N,,
,425304,Yawal,MAHARASHTRA,Y,Y,N,,
,396523,Bilimora,GUJARAT,Y,Y,N,,
,411072,PUNE,MAHARASHTRA,N,N,N,,
,415708,Khed,MAHARASHTRA,Y,Y,N,,
,413224,Solapur,MAHARASHTRA,Y,Y,Y,,
,382019,Gandhinagar,GUJARAT,Y,Y,N,,
,440022,Nagpur,MAHARASHTRA,Y,Y,Y,,
,393010,ANKLESHWAR,GUJARAT,Y,Y,Y,,
,401301,Palghar,MAHARASHTRA,Y,Y,N,,
,445323,Yavatmal,MAHARASHTRA,N,N,N,,
,412103,Baramati,MAHARASHTRA,Y,Y,N,,
,401504,Palghar,MAHARASHTRA,N,N,N,,
,370061,BHUJ,GUJARAT,Y,Y,N,,
,400079,Mumbai,MAHARASHTRA,Y,Y,Y,,
,380215,Ahmedabad,GUJARAT,Y,Y,N,,
,413197,Indapur,MAHARASHTRA,Y,Y,N,,
,385210,Palanpur,GUJARAT,N,N,N,,
,388307,ANAND,GUJARAT,N,N,N,,
,441204,Nagpur,MAHARASHTRA,Y,Y,N,,
,416433,KAVATHEMAHANKAL,MAHARASHTRA,Y,Y,N,,
,382861,Vijapur,GUJARAT,Y,Y,N,,
,403715,Goa,GOA,Y,Y,N,,
,416528,Vengurla,MAHARASHTRA,Y,Y,Y,,
,441106,Ramtek,MAHARASHTRA,N,N,N,,
,382325,Ahmedabad,GUJARAT,Y,Y,N,,
,415705,Guhagar,MAHARASHTRA,N,N,N,,
,413024,Akluj,MAHARASHTRA,Y,Y,N,,
,421501,Thane,MAHARASHTRA,Y,Y,Y,,
,416222,Balinga,MAHARASHTRA,N,N,N,,
,384240,Harij,GUJARAT,N,N,N,,
,444104,Akola,MAHARASHTRA,Y,Y,N,,
,403728,Goa,GOA,Y,Y,N,,
,416604,Kudal,MAHARASHTRA,Y,Y,N,,
,400029,Mumbai,MAHARASHTRA,Y,Y,N,,
,425516,KARHALE,MAHARASHTRA,Y,Y,N,,
,425328,Yawal,MAHARASHTRA,Y,Y,N,,
,388580,Vatadara,GUJARAT,Y,Y,N,,
,413628,Murum,MAHARASHTRA,N,N,N,,
,416065,Hupari,MAHARASHTRA,N,N,N,,
,362269,Veraval,GUJARAT,Y,Y,N,,
,362231,Keshod,GUJARAT,Y,Y,N,,
,400703,Mumbai,MAHARASHTRA,Y,Y,Y,,
,425449,Nandurbar,MAHARASHTRA,Y,Y,Y,,
,360577,PORBANDAR,GUJARAT,Y,Y,Y,,
,400700,Mumbai,MAHARASHTRA,Y,Y,Y,,
,401206,Palghar,MAHARASHTRA,N,N,N,,
,387411,Nadiad,GUJARAT,Y,Y,N,,
,382025,Gandhinagar,GUJARAT,Y,Y,N,,
,416534,Kudal,MAHARASHTRA,Y,Y,N,,
,414112,Ahmednagar,MAHARASHTRA,N,N,N,,
,444402,Manglurpir,MAHARASHTRA,Y,Y,N,,
,361350,Dwarka,GUJARAT,Y,Y,N,,
,392021,Bharuch,GUJARAT,Y,Y,N,,
,384345,Vadnagar,GUJARAT,Y,Y,Y,,
,404001,Karmala,MAHARASHTRA,N,N,N,,
,400010,Mumbai,MAHARASHTRA,N,N,Y,,
,413557,Nilanga,MAHARASHTRA,N,N,N,,
,425002,Jalgaon,MAHARASHTRA,Y,Y,N,,
,390009,VADODARA,GUJARAT,Y,Y,Y,,
,391380,VADODARA,GUJARAT,N,N,N,,
,416025,Jawaharnagar,MAHARASHTRA,N,N,N,,
,431263,Gevrai,MAHARASHTRA,Y,Y,N,,
,384122,Mehsana,GUJARAT,Y,Y,N,,
,364251,Palitana,GUJARAT,N,N,N,,
,416529,Kudal,MAHARASHTRA,Y,Y,N,,
,413550,Nilanga,MAHARASHTRA,N,N,N,,
,362133,Vishavadar,GUJARAT,Y,Y,N,,
,364150,TALAJA,GUJARAT,Y,Y,N,,
,384256,Patan,GUJARAT,Y,Y,N,,
,387710,Nadiad,GUJARAT,Y,Y,N,,
,393021,ANKLESHWAR,GUJARAT,Y,Y,N,,
,384270,Unjha,GUJARAT,Y,Y,N,,
,362276,Junagadh,GUJARAT,N,N,N,,
,415103,Karad,MAHARASHTRA,Y,Y,N,,
,444312,Khamgaon,MAHARASHTRA,Y,Y,Y,,
,380013,Ahmedabad,GUJARAT,Y,Y,N,,
,384235,Becharaji,GUJARAT,Y,Y,N,,
,382121,Kalol,GUJARAT,N,N,N,,
,389365,Halol,GUJARAT,N,N,N,,
,384011,Mehsana,GUJARAT,Y,Y,N,,
,362271,Junagadh,GUJARAT,Y,Y,N,,
,413633,Omerga,MAHARASHTRA,Y,Y,N,,
,400602,Thane,MAHARASHTRA,Y,Y,Y,,
,411083,PUNE,MAHARASHTRA,Y,Y,Y,,
,380003,Ahmedabad,GUJARAT,Y,Y,N,,
,422402,Nashik,MAHARASHTRA,Y,Y,Y,,
,360022,Rajkot,GUJARAT,Y,Y,Y,,
,440021,Nagpur,MAHARASHTRA,Y,Y,Y,,
,393145,Rajpipla,GUJARAT,N,N,N,,
,364620,Amreli,GUJARAT,N,N,N,,
,444603,AMRAVATI,MAHARASHTRA,Y,Y,Y,,
,382610,Gandhinagar,GUJARAT,Y,Y,N,,
,364436,Amreli,GUJARAT,N,N,N,,
,360421,Dhoraji,GUJARAT,N,N,N,,
,422502,Deolali Camp,MAHARASHTRA,Y,Y,N,,
,423705,AURANGABAD,MAHARASHTRA,N,N,N,,
,394631,ANKLESHWAR,GUJARAT,Y,Y,N,,
,412311,Saswad,MAHARASHTRA,Y,Y,N,,
,401102,Saphale,MAHARASHTRA,N,N,N,,
,414701,Kashti,MAHARASHTRA,N,N,N,,
,423105,Malegaon,MAHARASHTRA,Y,Y,N,,
,412001,Telegaon,MAHARASHTRA,N,N,N,,
,396196,Vapi,GUJARAT,Y,Y,N,,
,413701,Shrigonda,MAHARASHTRA,N,N,N,,
,413508,Sonari MH,MAHARASHTRA,N,N,N,,
,441221,Sindewahi,MAHARASHTRA,Y,Y,N,,
,382725,Kalol,GUJARAT,Y,Y,N,,
,422008,Nashik,MAHARASHTRA,Y,Y,Y,,
,370201,Gandhidham,GUJARAT,Y,Y,Y,,
,382722,Kalol,GUJARAT,N,N,N,,
,443403,Jalgaon Jamod,MAHARASHTRA,Y,Y,N,,
,411028,PUNE,MAHARASHTRA,Y,Y,Y,,
,424210,Jamner,MAHARASHTRA,Y,Y,N,,
,416502,Gadhingalaj,MAHARASHTRA,Y,Y,N,,
,394335,Bardoli,GUJARAT,Y,Y,N,,
,431209,Ambad,MAHARASHTRA,Y,Y,N,,
,403718,Goa,GOA,Y,Y,N,,
,403517,Goa,GOA,N,N,N,,
,380007,Ahmedabad,GUJARAT,Y,Y,N,,
,415540,Mhaswad,MAHARASHTRA,Y,Y,Y,,
,441209,Kurkhude,MAHARASHTRA,N,N,N,,
,431157,Manjarsumba,MAHARASHTRA,Y,Y,N,,
,403725,Goa,GOA,Y,Y,Y,,
,440027,Nagpur,MAHARASHTRA,Y,Y,Y,,
,425119,Jalgaon,MAHARASHTRA,Y,Y,N,,
,410506,Telegaon,MAHARASHTRA,Y,Y,Y,,
,443002,Buldhana,MAHARASHTRA,N,N,N,,
,431164,Rahuri,MAHARASHTRA,Y,Y,N,,
,444609,AMRAVATI,MAHARASHTRA,N,N,N,,
,390020,VADODARA,GUJARAT,Y,Y,Y,,
,444307,Chikhli,MAHARASHTRA,N,N,Y,,
,400019,Mumbai,MAHARASHTRA,Y,Y,Y,,
,441612,Gondia,MAHARASHTRA,Y,Y,N,,
,380210,Ahmedabad,GUJARAT,N,N,N,,
,431815,Kinwat,MAHARASHTRA,N,N,N,,
,431207,Partur,MAHARASHTRA,Y,Y,Y,,
,394210,Surat,GUJARAT,Y,Y,Y,,
,413556,Nilanga,MAHARASHTRA,N,N,N,,
,445301,Yavatmal,MAHARASHTRA,Y,Y,N,,
,382024,Gandhinagar,GUJARAT,Y,Y,N,,
,415402,Battisshirala,MAHARASHTRA,Y,Y,N,,
,413225,Solapur,MAHARASHTRA,Y,Y,N,,
,413202,Jeur,MAHARASHTRA,Y,Y,N,,
,412208,Shikrapur,MAHARASHTRA,N,N,N,,
,380004,Ahmedabad,GUJARAT,Y,Y,N,,
,394635,Vansda,GUJARAT,Y,Y,N,,
,400031,Mumbai,MAHARASHTRA,Y,Y,N,,
,400084,Mumbai,MAHARASHTRA,Y,Y,Y,,
,360034,Gondal,GUJARAT,N,N,N,,
,421005,Mumbai,MAHARASHTRA,Y,Y,Y,,
,400202,Mumbai,MAHARASHTRA,Y,Y,N,,
,400012,Mumbai,MAHARASHTRA,Y,Y,Y,,
,416312,Tasgaon,MAHARASHTRA,Y,Y,N,,
,389001,Godhra,GUJARAT,Y,Y,Y,,
,440015,Nagpur,MAHARASHTRA,Y,Y,Y,,
,423120,Jalna,MAHARASHTRA,Y,Y,Y,,
,425203,Bhusawal,MAHARASHTRA,Y,Y,Y,,
,444504,Jahangirmalegaon,MAHARASHTRA,Y,Y,N,,
,425409,Shahada,MAHARASHTRA,Y,Y,N,,
,394620,Bardoli,GUJARAT,Y,Y,N,,
,415617,Chafe,MAHARASHTRA,Y,Y,Y,,
,424312,Nashik,MAHARASHTRA,Y,Y,Y,,
,411091,PUNE,MAHARASHTRA,Y,Y,Y,,
,414208,KADA,MAHARASHTRA,N,N,N,,
,382330,Ahmedabad,GUJARAT,Y,Y,N,,
,440531,Nagpur,MAHARASHTRA,Y,Y,N,,
,412303,Jejuri,MAHARASHTRA,Y,Y,Y,,
,416531,Sawantwadi,MAHARASHTRA,N,N,N,,
,416204,Balinga,MAHARASHTRA,N,N,N,,
,415729,Guhagar,MAHARASHTRA,N,N,N,,
,364445,Amreli,GUJARAT,Y,Y,N,,
,391320,VADODARA,GUJARAT,Y,Y,Y,,
,999100,PUNE,MAHARASHTRA,Y,Y,Y,,
,370630,Dayapar,GUJARAT,N,N,N,,
,384131,Vadnagar,GUJARAT,Y,Y,N,,
,400709,Mumbai,MAHARASHTRA,Y,Y,Y,,
,400046,Mumbai,MAHARASHTRA,N,N,Y,,
,415407,Kameri,MAHARASHTRA,Y,Y,N,,
,402406,Sonari MH,MAHARASHTRA,N,N,N,,
,416421,Sangali,MAHARASHTRA,Y,Y,N,,
,415505,Vaduj,MAHARASHTRA,N,N,N,,
,415717,Dapoli,MAHARASHTRA,N,N,N,,
,425125,Jalgaon,MAHARASHTRA,Y,Y,N,,
,413518,Udgir,MAHARASHTRA,Y,Y,N,,
,425131,Jalgaon,MAHARASHTRA,Y,Y,N,,
,392003,ANKLESHWAR,GUJARAT,N,N,N,,
,445212,Umarkhed,MAHARASHTRA,Y,Y,N,,
,444105,Karanjalad,MAHARASHTRA,Y,Y,Y,,
,364320,Dhola,GUJARAT,N,N,N,,
,413612,Tuljapur,MAHARASHTRA,Y,Y,N,,
,402304,Mangaon,MAHARASHTRA,Y,Y,Y,,
,388630,Khambat,GUJARAT,Y,Y,N,,
,400401,Mumbai,MAHARASHTRA,Y,Y,N,,
,400066,Mumbai,MAHARASHTRA,N,N,N,,
,400208,Mumbai,MAHARASHTRA,Y,Y,N,,
,413209,Kurduwadi,MAHARASHTRA,N,N,N,,
,393131,Navsari,GUJARAT,Y,Y,N,,
,392030,Bharuch,GUJARAT,Y,Y,N,,
,382719,Kalol,GUJARAT,N,N,N,,
,419209,Mumbai,MAHARASHTRA,Y,Y,N,,
,431148,Paithan,MAHARASHTRA,Y,Y,N,,
,431262,Gevrai,MAHARASHTRA,Y,Y,N,,
,403108,Goa,GOA,Y,Y,N,,
,415712,Dapoli,MAHARASHTRA,N,N,N,,
,415515,Wai,MAHARASHTRA,Y,Y,Y,,
,444802,Daryapur,MAHARASHTRA,N,N,N,,
,400060,Mumbai,MAHARASHTRA,Y,Y,Y,,
,416071,Hupari,MAHARASHTRA,N,N,N,,
,413006,Solapur,MAHARASHTRA,Y,Y,Y,,
,431747,Mudkhed,MAHARASHTRA,Y,Y,N,,
,392105,Bharuch,GUJARAT,Y,Y,N,,
,414405,Rahata,MAHARASHTRA,Y,Y,N,,
,442701,Durgapur MH,MAHARASHTRA,Y,Y,N,,
,444910,Warud,MAHARASHTRA,N,N,N,,
,413325,Sangola,MAHARASHTRA,N,N,N,,
,431715,Mukhed,MAHARASHTRA,N,N,N,,
,413629,Murum,MAHARASHTRA,N,N,N,,
,401210,Palghar,MAHARASHTRA,Y,Y,Y,,
,422009,Nashik,MAHARASHTRA,Y,Y,Y,,
,413204,Jamkhed,MAHARASHTRA,N,N,N,,
,363430,Surendranagar,GUJARAT,N,N,N,,
,391742,VADODARA,GUJARAT,N,N,N,,
,382018,Gandhinagar,GUJARAT,N,N,N,,
,441203,Umred,MAHARASHTRA,Y,Y,Y,,
,423211,Dabhadi Malegaon,MAHARASHTRA,N,N,N,,
,415604,Chiplun,MAHARASHTRA,Y,Y,N,,
,414108,Ahmednagar,MAHARASHTRA,Y,Y,Y,,
,415004,Saidapura Satara,MAHARASHTRA,Y,Y,Y,,
,411062,PUNE,MAHARASHTRA,Y,Y,Y,,
,382797,Vijapur,GUJARAT,Y,Y,N,,
,421204,DESAIGAON,MAHARASHTRA,Y,Y,Y,,
,395375,Bardoli,GUJARAT,Y,Y,N,,
,422302,SAIKHEDA,MAHARASHTRA,N,N,N,,
,416810,Talere,MAHARASHTRA,N,N,N,,
,400056,Mumbai,MAHARASHTRA,Y,Y,Y,,
,360515,Bhanvad,GUJARAT,N,N,N,,
,384215,Unjha,GUJARAT,Y,Y,N,,
,425401,Amalner,MAHARASHTRA,Y,Y,N,,
,392163,Bharuch,GUJARAT,Y,Y,N,,
,380060,Ahmedabad,GUJARAT,Y,Y,N,,
,415001,Saidapura Satara,MAHARASHTRA,Y,Y,Y,,
,396021,Valsad,GUJARAT,Y,Y,N,,
,382650,Mansa GJ,GUJARAT,Y,Y,N,,
,413553,Hingoli,MAHARASHTRA,N,N,N,,
,411017,PUNE,MAHARASHTRA,Y,Y,Y,,
,413169,Jawala,MAHARASHTRA,N,N,N,,
,390001,VADODARA,GUJARAT,Y,Y,Y,,
,362249,Keshod,GUJARAT,Y,Y,N,,
,400037,Mumbai,MAHARASHTRA,Y,Y,Y,,
,413514,Ahmedpur,MAHARASHTRA,Y,Y,N,,
,414105,Sonai,MAHARASHTRA,Y,Y,Y,,
,411015,PUNE,MAHARASHTRA,Y,Y,N,,
,400101,Mumbai,MAHARASHTRA,Y,Y,Y,,
,396209,Vapi,GUJARAT,Y,Y,N,,
,384274,Patan,GUJARAT,Y,Y,N,,
,425101,Paldhi,MAHARASHTRA,N,N,N,,
,415570,AURANGABAD,MAHARASHTRA,N,N,N,,
,425316,Malkapur,MAHARASHTRA,Y,Y,N,,
,412231,Khandala,MAHARASHTRA,N,N,N,,
,402404,Shrivardhan,MAHARASHTRA,Y,Y,N,,
,403408,Goa,GOA,N,N,N,,
,387001,Nadiad,GUJARAT,Y,Y,N,,
,414204,PATODA,MAHARASHTRA,Y,Y,Y,,
,413601,Tuljapur,MAHARASHTRA,Y,Y,N,,
,370170,Botad,GUJARAT,Y,Y,N,,
,415703,Guhagar,MAHARASHTRA,Y,Y,N,,
,391345,VADODARA,GUJARAT,Y,Y,Y,,
,415637,Sangmeshwar,MAHARASHTRA,N,N,N,,
,424104,Kajgaon,MAHARASHTRA,Y,Y,N,,
,416306,Tasgaon,MAHARASHTRA,Y,Y,Y,,
,396540,Vansda,GUJARAT,Y,Y,N,,
,389150,VADODARA,GUJARAT,Y,Y,N,,
,365560,Jafrabad,GUJARAT,Y,Y,N,,
,443202,Buldhana,MAHARASHTRA,N,N,N,,
,384176,Mehsana,GUJARAT,N,N,N,,
,403731,Goa,GOA,Y,Y,Y,,
,411074,PUNE,MAHARASHTRA,Y,Y,Y,,
,364519,Amreli,GUJARAT,N,N,N,,
,396217,UMBERGAON,GUJARAT,Y,Y,N,,
,362014,Dhoraji,GUJARAT,Y,Y,N,,
,383001,Himmat Nagar,GUJARAT,Y,Y,Y,,
,416428,KAVATHEMAHANKAL,MAHARASHTRA,Y,Y,Y,,
,403111,Goa,GOA,Y,Y,N,,
,445203,Digras,MAHARASHTRA,Y,Y,N,,
,382465,Dhanduka,GUJARAT,N,N,N,,
,389330,Halol,GUJARAT,N,N,N,,
,431806,Mudkhed,MAHARASHTRA,Y,Y,Y,,
,431508,Jintur,MAHARASHTRA,N,N,N,,
,441601,Gondia,MAHARASHTRA,Y,Y,Y,,
,384230,Harij,GUJARAT,N,N,N,,
,400705,Mumbai,MAHARASHTRA,Y,Y,Y,,
,413021,Barshi,MAHARASHTRA,N,N,Y,,
,442902,Chandrapur,MAHARASHTRA,Y,Y,Y,,
,431728,Dharmabad,MAHARASHTRA,Y,Y,N,,
,370132,Gandhidham,GUJARAT,Y,Y,N,,
,411022,PUNE,MAHARASHTRA,Y,Y,Y,,
,421307,Thane,MAHARASHTRA,Y,Y,N,,
,431602,Nanded,MAHARASHTRA,Y,Y,Y,,
,442903,Chimur,MAHARASHTRA,N,N,N,,
,391740,VADODARA,GUJARAT,Y,Y,Y,,
,413196,Indapur,MAHARASHTRA,Y,Y,N,,
,441909,Tumsar,MAHARASHTRA,Y,Y,N,,
,431818,Mudkhed,MAHARASHTRA,Y,Y,N,,
,380054,Ahmedabad,GUJARAT,Y,Y,N,,
,391351,VADODARA,GUJARAT,N,N,N,,
,362136,UNAGJ,GUJARAT,Y,Y,N,,
,431561,Basmath,MAHARASHTRA,Y,Y,Y,,
,416106,Nandani,MAHARASHTRA,Y,Y,N,,
,361007,Jamnagar,GUJARAT,Y,Y,Y,,
,364431,Amreli,GUJARAT,N,N,N,,
,411094,PUNE,MAHARASHTRA,N,N,N,,
,415630,Ratnagiri,MAHARASHTRA,Y,Y,N,,
,389130,Piplod,GUJARAT,Y,Y,N,,
,382424,Ahmedabad,GUJARAT,Y,Y,N,,
,396185,Vapi,GUJARAT,Y,Y,N,,
,441915,Tumsar,MAHARASHTRA,Y,Y,N,,
,413568,Osmanabad,MAHARASHTRA,N,N,N,,
,431520,Hingoli,MAHARASHTRA,Y,Y,N,,
,388421,Nadiad,GUJARAT,Y,Y,N,,
,445402,RALEGAON,MAHARASHTRA,Y,Y,Y,,
,413235,Jamkhed,MAHARASHTRA,N,N,N,,
,388120,ANAND,GUJARAT,Y,Y,Y,,
,445205,Mahagaon,MAHARASHTRA,Y,Y,Y,,
,402109,Nagothana,MAHARASHTRA,Y,Y,Y,,
,380075,Ahmedabad,GUJARAT,Y,Y,N,,
,400617,Mumbai,MAHARASHTRA,Y,Y,N,,
,416419,KAVATHEMAHANKAL,MAHARASHTRA,Y,Y,Y,,
,385007,Palanpur,GUJARAT,Y,Y,N,,
,442306,Pulgaon,MAHARASHTRA,Y,Y,N,,
,425511,KARHALE,MAHARASHTRA,Y,Y,N,,
,382026,Gandhinagar,GUJARAT,N,N,N,,
,384172,Vadnagar,GUJARAT,Y,Y,N,,
,364004,BHAVNAGAR,GUJARAT,Y,Y,N,,
,380062,Ahmedabad,GUJARAT,N,N,N,,
,403004,Goa,GOA,N,N,N,,
,415556,Dahiwadi,MAHARASHTRA,N,N,N,,
,382731,Kalol,GUJARAT,N,N,N,,
,370460,Mandvi,GUJARAT,Y,Y,Y,,
,444308,Shegaon MH,MAHARASHTRA,N,N,N,,
,384111,Patan,GUJARAT,Y,Y,N,,
,410005,Arjunwad,MAHARASHTRA,N,N,N,,
,360021,Rajkot,GUJARAT,Y,Y,Y,,
,413133,Baramati,MAHARASHTRA,Y,Y,N,,
,431201,AURANGABAD,MAHARASHTRA,N,N,N,,
,413583,Terkheda,MAHARASHTRA,Y,Y,N,,
,441906,Bhandara,MAHARASHTRA,Y,Y,Y,,
,416425,Shirol,MAHARASHTRA,Y,Y,Y,,
,413592,Osmanabad,MAHARASHTRA,N,N,N,,
,384211,Becharaji,GUJARAT,Y,Y,N,,
,431540,Parbhani,MAHARASHTRA,Y,Y,N,,
,382324,Ahmedabad,GUJARAT,N,N,N,,
,370040,BHUJ,GUJARAT,Y,Y,N,,
,413574,Osmanabad,MAHARASHTRA,N,N,N,,
,401103,Dahanu,MAHARASHTRA,N,N,N,,
,411089,PUNE,MAHARASHTRA,N,N,N,,
,384280,Patan,GUJARAT,N,N,N,,
,413608,Lohara,MAHARASHTRA,N,N,N,,
,413103,Indapur,MAHARASHTRA,Y,Y,N,,
,413532,Ahmedpur,MAHARASHTRA,Y,Y,Y,,
,411001,PUNE,MAHARASHTRA,Y,Y,Y,,
,400047,Mumbai,MAHARASHTRA,Y,Y,N,,
,392011,Bharuch,GUJARAT,Y,Y,Y,,
,412101,Telegaon,MAHARASHTRA,Y,Y,N,,
,382020,Gandhinagar,GUJARAT,Y,Y,Y,,
,400064,Mumbai,MAHARASHTRA,Y,Y,Y,,
,431759,Aundha Nagnath,MAHARASHTRA,N,N,N,,
,441801,Gondia,MAHARASHTRA,Y,Y,N,,
,382427,Ahmedabad,GUJARAT,Y,Y,N,,
,362037,Junagadh,GUJARAT,Y,Y,N,,
,415111,Ghogaon,MAHARASHTRA,N,N,N,,
,403203,Goa,GOA,Y,Y,N,,
,382445,Ahmedabad,GUJARAT,Y,Y,N,,
,425422,Shahada,MAHARASHTRA,Y,Y,N,,
,425320,Malkapur,MAHARASHTRA,Y,Y,N,,
,370620,Nakhtrana,GUJARAT,Y,Y,N,,
,441923,TIRODA,MAHARASHTRA,Y,Y,N,,
,382042,Gandhinagar,GUJARAT,Y,Y,N,,
,402106,Nagothana,MAHARASHTRA,N,N,Y,,
,440033,Nagpur,MAHARASHTRA,Y,Y,Y,,
,391101,VADODARA,GUJARAT,N,N,N,,
,441908,Pauni,MAHARASHTRA,Y,Y,N,,
,414011,NEWASA,MAHARASHTRA,N,N,N,,
,443302,Mehkar,MAHARASHTRA,Y,Y,N,,
,394515,Surat,GUJARAT,Y,Y,N,,
,421306,Mumbai,MAHARASHTRA,Y,Y,N,,
,413131,Indapur,MAHARASHTRA,Y,Y,N,,
,370611,BHUJ,GUJARAT,Y,Y,N,,
,422006,Nashik,MAHARASHTRA,Y,Y,Y,,
,412223,Ranjangaon,MAHARASHTRA,Y,Y,N,,
,388217,VADODARA,GUJARAT,N,N,N,,
,413599,Aundha Nagnath,MAHARASHTRA,N,N,N,,
,382863,Mehsana,GUJARAT,N,N,N,,
,403529,Goa,GOA,Y,Y,Y,,
,385522,Palanpur,GUJARAT,Y,Y,N,,
,444005,Akola,MAHARASHTRA,Y,Y,Y,,
,396170,UMBERGAON,GUJARAT,Y,Y,N,,
,423702,AURANGABAD,MAHARASHTRA,Y,Y,Y,,
,392150,Jambusar,GUJARAT,Y,Y,Y,,
,381520,Valsad,GUJARAT,Y,Y,N,,
,442109,Wardha,MAHARASHTRA,Y,Y,N,,
,431006,AURANGABAD,MAHARASHTRA,Y,Y,Y,,
,440020,Nagpur,MAHARASHTRA,Y,Y,Y,,
,412239,Nasrapur MH,MAHARASHTRA,N,N,N,,
,415568,Dahiwadi,MAHARASHTRA,N,N,N,,
,382014,Gandhinagar,GUJARAT,Y,Y,N,,
,394650,Vyara Guj,GUJARAT,Y,Y,N,,
,365540,Jafrabad,GUJARAT,Y,Y,Y,,
,431524,Ambejogai,MAHARASHTRA,N,N,N,,
,380021,Ahmedabad,GUJARAT,N,N,N,,
,388320,ANAND,GUJARAT,Y,Y,Y,,
,443203,Buldhana,MAHARASHTRA,N,N,N,,
,431411,Manwath,MAHARASHTRA,N,N,N,,
,416203,Hupari,MAHARASHTRA,Y,Y,N,,
,441917,Bhandara,MAHARASHTRA,Y,Y,N,,
,394516,Surat,GUJARAT,Y,Y,Y,,
,380045,Ahmedabad,GUJARAT,N,N,N,,
,390019,VADODARA,GUJARAT,Y,Y,Y,,
,445202,DARWAH,MAHARASHTRA,Y,Y,N,,
,393120,Rajpardi,GUJARAT,N,N,N,,
,414602,Sonai,MAHARASHTRA,Y,Y,Y,,
,424314,Dhule,MAHARASHTRA,N,N,N,,
,413531,Latur,MAHARASHTRA,Y,Y,Y,,
,445210,DARWAH,MAHARASHTRA,N,N,N,,
,413026,Paranda,MAHARASHTRA,Y,Y,N,,
,411076,PUNE,MAHARASHTRA,N,N,N,,
,396211,UMBERGAON,GUJARAT,Y,Y,N,,
,385516,Palanpur,GUJARAT,Y,Y,N,,
,416006,Kolhapur,MAHARASHTRA,Y,Y,N,,
,431124,Beed,MAHARASHTRA,Y,Y,N,,
,410401,Lonavala,MAHARASHTRA,Y,Y,Y,,
,370007,BHUJ,GUJARAT,N,N,N,,
,412410,Alephata,MAHARASHTRA,Y,Y,N,,
,415124,Karad,MAHARASHTRA,Y,Y,N,,
,410204,Khopoli,MAHARASHTRA,Y,Y,N,,
,442005,Wardha,MAHARASHTRA,Y,Y,N,,
,389151,VADODARA,GUJARAT,Y,Y,N,,
,390002,VADODARA,GUJARAT,Y,Y,Y,,
,442915,Wani,MAHARASHTRA,Y,Y,N,,
,382743,Kalol,GUJARAT,N,N,N,,
,382711,Mehsana,GUJARAT,Y,Y,N,,
,411069,PUNE,MAHARASHTRA,Y,Y,Y,,
,402105,Shrivardhan,MAHARASHTRA,Y,Y,N,,
,387515,Vatadara,GUJARAT,Y,Y,N,,
,394218,Surat,GUJARAT,N,N,N,,
,360012,Jasdan,GUJARAT,Y,Y,N,,
,421506,Thane,MAHARASHTRA,Y,Y,Y,,
,382737,Mansa GJ,GUJARAT,Y,Y,N,,
,431712,Hadgaon,MAHARASHTRA,Y,Y,Y,,
,402120,Mangaon,MAHARASHTRA,Y,Y,N,,
,413217,Akkalkot,MAHARASHTRA,Y,Y,N,,
,421605,Titwala,MAHARASHTRA,Y,Y,N,,
,411060,PUNE,MAHARASHTRA,Y,Y,Y,,
,431560,Basmath,MAHARASHTRA,Y,Y,Y,,
,416308,ASHTA MH,MAHARASHTRA,N,N,N,,
,416117,Jawaharnagar,MAHARASHTRA,N,N,N,,
,363023,Surendranagar,GUJARAT,Y,Y,N,,
,431406,Parbhani,MAHARASHTRA,Y,Y,N,,
,444718,Akot,MAHARASHTRA,Y,Y,N,,
,384220,Patan,GUJARAT,N,N,N,,
,425129,Jalgaon,MAHARASHTRA,Y,Y,N,,
,395017,Surat,GUJARAT,Y,Y,Y,,
,363621,WANKANER,GUJARAT,Y,Y,N,,
,416407,Mahishal,MAHARASHTRA,Y,Y,N,,
,444903,Morshi,MAHARASHTRA,Y,Y,N,,
,431261,AURANGABAD,MAHARASHTRA,N,N,N,,
,416513,Shiroda,MAHARASHTRA,Y,Y,N,,
,400022,Mumbai,MAHARASHTRA,Y,Y,Y,,
,401201,Palghar,MAHARASHTRA,Y,Y,Y,,
,364297,Mahuva,GUJARAT,Y,Y,N,,
,440017,Nagpur,MAHARASHTRA,Y,Y,Y,,
,388590,Vatadara,GUJARAT,N,N,N,,
,415304,Bhavaninagar,MAHARASHTRA,Y,Y,Y,,
,413004,Solapur,MAHARASHTRA,Y,Y,Y,,
,411075,PUNE,MAHARASHTRA,N,N,N,,
,413254,Solapur,MAHARASHTRA,Y,Y,N,,
,425522,KARHALE,MAHARASHTRA,Y,Y,N,,
,413705,Rahuri,MAHARASHTRA,Y,Y,Y,,
,441403,Saoner,MAHARASHTRA,Y,Y,Y,,
,425515,KARHALE,MAHARASHTRA,Y,Y,N,,
,388020,ANAND,GUJARAT,Y,Y,N,,
,431171,Wadwani,MAHARASHTRA,N,N,N,,
,412217,PUNE,MAHARASHTRA,Y,Y,N,,
,445303,Wani,MAHARASHTRA,Y,Y,Y,,
,416603,Kudal,MAHARASHTRA,Y,Y,N,,
,431218,Jalna,MAHARASHTRA,Y,Y,Y,,
,360380,Jetpur,GUJARAT,Y,Y,N,,
,416434,KAVATHEMAHANKAL,MAHARASHTRA,Y,Y,N,,
,431225,Jalna,MAHARASHTRA,Y,Y,Y,,
,442705,Allapali,MAHARASHTRA,Y,Y,N,,
,441103,Katol,MAHARASHTRA,Y,Y,N,,
,422005,Nashik,MAHARASHTRA,Y,Y,Y,,
,415120,Patan MH,MAHARASHTRA,Y,Y,N,,
,403806,Goa,GOA,Y,Y,Y,,
,431744,Mukhed,MAHARASHTRA,N,N,N,,
,431732,Dharmabad,MAHARASHTRA,Y,Y,N,,
,425122,Jalgaon,MAHARASHTRA,Y,Y,N,,
,364760,Gathda,GUJARAT,Y,Y,N,,
,416520,Vengurla,MAHARASHTRA,Y,Y,Y,,
,413411,Barshi,MAHARASHTRA,N,N,N,,
,412111,Pirangut,MAHARASHTRA,N,N,N,,
,445108,Yavatmal,MAHARASHTRA,Y,Y,N,,
,362215,Mendrada,GUJARAT,Y,Y,N,,
,382450,Barwada,GUJARAT,N,N,N,,
,401208,Palghar,MAHARASHTRA,Y,Y,Y,,
,390003,VADODARA,GUJARAT,Y,Y,Y,,
,362229,Mendrada,GUJARAT,Y,Y,N,,
,384340,Satlasana,GUJARAT,Y,Y,Y,,
,415520,Karad,MAHARASHTRA,Y,Y,N,,
,412408,Manchar,MAHARASHTRA,Y,Y,N,,
,444921,Warud,MAHARASHTRA,Y,Y,N,,
,442201,Arvi,MAHARASHTRA,Y,Y,N,,
,412903,Wai,MAHARASHTRA,Y,Y,N,,
,394345,Bardoli,GUJARAT,N,N,N,,
,431502,Selu,MAHARASHTRA,Y,Y,N,,
,443209,Mehkar,MAHARASHTRA,Y,Y,N,,
,413506,Bembli,MAHARASHTRA,N,N,N,,
,361141,Jamnagar,GUJARAT,Y,Y,N,,
,416707,Pawas,MAHARASHTRA,N,N,N,,
,415313,Walwa,MAHARASHTRA,N,N,N,,
,431709,Naigaon,MAHARASHTRA,Y,Y,N,,
,413563,Sonari MH,MAHARASHTRA,N,N,N,,
,396590,Vansda,GUJARAT,Y,Y,N,,
,400032,Mumbai,MAHARASHTRA,Y,Y,N,,
,415002,Saidapura Satara,MAHARASHTRA,Y,Y,Y,,
,410403,Lonavala,MAHARASHTRA,Y,Y,Y,,
,444904,Chandur Railway,MAHARASHTRA,Y,Y,Y,,
,412240,Nasrapur MH,MAHARASHTRA,N,N,N,,
,425435,Shahada,MAHARASHTRA,Y,Y,N,,
,396580,Vansda,GUJARAT,Y,Y,N,,
,360550,PORBANDAR,GUJARAT,Y,Y,Y,,
,393133,Navsari,GUJARAT,Y,Y,N,,
,431206,JafrabadMH,MAHARASHTRA,N,N,N,,
,431174,Manjarsumba,MAHARASHTRA,Y,Y,N,,
,412224,Ranjangaon,MAHARASHTRA,Y,Y,N,,
,441217,Armori,MAHARASHTRA,N,N,N,,
,400039,Mumbai,MAHARASHTRA,Y,Y,N,,
,414615,NEWASA,MAHARASHTRA,N,N,N,,
,415513,Wai,MAHARASHTRA,Y,Y,Y,,
,414608,Wadwani,MAHARASHTRA,N,N,N,,
,387531,Nadiad,GUJARAT,Y,Y,N,,
,403520,Goa,GOA,N,N,N,,
,413108,Akluj,MAHARASHTRA,Y,Y,N,,
,396120,UMBERGAON,GUJARAT,N,N,N,,
,416423,Shirol,MAHARASHTRA,Y,Y,N,,
,431167,Manjarsumba,MAHARASHTRA,Y,Y,N,,
,425136,Jalgaon,MAHARASHTRA,Y,Y,N,,
,384165,Mehsana,GUJARAT,Y,Y,N,,
,387420,Nadiad,GUJARAT,Y,Y,N,,
,416208,Arjunwad,MAHARASHTRA,Y,Y,Y,,
,401200,Palghar,MAHARASHTRA,Y,Y,N,,
,396301,Bilimora,GUJARAT,Y,Y,N,,
,387325,ANAND,GUJARAT,Y,Y,N,,
,444107,Kamargaon,MAHARASHTRA,Y,Y,N,,
,423204,Satana,MAHARASHTRA,N,N,N,,
,425453,Nandurbar,MAHARASHTRA,Y,Y,Y,,
,395004,Surat,GUJARAT,Y,Y,Y,,
,400057,Mumbai,MAHARASHTRA,Y,Y,Y,,
,431109,Ganggapur,MAHARASHTRA,N,N,N,,
,411053,PUNE,MAHARASHTRA,Y,Y,N,,
,364310,BHAVNAGAR,GUJARAT,N,N,N,,
,441114,Nagpur,MAHARASHTRA,Y,Y,N,,
,365456,Amreli,GUJARAT,Y,Y,N,,
,444304,Nandura,MAHARASHTRA,Y,Y,Y,,
,401203,Palghar,MAHARASHTRA,Y,Y,Y,,
,361101,Jamnagar,GUJARAT,N,N,N,,
,382428,Gandhinagar,GUJARAT,Y,Y,N,,
,402114,Shrivardhan,MAHARASHTRA,Y,Y,N,,
,392031,Bharuch,GUJARAT,Y,Y,N,,
,413507,Kallamb,MAHARASHTRA,Y,Y,N,,
,422206,Ozhar,MAHARASHTRA,Y,Y,N,,
,361120,Jamnagar,GUJARAT,Y,Y,Y,,
,362111,Vishavadar,GUJARAT,Y,Y,N,,
,388340,ANAND,GUJARAT,Y,Y,Y,,
,400210,Mumbai,MAHARASHTRA,Y,Y,N,,
,394212,Surat,GUJARAT,Y,Y,N,,
,360411,Junagadh,GUJARAT,Y,Y,N,,
,380038,Ahmedabad,GUJARAT,Y,Y,N,,
,364635,Savarkundla,GUJARAT,Y,Y,N,,
,394651,Vyara Guj,GUJARAT,Y,Y,N,,
,416313,Walwa,MAHARASHTRA,Y,Y,N,,
,444509,Washim,MAHARASHTRA,Y,Y,N,,
,380001,Ahmedabad,GUJARAT,Y,Y,N,,
,424116,Chalisgaon,MAHARASHTRA,N,N,N,,
,388308,Nadiad,GUJARAT,Y,Y,N,,
,444202,Telhara,MAHARASHTRA,Y,Y,Y,,
,431410,Manwath,MAHARASHTRA,N,N,N,,
,402107,Pen,MAHARASHTRA,Y,Y,N,,
,360571,Kutiyana,GUJARAT,N,N,N,,
,396001,Valsad,GUJARAT,Y,Y,N,,
,413901,Nilanga,MAHARASHTRA,N,N,N,,
,415704,Guhagar,MAHARASHTRA,N,N,N,,
,382241,Limdi,GUJARAT,N,N,N,,
,431534,Jalna,MAHARASHTRA,Y,Y,Y,,
,425305,Muktainagar,MAHARASHTRA,Y,Y,Y,,
,363333,Halvad,GUJARAT,Y,Y,N,,
,384255,Harij,GUJARAT,N,N,N,,
,445401,RALEGAON,MAHARASHTRA,Y,Y,N,,
,394602,Bardoli,GUJARAT,Y,Y,N,,
,364561,Mahuva,GUJARAT,Y,Y,N,,
,413588,Paranda,MAHARASHTRA,Y,Y,Y,,
,423112,AURANGABAD,MAHARASHTRA,N,N,N,,
,431002,AURANGABAD,MAHARASHTRA,Y,Y,Y,,
,411007,PUNE,MAHARASHTRA,Y,Y,Y,,
,413621,Aundha Nagnath,MAHARASHTRA,N,N,N,,
,415502,Pusegaon,MAHARASHTRA,N,N,N,,
,380009,Ahmedabad,GUJARAT,Y,Y,N,,
,442006,Wardha,MAHARASHTRA,N,N,N,,
,400052,Mumbai,MAHARASHTRA,Y,Y,Y,,
,413413,Shirol,MAHARASHTRA,N,N,N,,
,423304,Sakri,MAHARASHTRA,Y,Y,Y,,
,411111,PUNE,MAHARASHTRA,N,N,N,,
,412120,PUNE,MAHARASHTRA,Y,Y,N,,
,440031,Nagpur,MAHARASHTRA,Y,Y,Y,,
,415405,Battisshirala,MAHARASHTRA,Y,Y,Y,,
,413276,Temburni,MAHARASHTRA,N,N,N,,
,423104,Manmad,MAHARASHTRA,N,N,N,,
,407001,Mumbai,MAHARASHTRA,N,N,N,,
,362715,Junagadh,GUJARAT,Y,Y,N,,
,441605,Gondia,MAHARASHTRA,Y,Y,N,,
,362003,Junagadh,GUJARAT,Y,Y,N,,
,362623,Kutiyana,GUJARAT,N,N,N,,
,440019,Nagpur,MAHARASHTRA,Y,Y,Y,,
,421507,Thane,MAHARASHTRA,Y,Y,Y,,
,445201,DARWAH,MAHARASHTRA,Y,Y,N,,
,425108,Chopda,MAHARASHTRA,Y,Y,N,,
,384275,Patan,GUJARAT,N,N,N,,
,412212,Nasrapur MH,MAHARASHTRA,N,N,N,,
,384227,Patan,GUJARAT,N,N,N,,
,403713,Goa,GOA,Y,Y,Y,,
,441205,Bhiwapur,MAHARASHTRA,Y,Y,Y,,
,416424,Walwa,MAHARASHTRA,Y,Y,N,,
,425311,Bhusawal,MAHARASHTRA,Y,Y,N,,
,362551,Veraval,GUJARAT,Y,Y,N,,
,431740,Ardhapur,MAHARASHTRA,N,N,N,,
,400028,Mumbai,MAHARASHTRA,Y,Y,Y,,
,360590,Barwada,GUJARAT,Y,Y,N,,
,431604,Nanded,MAHARASHTRA,Y,Y,N,,
,411013,PUNE,MAHARASHTRA,Y,Y,Y,,
,422002,Nashik,MAHARASHTRA,Y,Y,Y,,
,388131,Nadiad,GUJARAT,Y,Y,N,,
,414109,Ahmednagar,MAHARASHTRA,Y,Y,Y,,
,431247,AURANGABAD,MAHARASHTRA,N,N,N,,
,431532,Partur,MAHARASHTRA,Y,Y,N,,
,422621,Sangamner,MAHARASHTRA,Y,Y,N,,
,382709,Mehsana,GUJARAT,Y,Y,N,,
,422509,Nashik,MAHARASHTRA,Y,Y,N,,
,440032,Nagpur,MAHARASHTRA,Y,Y,Y,,
,412114,PUNE,MAHARASHTRA,Y,Y,Y,,
,416013,Kolhapur,MAHARASHTRA,Y,Y,N,,
,425326,Yawal,MAHARASHTRA,Y,Y,N,,
,382360,Ahmedabad,GUJARAT,Y,Y,N,,
,414578,Ahmednagar,MAHARASHTRA,Y,Y,Y,,
,400001,Mumbai,MAHARASHTRA,Y,Y,Y,,
,443206,Deulgaon Mahi,MAHARASHTRA,Y,Y,N,,
,400114,Mumbai,MAHARASHTRA,Y,Y,N,,
,360520,Jamjodhpur,GUJARAT,Y,Y,N,,
,362626,Manavadar,GUJARAT,Y,Y,N,,
,396195,Vapi,GUJARAT,Y,Y,Y,,
,394130,Surat,GUJARAT,N,N,Y,,
,416070,Hupari,MAHARASHTRA,N,N,N,,
,413597,Aundha Nagnath,MAHARASHTRA,N,N,N,,
,414606,NEWASA,MAHARASHTRA,N,N,N,,
,431522,Kingaon,MAHARASHTRA,Y,Y,Y,,
,413610,Murum,MAHARASHTRA,N,N,N,,
,395013,Surat,GUJARAT,Y,Y,Y,,
,425004,Jalgaon,MAHARASHTRA,Y,Y,N,,
,396421,Navsari,GUJARAT,Y,Y,N,,
,390024,VADODARA,GUJARAT,Y,Y,Y,,
,380015,Ahmedabad,GUJARAT,Y,Y,N,,
,445214,Pusad,MAHARASHTRA,Y,Y,N,,
,400069,Mumbai,MAHARASHTRA,Y,Y,Y,,
,401304,Palghar,MAHARASHTRA,Y,Y,Y,,
,422109,Sinner,MAHARASHTRA,N,N,N,,
,416115,Ichalkaranji,MAHARASHTRA,Y,Y,Y,,
,362240,Mangrol,GUJARAT,Y,Y,N,,
,444502,Balapur,MAHARASHTRA,Y,Y,Y,,
,413137,Indapur,MAHARASHTRA,Y,Y,N,,
,422217,Nashik,MAHARASHTRA,Y,Y,N,,
,442506,Chandrapur,MAHARASHTRA,Y,Y,N,,
,415716,Madangad,MAHARASHTRA,N,N,N,,
,394810,Hansot,GUJARAT,N,N,N,,
,382463,Dhanduka,GUJARAT,N,N,N,,
,411023,PUNE,MAHARASHTRA,Y,Y,Y,,
,382013,Gandhinagar,GUJARAT,Y,Y,N,,
,392155,Jambusar,GUJARAT,N,N,N,,
,383330,Bayad,GUJARAT,N,N,N,,
,414703,Yawat,MAHARASHTRA,N,N,N,,
,431703,Sengaon,MAHARASHTRA,Y,Y,N,,
,415557,Dahiwadi,MAHARASHTRA,N,N,N,,
,431714,Kandhar,MAHARASHTRA,Y,Y,N,,
,421505,Thane,MAHARASHTRA,Y,Y,Y,,
,400111,Mumbai,MAHARASHTRA,Y,Y,N,,
,380202,Ahmedabad,GUJARAT,Y,Y,N,,
,431814,Kinwat,MAHARASHTRA,N,N,N,,
,362260,Mendrada,GUJARAT,Y,Y,N,,
,444510,Risod,MAHARASHTRA,N,N,N,,
,999113,PUNE,MAHARASHTRA,Y,Y,Y,,
,425518,Muktainagar,MAHARASHTRA,Y,Y,N,,
,403708,Goa,GOA,N,N,N,,
,365541,Jafrabad,GUJARAT,Y,Y,N,,
,441215,Saoli,MAHARASHTRA,N,N,N,,
,388335,ANAND,GUJARAT,Y,Y,Y,,
,411125,PUNE,MAHARASHTRA,N,N,N,,
,400162,Mumbai,MAHARASHTRA,N,N,N,,
,441919,TIRODA,MAHARASHTRA,Y,Y,N,,
,402111,Mangaon,MAHARASHTRA,Y,Y,N,,
,431707,Kandhar,MAHARASHTRA,Y,Y,N,,
,431742,Ahmedpur,MAHARASHTRA,Y,Y,Y,,
,385525,Palanpur,GUJARAT,N,N,N,,
,380000,Ahmedabad,GUJARAT,Y,Y,N,,
,411087,PUNE,MAHARASHTRA,N,N,N,,
,444303,Khamgaon,MAHARASHTRA,Y,Y,N,,
,364524,Savarkundla,GUJARAT,Y,Y,N,,
,387310,ANAND,GUJARAT,Y,Y,Y,,
,391350,VADODARA,GUJARAT,N,N,Y,,
,415567,Dahiwadi,MAHARASHTRA,N,N,N,,
,385517,Palanpur,GUJARAT,Y,Y,N,,
,400605,Thane,MAHARASHTRA,Y,Y,Y,,
,431503,Selu,MAHARASHTRA,Y,Y,N,,
,413222,Vairag,MAHARASHTRA,N,N,N,,
,413201,Jamkhed,MAHARASHTRA,Y,Y,Y,,
,392161,Bharuch,GUJARAT,Y,Y,N,,
,445204,Pusad,MAHARASHTRA,Y,Y,Y,,
,363312,Dharangathra,GUJARAT,N,N,N,,
,365421,Rajkot,GUJARAT,Y,Y,N,,
,385215,Palanpur,GUJARAT,Y,Y,N,,
,362223,Keshod,GUJARAT,Y,Y,N,,
,380061,Ahmedabad,GUJARAT,Y,Y,N,,
,403803,Goa,GOA,Y,Y,Y,,
,385002,Palanpur,GUJARAT,Y,Y,Y,,
,415104,Ghogaon,MAHARASHTRA,N,N,N,,
,382006,Gandhinagar,GUJARAT,Y,Y,N,,
,415560,Dahiwadi,MAHARASHTRA,N,N,N,,
,413309,Jawala,MAHARASHTRA,N,N,N,,
,444805,Paratwadda,MAHARASHTRA,Y,Y,Y,,
,403204,Goa,GOA,N,N,N,,
,431165,AURANGABAD,MAHARASHTRA,N,N,N,,
,392180,Jambusar,GUJARAT,N,N,N,,
,414510,Beed,MAHARASHTRA,N,N,N,,
,388355,ANAND,GUJARAT,Y,Y,Y,,
,411406,Pirangut,MAHARASHTRA,N,N,N,,
,362226,Mangrol,GUJARAT,Y,Y,N,,
,431754,Hingoli,MAHARASHTRA,N,N,N,,
,441110,Nagpur,MAHARASHTRA,N,N,N,,
,415721,Ratnagiri,MAHARASHTRA,Y,Y,N,,
,443405,Nandura,MAHARASHTRA,N,N,N,,
,362725,Junagadh,GUJARAT,Y,Y,N,,
,431127,Gevrai,MAHARASHTRA,Y,Y,N,,
,388001,ANAND,GUJARAT,Y,Y,N,,
,401214,Palghar,MAHARASHTRA,Y,Y,N,,
,416207,Kolhapur,MAHARASHTRA,N,N,N,,
,410217,Navi Mumbai,MAHARASHTRA,Y,Y,N,,
,416026,Jawaharnagar,MAHARASHTRA,N,N,N,,
,392240,Bharuch,GUJARAT,Y,Y,Y,,
,416410,Miraj,MAHARASHTRA,Y,Y,Y,,
,411084,PUNE,MAHARASHTRA,N,N,N,,
,441301,Katol,MAHARASHTRA,Y,Y,N,,
,431119,Ganggapur,MAHARASHTRA,N,N,N,,
,444306,Khamgaon,MAHARASHTRA,Y,Y,Y,,
,431528,Pathardi,MAHARASHTRA,N,N,N,,
,370240,Gandhidham,GUJARAT,N,N,N,,
,413595,Paranda,MAHARASHTRA,Y,Y,Y,,
,389350,Halol,GUJARAT,N,N,N,,
,364230,Dhola,GUJARAT,N,N,N,,
,364517,Savarkundla,GUJARAT,Y,Y,N,,
,415536,Wai,MAHARASHTRA,Y,Y,N,,
,445206,Umarkhed,MAHARASHTRA,Y,Y,N,,
,394243,Vapi,GUJARAT,Y,Y,N,,
,449202,WARORA,MAHARASHTRA,Y,Y,N,,
,380452,Ahmedabad,GUJARAT,Y,Y,N,,
,440006,Nagpur,MAHARASHTRA,Y,Y,Y,,
,400063,Mumbai,MAHARASHTRA,Y,Y,Y,,
,360025,Rajkot,GUJARAT,N,N,N,,
,431144,Wadwani,MAHARASHTRA,N,N,N,,
,441928,Bhandara,MAHARASHTRA,Y,Y,N,,
,431126,Manjarsumba,MAHARASHTRA,Y,Y,Y,,
,390012,VADODARA,GUJARAT,Y,Y,N,,
,845472,AURANGABAD,MAHARASHTRA,N,N,N,,
,395163,Vyara Guj,GUJARAT,Y,Y,N,,
,416525,Kudal,MAHARASHTRA,N,N,N,,
,413168,Jawala,MAHARASHTRA,N,N,N,,
,401100,Mumbai,MAHARASHTRA,N,N,N,,
,380029,Ahmedabad,GUJARAT,Y,Y,N,,
,400097,Mumbai,MAHARASHTRA,Y,Y,Y,,
,431724,Mahagaon,MAHARASHTRA,Y,Y,N,,
,413324,Modnimb,MAHARASHTRA,N,N,N,,
,431710,Bhiloli,MAHARASHTRA,Y,Y,N,,
,441404,Kanhan MH,MAHARASHTRA,Y,Y,Y,,
,363435,Surendranagar,GUJARAT,N,N,N,,
,413524,Latur,MAHARASHTRA,Y,Y,N,,
,363001,Surendranagar,GUJARAT,Y,Y,Y,,
,416102,Nandani,MAHARASHTRA,Y,Y,N,,
,422007,Nashik,MAHARASHTRA,N,N,Y,,
,413537,Terkheda,MAHARASHTRA,Y,Y,Y,,
,442402,Chandrapur,MAHARASHTRA,Y,Y,N,,
,440028,Nagpur,MAHARASHTRA,Y,Y,Y,,
,416217,Kagal,MAHARASHTRA,Y,Y,N,,
,425432,Borad,MAHARASHTRA,Y,Y,Y,,
,384318,Vijapur,GUJARAT,Y,Y,N,,
,364432,Amreli,GUJARAT,N,N,N,,
,431705,Aundha Nagnath,MAHARASHTRA,Y,Y,Y,,
,400089,Mumbai,MAHARASHTRA,N,N,N,,
,431718,Degloor,MAHARASHTRA,Y,Y,N,,
,390015,VADODARA,GUJARAT,Y,Y,Y,,
,393004,ANKLESHWAR,GUJARAT,Y,Y,N,,
,411079,PUNE,MAHARASHTRA,N,N,N,,
,415610,Sangmeshwar,MAHARASHTRA,N,N,N,,
,410505,Rajgurunagar,MAHARASHTRA,N,N,N,,
,421003,Mumbai,MAHARASHTRA,Y,Y,Y,,
,415508,Dahiwadi,MAHARASHTRA,N,N,N,,
,440025,Nagpur,MAHARASHTRA,Y,Y,Y,,
,361310,Jamnagar,GUJARAT,N,N,N,,
,382733,Mehsana,GUJARAT,Y,Y,N,,
,431141,Pathardi,MAHARASHTRA,N,N,N,,
,396526,Bilimora,GUJARAT,Y,Y,N,,
,411107,PUNE,MAHARASHTRA,N,N,N,,
,411045,PUNE,MAHARASHTRA,Y,Y,N,,
,382442,Ahmedabad,GUJARAT,Y,Y,N,,
,442405,Chandrapur,MAHARASHTRA,Y,Y,N,,
,413511,Sonari MH,MAHARASHTRA,N,N,N,,
,413123,Indapur,MAHARASHTRA,Y,Y,N,,
,363535,Surendranagar,GUJARAT,Y,Y,N,,
,413564,Ahmedpur,MAHARASHTRA,Y,Y,N,,
,382720,Kalol,GUJARAT,N,N,N,,
,415401,Kameri,MAHARASHTRA,Y,Y,N,,
,396201,UMBERGAON,GUJARAT,N,N,N,,
,416431,Walwa,MAHARASHTRA,Y,Y,N,,
,444506,Risod,MAHARASHTRA,Y,Y,Y,,
,442908,Gadchandur,MAHARASHTRA,Y,Y,N,,
,441808,Sadak Arjuni,MAHARASHTRA,N,N,N,,
,361002,Jamnagar,GUJARAT,Y,Y,Y,,
,431510,Jintur,MAHARASHTRA,N,N,N,,
,400209,Mumbai,MAHARASHTRA,Y,Y,N,,
,413515,Ahmedpur,MAHARASHTRA,Y,Y,Y,,
,415406,Kasegaon,MAHARASHTRA,Y,Y,N,,
,425428,Shirpur,MAHARASHTRA,Y,Y,Y,,
,415803,LANJA,MAHARASHTRA,Y,Y,Y,,
,388254,Anjar,GUJARAT,Y,Y,N,,
,380057,Ahmedabad,GUJARAT,N,N,N,,
,400040,Mumbai,MAHARASHTRA,Y,Y,N,,
,441112,Saoner,MAHARASHTRA,Y,Y,Y,,
,370427,BHUJ,GUJARAT,Y,Y,N,,
,431748,Mudkhed,MAHARASHTRA,Y,Y,N,,
,382655,Gandhinagar,GUJARAT,Y,Y,N,,
,361006,Jamnagar,GUJARAT,Y,Y,Y,,
,423114,Lasalgaon,MAHARASHTRA,Y,Y,N,,
,396452,Navsari,GUJARAT,Y,Y,N,,
,400615,Mumbai,MAHARASHTRA,N,N,N,,
,396521,Bilimora,GUJARAT,Y,Y,N,,
,396331,Bilimora,GUJARAT,Y,Y,N,,
,412502,Shirwal,MAHARASHTRA,N,N,N,,
,444407,BARSHITAKLI,MAHARASHTRA,N,N,N,,
,431713,Hadgaon,MAHARASHTRA,Y,Y,N,,
,382352,Ahmedabad,GUJARAT,Y,Y,N,,
,431521,Parbhani,MAHARASHTRA,Y,Y,Y,,
,388213,VADODARA,GUJARAT,N,N,N,,
,403513,Pernem,GOA,Y,Y,N,,
,364750,Gathda,GUJARAT,Y,Y,N,,
,425512,KARHALE,MAHARASHTRA,Y,Y,N,,
,425126,Paldhi,MAHARASHTRA,N,N,N,,
,395011,Surat,GUJARAT,Y,Y,Y,,
,413709,Shrirampur,MAHARASHTRA,Y,Y,Y,,
,389160,VADODARA,GUJARAT,Y,Y,N,,
,416406,Shirol,MAHARASHTRA,Y,Y,Y,,
,415629,Shirgaon,MAHARASHTRA,N,N,N,,
,415609,Sangmeshwar,MAHARASHTRA,N,N,N,,
,410107,Palghar,MAHARASHTRA,Y,Y,N,,
,411065,PUNE,MAHARASHTRA,N,N,N,,
,416532,Sawantwadi,MAHARASHTRA,N,N,N,,
,396415,Navsari,GUJARAT,N,N,N,,
,362266,Veraval,GUJARAT,Y,Y,Y,,
,385340,Radhanpur,GUJARAT,N,N,N,,
,413119,MALASHIRAS,MAHARASHTRA,N,N,N,,
,425429,Nandurbar,MAHARASHTRA,Y,Y,Y,,
,415523,Phaltan,MAHARASHTRA,Y,Y,Y,,
,402601,AURANGABAD,MAHARASHTRA,N,N,N,,
,395014,Surat,GUJARAT,Y,Y,N,,
,384276,Patan,GUJARAT,Y,Y,N,,
,415626,Pawas,MAHARASHTRA,N,N,N,,
,415035,Saidapura Satara,MAHARASHTRA,Y,Y,N,,
,361330,Dwarka,GUJARAT,Y,Y,N,,
,442914,WARORA,MAHARASHTRA,Y,Y,Y,,
,362278,Junagadh,GUJARAT,Y,Y,N,,
,370203,Gandhidham,GUJARAT,Y,Y,N,,
,412404,Rajgurunagar,MAHARASHTRA,N,N,N,,
,431563,Basmath,MAHARASHTRA,Y,Y,Y,,
,400901,Navi Mumbai,MAHARASHTRA,Y,Y,N,,
,363631,Morbi,GUJARAT,N,N,N,,
,415709,Khed,MAHARASHTRA,Y,Y,N,,
,412805,Wai,MAHARASHTRA,Y,Y,N,,
,382724,Ahmedabad,GUJARAT,Y,Y,N,,
,422215,Dindori MH,MADHYA PRADESH,Y,Y,N,,
,382418,Ahmedabad,GUJARAT,Y,Y,N,,
,415016,Saidapura Satara,MAHARASHTRA,Y,Y,N,,
,360370,Jetpur,GUJARAT,Y,Y,Y,,
,390006,VADODARA,GUJARAT,Y,Y,Y,,
,444907,Warud,MAHARASHTRA,Y,Y,N,,
,382735,Mansa GJ,GUJARAT,Y,Y,N,,
,388140,ANAND,GUJARAT,Y,Y,N,,
,415516,Wai,MAHARASHTRA,Y,Y,Y,,
,441125,Nagpur,MAHARASHTRA,Y,Y,N,,
,413007,Solapur,MAHARASHTRA,Y,Y,N,,
,364055,BHAVNAGAR,GUJARAT,Y,Y,N,,
,414611,NEWASA,MAHARASHTRA,N,N,N,,
,382045,Gandhinagar,GUJARAT,Y,Y,N,,
,384327,Vadnagar,GUJARAT,Y,Y,N,,
,415612,Ratnagiri,MAHARASHTRA,Y,Y,N,,
,413509,Sonari MH,MAHARASHTRA,N,N,N,,
,444911,Warud,MAHARASHTRA,Y,Y,N,,
,425102,Paldhi,MAHARASHTRA,N,N,N,,
,360320,Gondal,GUJARAT,N,N,N,,
,425315,Malkapur,MAHARASHTRA,Y,Y,N,,
,360430,Upleta,GUJARAT,N,N,N,,
,416130,Jawaharnagar,MAHARASHTRA,N,N,N,,
,416016,Arjunwad,MAHARASHTRA,Y,Y,N,,
,431140,Majalgaon,MAHARASHTRA,N,N,N,,
,413205,Jamkhed,MAHARASHTRA,N,N,N,,
,431005,AURANGABAD,MAHARASHTRA,Y,Y,Y,,
,380026,Ahmedabad,GUJARAT,Y,Y,N,,
,402103,Mangaon,MAHARASHTRA,N,N,N,,
,416409,Mahishal,MAHARASHTRA,Y,Y,N,,
,388260,Thasra,GUJARAT,N,N,N,,
,431170,Manjarsumba,MAHARASHTRA,Y,Y,N,,
,444401,BARSHITAKLI,MAHARASHTRA,Y,Y,Y,,
,382051,Gandhinagar,GUJARAT,Y,Y,N,,
,416438,KAVATHEMAHANKAL,MAHARASHTRA,Y,Y,N,,
,346004,Mahuva,GUJARAT,Y,Y,N,,
,431212,Gevrai,MAHARASHTRA,Y,Y,N,,
,444602,AMRAVATI,MAHARASHTRA,Y,Y,Y,,
,442605,Gadchiroli,MAHARASHTRA,Y,Y,Y,,
,395000,Surat,GUJARAT,Y,Y,N,,
,424119,Chalisgaon,MAHARASHTRA,N,N,N,,
,425445,Shahada,MAHARASHTRA,Y,Y,N,,
,441920,Tumsar,MAHARASHTRA,N,N,N,,
,431155,AURANGABAD,MAHARASHTRA,N,N,N,,
,394010,Surat,GUJARAT,N,N,N,,
,360020,Rajkot,GUJARAT,N,N,N,,
,413001,Solapur,MAHARASHTRA,Y,Y,Y,,
,384001,Mehsana,GUJARAT,Y,Y,Y,,
,411004,PUNE,MAHARASHTRA,Y,Y,Y,,
,403510,Goa,GOA,N,N,N,,
,393003,ANKLESHWAR,GUJARAT,Y,Y,Y,,
,400043,Mumbai,MAHARASHTRA,N,N,N,,
,425443,Khandbara,MAHARASHTRA,N,N,N,,
,382030,Gandhinagar,GUJARAT,Y,Y,N,,
,362722,Junagadh,GUJARAT,Y,Y,N,,
,412232,Khandala,MAHARASHTRA,N,N,N,,
,384210,Becharaji,GUJARAT,Y,Y,N,,
,396192,UMBERGAON,GUJARAT,N,N,N,,
,364293,Mahuva,GUJARAT,Y,Y,N,,
,395015,Surat,GUJARAT,Y,Y,N,,
,403103,Goa,GOA,N,N,N,,
,362277,Junagadh,GUJARAT,Y,Y,N,,
,411033,PUNE,MAHARASHTRA,Y,Y,N,,
,444116,Akot,MAHARASHTRA,Y,Y,N,,
,431137,Paithan,MAHARASHTRA,N,N,N,,
,416212,Mudhal,MAHARASHTRA,Y,Y,N,,
,425417,Navapur,MAHARASHTRA,Y,Y,N,,
,363510,Surendranagar,GUJARAT,N,N,Y,,
,414607,NEWASA,MAHARASHTRA,N,N,N,,
,364061,BHAVNAGAR,GUJARAT,Y,Y,N,,
,400035,Mumbai,MAHARASHTRA,N,N,N,,
,440013,Nagpur,MAHARASHTRA,Y,Y,Y,,
,413216,Akkalkot,MAHARASHTRA,Y,Y,N,,
,364276,Palitana,GUJARAT,N,N,N,,
,413239,Jamkhed,MAHARASHTRA,N,N,N,,
,416002,Kolhapur,MAHARASHTRA,Y,Y,Y,,
,416517,Shiroda,MAHARASHTRA,Y,Y,N,,
,423101,Chandwad,MAHARASHTRA,Y,Y,Y,,
,387320,Nadiad,GUJARAT,Y,Y,N,,
,400713,Mumbai,MAHARASHTRA,Y,Y,N,,
,442503,Wani,MAHARASHTRA,Y,Y,N,,
,415208,Madangad,MAHARASHTRA,N,N,N,,
,411005,PUNE,MAHARASHTRA,Y,Y,Y,,
,365665,Amreli,GUJARAT,Y,Y,N,,
,422622,Sakur,MAHARASHTRA,Y,Y,Y,,
,431176,KADA,MAHARASHTRA,Y,Y,N,,
,425103,Paldhi,MAHARASHTRA,N,N,N,,
,400207,Mumbai,MAHARASHTRA,Y,Y,N,,
,441102,Godhni,MAHARASHTRA,Y,Y,N,,
,431755,Hingoli,MAHARASHTRA,N,N,N,,
,416146,Nandani,MAHARASHTRA,N,N,N,,
,392170,Jambusar,GUJARAT,N,N,N,,
,391773,VADODARA,GUJARAT,N,N,N,,
,382010,Gandhinagar,GUJARAT,Y,Y,N,,
,416145,Nandani,MAHARASHTRA,Y,Y,N,,
,444711,MANGRULDASTGIR,MAHARASHTRA,Y,Y,Y,,
,413567,Osmanabad,MAHARASHTRA,N,N,N,,
,412042,Pirangut,MAHARASHTRA,N,N,N,,
,392014,Bharuch,GUJARAT,Y,Y,N,,
,401401,Saphale,MAHARASHTRA,N,N,N,,
,380025,Ahmedabad,GUJARAT,Y,Y,N,,
,361320,Bhatiya,GUJARAT,Y,Y,N,,
,364001,BHAVNAGAR,GUJARAT,Y,Y,Y,,
,411011,PUNE,MAHARASHTRA,Y,Y,Y,,
,999003,Rewari,HARYANA,Y,Y,Y,,
,384171,Vadnagar,GUJARAT,Y,Y,N,,
,415506,Vaduj,MAHARASHTRA,Y,Y,Y,,
,413316,Pandharpur,MAHARASHTRA,N,N,N,,
,370515,Naliya,GUJARAT,N,N,N,,
,370210,Gandhidham,GUJARAT,N,N,N,,
,410203,Khopoli,MAHARASHTRA,Y,Y,N,,
,394720,Ahwa,GUJARAT,N,N,N,,
,444108,Telhara,MAHARASHTRA,Y,Y,Y,,
,431721,Mahagaon,MAHARASHTRA,Y,Y,N,,
,425452,Nandurbar,MAHARASHTRA,Y,Y,Y,,
,400100,Mumbai,MAHARASHTRA,Y,Y,N,,
,431601,Nanded,MAHARASHTRA,Y,Y,Y,,
,402207,Alibaug,MAHARASHTRA,N,N,Y,,
,382856,Vijapur,GUJARAT,Y,Y,N,,
,444204,Jalgaon Jamod,MAHARASHTRA,Y,Y,N,,
,421032,Mumbai,MAHARASHTRA,N,N,N,,
,400082,Mumbai,MAHARASHTRA,Y,Y,Y,,
,382831,Vijapur,GUJARAT,Y,Y,N,,
,411058,PUNE,MAHARASHTRA,Y,Y,Y,,
,384012,Mehsana,GUJARAT,Y,Y,N,,
,403723,Goa,GOA,Y,Y,Y,,
,410302,Lonavala,MAHARASHTRA,Y,Y,Y,,
,400609,Mumbai,MAHARASHTRA,Y,Y,N,,
,382449,Ahmedabad,GUJARAT,Y,Y,N,,
,360579,PORBANDAR,GUJARAT,Y,Y,Y,,
,416530,Banda MH,MAHARASHTRA,N,N,N,,
,402125,Nagothana,MAHARASHTRA,N,N,Y,,
,411066,PUNE,MAHARASHTRA,Y,Y,Y,,
,365645,Vishavadar,GUJARAT,Y,Y,N,,
,415602,Chiplun,MAHARASHTRA,Y,Y,Y,,
,415801,Sangmeshwar,MAHARASHTRA,N,N,N,,
,441921,Bhandara,MAHARASHTRA,Y,Y,N,,
,416416,Shirol,MAHARASHTRA,Y,Y,Y,,
,402201,Alibaug,MAHARASHTRA,N,N,N,,
,384311,Mehsana,GUJARAT,Y,Y,N,,
,361012,Jamnagar,GUJARAT,Y,Y,N,,
,410512,Manchar,MAHARASHTRA,Y,Y,N,,
,387385,Nadiad,GUJARAT,Y,Y,N,,
,382862,Mehsana,GUJARAT,N,N,N,,
,411230,Indapur,MAHARASHTRA,Y,Y,N,,
,384177,Vadnagar,GUJARAT,Y,Y,N,,
,384160,Unjha,GUJARAT,Y,Y,N,,
,410615,PUNE,MAHARASHTRA,Y,Y,N,,
,414206,Jamkhed,MAHARASHTRA,N,N,N,,
,440016,Nagpur,MAHARASHTRA,Y,Y,Y,,
,413587,Terkheda,MAHARASHTRA,Y,Y,N,,
,360510,Bhanvad,GUJARAT,Y,Y,N,,
,413416,Shirol,MAHARASHTRA,Y,Y,N,,
,431402,Parbhani,MAHARASHTRA,Y,Y,Y,,
,391760,VADODARA,GUJARAT,Y,Y,N,,
,441607,TIRODA,MAHARASHTRA,Y,Y,N,,
,415314,Walwa,MAHARASHTRA,Y,Y,Y,,
,365610,Amreli,GUJARAT,N,N,N,,
,384132,Vadnagar,GUJARAT,Y,Y,N,,
,362263,Mendrada,GUJARAT,Y,Y,N,,
,402203,Alibaug,MAHARASHTRA,N,N,N,,
,400099,Mumbai,MAHARASHTRA,Y,Y,Y,,
,442311,Hinganghat,MAHARASHTRA,Y,Y,N,,
,431736,Bhiloli,MAHARASHTRA,Y,Y,N,,
,388245,Thasra,GUJARAT,Y,Y,N,,
,410507,Telegaon,MAHARASHTRA,Y,Y,Y,,
,414001,Ahmednagar,MAHARASHTRA,Y,Y,Y,,
,364421,Amreli,GUJARAT,N,N,N,,
,423107,Rahata,MAHARASHTRA,Y,Y,N,,
,391440,VADODARA,GUJARAT,N,N,N,,
,410502,Junnar,MAHARASHTRA,Y,Y,Y,,
,416022,Koregaon,MAHARASHTRA,Y,Y,N,,
,394355,Bardoli,GUJARAT,Y,Y,N,,
,422401,Deolali Camp,MAHARASHTRA,Y,Y,Y,,
,411201,PUNE,MAHARASHTRA,N,N,N,,
,425324,Malkapur,MAHARASHTRA,Y,Y,N,,
,441305,Katol,MAHARASHTRA,Y,Y,N,,
,444122,Akot,MAHARASHTRA,Y,Y,N,,
,360060,Jasdan,GUJARAT,Y,Y,N,,
,442901,Durgapur MH,MAHARASHTRA,Y,Y,N,,
,384319,Vadnagar,GUJARAT,Y,Y,N,,
,414302,Shirur,MAHARASHTRA,N,N,N,,
,380022,Ahmedabad,GUJARAT,Y,Y,N,,
,444003,Akola,MAHARASHTRA,Y,Y,Y,,
,390023,VADODARA,GUJARAT,Y,Y,Y,,
,403006,Goa,GOA,Y,Y,N,,
,387382,Nadiad,GUJARAT,Y,Y,N,,
,382875,Vijapur,GUJARAT,N,N,N,,
,363041,Surendranagar,GUJARAT,Y,Y,N,,
,416228,Kolhapur,MAHARASHTRA,Y,Y,N,,
,411049,PUNE,MAHARASHTRA,Y,Y,Y,,
,411050,PUNE,MAHARASHTRA,Y,Y,Y,,
,363421,Limdi,GUJARAT,Y,Y,N,,
,431804,Kinwat,MAHARASHTRA,N,N,N,,
,400021,Mumbai,MAHARASHTRA,Y,Y,N,,
,413578,Paranda,MAHARASHTRA,Y,Y,N,,
,393041,Dediapada,GUJARAT,N,N,N,,
,361345,Dwarka,GUJARAT,Y,Y,N,,
,400024,Mumbai,MAHARASHTRA,Y,Y,Y,,
,363426,Limdi,GUJARAT,Y,Y,N,,
,416027,Jawaharnagar,MAHARASHTRA,N,N,N,,
,384261,Patan,GUJARAT,Y,Y,N,,
,422110,Nashik,MAHARASHTRA,Y,Y,N,,
,390005,VADODARA,GUJARAT,Y,Y,Y,,
,444119,Akot,MAHARASHTRA,Y,Y,N,,
,400095,Mumbai,MAHARASHTRA,Y,Y,Y,,
,413252,Kem,MAHARASHTRA,N,N,N,,
,400049,Mumbai,MAHARASHTRA,Y,Y,Y,,
,384170,Unjha,GUJARAT,Y,Y,Y,,
,364713,Botad,GUJARAT,Y,Y,N,,
,395005,Surat,GUJARAT,Y,Y,Y,,
,382027,Gandhinagar,GUJARAT,Y,Y,Y,,
,431530,Hingoli,MAHARASHTRA,Y,Y,N,,
,396202,Vapi,GUJARAT,Y,Y,N,,
,413558,Nilanga,MAHARASHTRA,N,N,N,,
,411086,PUNE,MAHARASHTRA,N,N,N,,
,400091,Mumbai,MAHARASHTRA,Y,Y,Y,,
,424004,Nashik,MAHARASHTRA,Y,Y,Y,,
,431812,Gangakhed,MAHARASHTRA,Y,Y,N,,
,413248,Modnimb,MAHARASHTRA,N,N,N,,
,412233,Bhor,MAHARASHTRA,N,N,N,,
,360490,Upleta,GUJARAT,Y,Y,Y,,
,415011,Saidapura Satara,MAHARASHTRA,Y,Y,N,,
,403501,Goa,GOA,Y,Y,N,,
,415203,Madangad,MAHARASHTRA,N,N,N,,
,425450,Nandurbar,MAHARASHTRA,Y,Y,Y,,
,391121,Kevadia,GUJARAT,N,N,N,,
,400075,Mumbai,MAHARASHTRA,Y,Y,N,,
,394380,Nandurbar,MAHARASHTRA,N,N,N,,
,370205,Gandhidham,GUJARAT,Y,Y,Y,,
,413627,Murum,MAHARASHTRA,N,N,N,,
,416503,Nesari,MAHARASHTRA,N,N,N,,
,370430,BHUJ,GUJARAT,Y,Y,N,,
,396112,Bilimora,GUJARAT,Y,Y,N,,
,388430,Vatadara,GUJARAT,Y,Y,N,,
,396510,Vansda,GUJARAT,Y,Y,N,,
,423704,AURANGABAD,MAHARASHTRA,N,N,N,,
,393006,ANKLESHWAR,GUJARAT,Y,Y,Y,,
,388345,ANAND,GUJARAT,Y,Y,N,,
,425442,Shahada,MAHARASHTRA,Y,Y,N,,
,431154,AURANGABAD,MAHARASHTRA,N,N,N,,
,394601,Bardoli,GUJARAT,Y,Y,Y,,
,415706,Dapoli,MAHARASHTRA,N,N,N,,
,442305,Hinganghat,MAHARASHTRA,N,N,N,,
,442004,Wardha,MAHARASHTRA,Y,Y,N,,
,364458,Amreli,GUJARAT,Y,Y,N,,
,413722,Rahuri,MAHARASHTRA,Y,Y,N,,
,382730,Mehsana,GUJARAT,Y,Y,N,,
,360005,Rajkot,GUJARAT,Y,Y,Y,,
,388210,Umreth,GUJARAT,Y,Y,Y,,
,440008,Nagpur,MAHARASHTRA,Y,Y,Y,,
,388130,ANAND,GUJARAT,N,N,N,,
,441406,Ramtek,MAHARASHTRA,N,N,N,,
,431103,Kannad,MAHARASHTRA,N,N,N,,
,388215,Umreth,GUJARAT,N,N,N,,
,365490,Rajkot,GUJARAT,Y,Y,Y,,
,425312,Malkapur,MAHARASHTRA,Y,Y,N,,
,415412,Battisshirala,MAHARASHTRA,Y,Y,N,,
,383325,Bayad,GUJARAT,Y,Y,N,,
,415611,Sangmeshwar,MAHARASHTRA,N,N,N,,
,362630,Manavadar,GUJARAT,Y,Y,N,,
,390013,VADODARA,GUJARAT,Y,Y,Y,,
,416014,Balinga,MAHARASHTRA,N,N,N,,
,443001,Buldhana,MAHARASHTRA,Y,Y,Y,,
,390011,VADODARA,GUJARAT,Y,Y,Y,,
,384330,Satlasana,GUJARAT,Y,Y,Y,,
,416805,Devgad,MAHARASHTRA,N,N,N,,
,388250,Thasra,GUJARAT,Y,Y,Y,,
,388555,Khambat,GUJARAT,Y,Y,N,,
,444117,Akot,MAHARASHTRA,Y,Y,N,,
,403720,Goa,GOA,Y,Y,Y,,
,416210,Kadgaon,MAHARASHTRA,N,N,N,,
,415415,Battisshirala,MAHARASHTRA,Y,Y,N,,
,392221,Bharuch,GUJARAT,N,N,N,,
,362540,UNAGJ,GUJARAT,Y,Y,N,,
,400087,Mumbai,MAHARASHTRA,Y,Y,Y,,
,388150,Tarapur,GUJARAT,Y,Y,N,,
,391447,VADODARA,GUJARAT,N,N,N,,
,413115,Baramati,MAHARASHTRA,Y,Y,Y,,
,364330,Dhola,GUJARAT,N,N,N,,
,363626,Surendranagar,GUJARAT,Y,Y,N,,
,441201,Bhiwapur,MAHARASHTRA,Y,Y,Y,,
,444914,Warud,MAHARASHTRA,Y,Y,N,,
,400218,Mumbai,MAHARASHTRA,Y,Y,N,,
,425524,Yawal,MAHARASHTRA,Y,Y,N,,
,411085,PUNE,MAHARASHTRA,N,N,N,,
,444301,Chikhli,MAHARASHTRA,N,N,Y,,
,396110,Bilimora,GUJARAT,Y,Y,Y,,
,396245,SILVASSA,GUJARAT,Y,Y,N,,
,362650,Kutiyana,GUJARAT,Y,Y,N,,
,384231,Becharaji,GUJARAT,Y,Y,N,,
,415606,Chiplun,MAHARASHTRA,Y,Y,Y,,
,382008,Gandhinagar,GUJARAT,Y,Y,Y,,
,362633,Manavadar,GUJARAT,Y,Y,N,,
,413241,Jamkhed,MAHARASHTRA,N,N,N,,
,416319,Tasgaon,MAHARASHTRA,Y,Y,Y,,
,400011,Mumbai,MAHARASHTRA,N,N,Y,,
,400096,Mumbai,MAHARASHTRA,Y,Y,Y,,
,364615,Amreli,GUJARAT,N,N,N,,
,415210,Patan MH,MAHARASHTRA,Y,Y,N,,
,360576,PORBANDAR,GUJARAT,Y,Y,Y,,
,441912,Tumsar,MAHARASHTRA,Y,Y,Y,,
,364455,Amreli,GUJARAT,N,N,N,,
,382630,Mansa GJ,GUJARAT,Y,Y,N,,
,362132,Vishavadar,GUJARAT,Y,Y,N,,
,999002,PUNE,MAHARASHTRA,Y,Y,Y,,
,382845,Mansa GJ,GUJARAT,Y,Y,Y,,
,416205,Balinga,MAHARASHTRA,N,N,N,,
,413286,Kurduwadi,MAHARASHTRA,N,N,N,,
,441504,Saoner,MAHARASHTRA,Y,Y,Y,,
,411092,PUNE,MAHARASHTRA,N,N,N,,
,441810,Sakoli,MAHARASHTRA,Y,Y,N,,
,415317,Walwa,MAHARASHTRA,Y,Y,Y,,
,364440,Jetpur,GUJARAT,Y,Y,N,,
,442404,Durgapur MH,MAHARASHTRA,Y,Y,N,,
,413543,Nilanga,MAHARASHTRA,N,N,N,,
,394115,ANKLESHWAR,GUJARAT,N,N,N,,
,425303,Chopda,MAHARASHTRA,Y,Y,Y,,
,413347,Pandharpur,MAHARASHTRA,N,N,N,,
,391165,ChhotaUdepur,GUJARAT,Y,Y,Y,,
,400603,Thane,MAHARASHTRA,Y,Y,Y,,
,396150,UMBERGAON,GUJARAT,N,N,N,,
,396321,Bilimora,GUJARAT,Y,Y,Y,,
,395007,Surat,GUJARAT,Y,Y,Y,,
,384320,Vadnagar,GUJARAT,Y,Y,Y,,
,360335,Gondal,GUJARAT,N,N,N,,
,390010,VADODARA,GUJARAT,Y,Y,Y,,
,384207,Mehsana,GUJARAT,Y,Y,N,,
,441002,Kanhan MH,MAHARASHTRA,Y,Y,Y,,
,444115,Kamargaon,MAHARASHTRA,Y,Y,N,,
,387370,Nadiad,GUJARAT,Y,Y,N,,
,362565,UNAGJ,GUJARAT,N,N,N,,
,432119,Ganggapur,MAHARASHTRA,N,N,N,,
,396400,Bilimora,GUJARAT,Y,Y,N,,
,444201,Telhara,MAHARASHTRA,Y,Y,N,,
,441807,Sadak Arjuni,MAHARASHTRA,Y,Y,Y,,
,360572,Kutiyana,GUJARAT,N,N,N,,
,382405,Ahmedabad,GUJARAT,Y,Y,N,,
,380055,Ahmedabad,GUJARAT,Y,Y,N,,
,403724,Goa,GOA,Y,Y,Y,,
,391243,BHAVNAGAR,GUJARAT,N,N,N,,
,403514,Goa,GOA,N,N,N,,
,411019,PUNE,MAHARASHTRA,Y,Y,Y,,
,411009,PUNE,MAHARASHTRA,Y,Y,Y,,
,415532,Wai,MAHARASHTRA,Y,Y,N,,
,413630,Omerga,MAHARASHTRA,Y,Y,N,,
,413296,Kem,MAHARASHTRA,N,N,N,,
,424206,Jamner,MAHARASHTRA,Y,Y,Y,,
,441702,Kurkhude,MAHARASHTRA,N,N,N,,
,415608,Chiplun,MAHARASHTRA,Y,Y,Y,,
,363007,Limdi,GUJARAT,Y,Y,N,,
,413570,Osmanabad,MAHARASHTRA,N,N,N,,
,415553,Lonand,MAHARASHTRA,Y,Y,N,,
,414207,Jamkhed,MAHARASHTRA,N,N,N,,
,392110,Jambusar,GUJARAT,Y,Y,N,,
,413231,Jamkhed,MAHARASHTRA,N,N,N,,
,443306,Mehkar,MAHARASHTRA,Y,Y,Y,,
,384229,Patan,GUJARAT,N,N,N,,
,415010,Koregaon,MAHARASHTRA,Y,Y,N,,
,421302,Thane,MAHARASHTRA,Y,Y,Y,,
,393115,Rajpardi,GUJARAT,N,N,N,,
,413401,Barshi,MAHARASHTRA,Y,Y,N,,
,444503,Jahangirmalegaon,MAHARASHTRA,Y,Y,N,,
,361003,Jamnagar,GUJARAT,Y,Y,Y,,
,388560,ANAND,GUJARAT,Y,Y,N,,
,382708,Mehsana,GUJARAT,N,N,N,,
,413540,Dharmabad,MAHARASHTRA,Y,Y,N,,
,384266,Patan,GUJARAT,N,N,N,,
,410501,Chakan,MAHARASHTRA,N,N,Y,,
,416437,Miraj,MAHARASHTRA,Y,Y,N,,
,412235,Bhor,MAHARASHTRA,N,N,N,,
,441602,Gondia,MAHARASHTRA,Y,Y,N,,
,382345,Ahmedabad,GUJARAT,Y,Y,N,,
,422221,Ozhar,MAHARASHTRA,Y,Y,Y,,
,400073,Mumbai,MAHARASHTRA,Y,Y,Y,,
,412210,Shirur,MAHARASHTRA,Y,Y,N,,
,440024,Nagpur,MAHARASHTRA,Y,Y,Y,,
,403507,Goa,GOA,N,N,N,,
,416223,Kadgaon,MAHARASHTRA,Y,Y,Y,,
,415316,Walwa,MAHARASHTRA,Y,Y,Y,,
,424026,Nashik,MAHARASHTRA,Y,Y,Y,,
,391750,VADODARA,GUJARAT,Y,Y,Y,,
,396215,DAMAN,DAMAN AND DIU,Y,Y,Y,,
,384178,Mehsana,GUJARAT,Y,Y,N,,
,388435,Tarapur,GUJARAT,Y,Y,N,,
,391410,VADODARA,GUJARAT,Y,Y,Y,,
,364523,Savarkundla,GUJARAT,Y,Y,N,,
,382739,Mansa GJ,GUJARAT,Y,Y,N,,
,402117,Mangaon,MAHARASHTRA,Y,Y,N,,
,361347,Dwarka,GUJARAT,Y,Y,N,,
,413502,Paranda,MAHARASHTRA,Y,Y,N,,
,413305,Mangalvedha,MAHARASHTRA,Y,Y,Y,,
,412109,TALEGAON DHIGE,MAHARASHTRA,Y,Y,N,,
,402208,Alibaug,MAHARASHTRA,N,N,Y,,
,364610,Amreli,GUJARAT,N,N,N,,
,403705,Goa,GOA,Y,Y,Y,,
,431125,Manjarsumba,MAHARASHTRA,Y,Y,Y,,
,431813,Kinwat,MAHARASHTRA,N,N,N,,
,413596,Paranda,MAHARASHTRA,Y,Y,Y,,
,384004,Mehsana,GUJARAT,N,N,N,,
,431734,Purna,MAHARASHTRA,Y,Y,N,,
,443201,Chikhli,MAHARASHTRA,Y,Y,N,,
,401303,Palghar,MAHARASHTRA,Y,Y,Y,,
,382825,Mehsana,GUJARAT,Y,Y,Y,,
,403509,Goa,GOA,Y,Y,Y,,
,382028,Gandhinagar,GUJARAT,Y,Y,N,,
,416019,Balinga,MAHARASHTRA,N,N,N,,
,400070,Mumbai,MAHARASHTRA,Y,Y,Y,,
,401207,Palghar,MAHARASHTRA,Y,Y,Y,,
,394120,ANKLESHWAR,GUJARAT,Y,Y,Y,,
,388570,Vatadara,GUJARAT,Y,Y,N,,
,421405,Mumbai,MAHARASHTRA,Y,Y,N,,
,425302,Yawal,MAHARASHTRA,Y,Y,Y,,
,415015,Saidapura Satara,MAHARASHTRA,Y,Y,N,,
,396525,Bilimora,GUJARAT,Y,Y,N,,
,423209,Malegaon,MAHARASHTRA,Y,Y,N,,
,416401,Mahishal,MAHARASHTRA,Y,Y,N,,
,360450,Upleta,GUJARAT,Y,Y,Y,,
,370475,Mandvi,GUJARAT,Y,Y,N,,
,401405,Palghar,MAHARASHTRA,N,N,Y,,
,393005,ANKLESHWAR,GUJARAT,Y,Y,N,,
,412306,Baramati,MAHARASHTRA,Y,Y,Y,,
,390016,VADODARA,GUJARAT,Y,Y,Y,,
,362242,Mangrol,GUJARAT,Y,Y,N,,
,431409,Manwath,MAHARASHTRA,N,N,N,,
,380020,Ahmedabad,GUJARAT,Y,Y,N,,
,361170,Lalpur,GUJARAT,N,N,N,,
,431177,Ganggapur,MAHARASHTRA,N,N,N,,
,431224,Jalna,MAHARASHTRA,Y,Y,Y,,
,362257,Veraval,GUJARAT,Y,Y,N,,
,413167,Jawala,MAHARASHTRA,N,N,N,,
,441226,Saoli,MAHARASHTRA,N,N,N,,
,388530,Vatadara,GUJARAT,Y,Y,N,,
,380023,Ahmedabad,GUJARAT,Y,Y,N,,
,387810,Bavala,GUJARAT,Y,Y,Y,,
,413277,Kem,MAHARASHTRA,N,N,N,,
,444701,Badnera,MAHARASHTRA,Y,Y,N,,
,422102,Nashik,MAHARASHTRA,N,N,N,,
,431173,KADA,MAHARASHTRA,Y,Y,N,,
,360405,Dhoraji,GUJARAT,Y,Y,N,,
,403727,Goa,GOA,N,N,N,,
,415118,Koregaon,MAHARASHTRA,Y,Y,N,,
,382410,Ahmedabad,GUJARAT,N,N,N,,
,396223,Vapi,GUJARAT,Y,Y,N,,
,413615,Tuljapur,MAHARASHTRA,Y,Y,N,,
,416540,Shirol,MAHARASHTRA,N,N,N,,
,400044,Mumbai,MAHARASHTRA,Y,Y,Y,,
,411063,PUNE,MAHARASHTRA,Y,Y,Y,,
,431526,Ambejogai,MAHARASHTRA,N,N,N,,
,445677,Hinganghat,MAHARASHTRA,Y,Y,N,,
,416415,Shirol,MAHARASHTRA,Y,Y,N,,
,412237,Shirur,MAHARASHTRA,Y,Y,N,,
,440012,Nagpur,MAHARASHTRA,Y,Y,Y,,
,441804,Sakoli,MAHARASHTRA,Y,Y,Y,,
,362227,Keshod,GUJARAT,Y,Y,N,,
,415720,Dapoli,MAHARASHTRA,N,N,N,,
,413282,Kem,MAHARASHTRA,N,N,N,,
,401202,Palghar,MAHARASHTRA,Y,Y,Y,,
,425128,Jalgaon,MAHARASHTRA,Y,Y,N,,
,416144,Jawaharnagar,MAHARASHTRA,N,N,N,,
,413285,Kurduwadi,MAHARASHTRA,N,N,N,,
,395021,Surat,GUJARAT,Y,Y,N,,
,431750,Basmath,MAHARASHTRA,Y,Y,N,,
,403730,Goa,GOA,N,N,N,,
,421002,Mumbai,MAHARASHTRA,Y,Y,Y,,
,413223,Kem,MAHARASHTRA,N,N,N,,
,416508,Nesari,MAHARASHTRA,Y,Y,N,,
,425123,Jalgaon,MAHARASHTRA,Y,Y,N,,
,401000,Vasai,MAHARASHTRA,Y,Y,N,,
,411080,PUNE,MAHARASHTRA,Y,Y,Y,,
,444203,Shegaon MH,MAHARASHTRA,Y,Y,N,,
,416704,Rajapur,MAHARASHTRA,Y,Y,N,,
,400108,Mumbai,MAHARASHTRA,N,N,N,,
,382415,Ahmedabad,GUJARAT,Y,Y,N,,
,441107,Saoner,MAHARASHTRA,Y,Y,Y,,
,384278,Patan,GUJARAT,N,N,N,,
,413704,Rahuri,MAHARASHTRA,Y,Y,N,,
,413582,Osmanabad,MAHARASHTRA,N,N,N,,
,416074,Hupari,MAHARASHTRA,N,N,N,,
,421102,Mumbai,MAHARASHTRA,N,N,N,,
,391441,VADODARA,GUJARAT,N,N,N,,
,362530,UNAGJ,GUJARAT,Y,Y,Y,,
,383310,Bayad,GUJARAT,N,N,N,,
,445215,Pusad,MAHARASHTRA,Y,Y,N,,
,421111,Bhiwandi,MAHARASHTRA,Y,Y,Y,,
,413308,Sangola,MAHARASHTRA,N,N,N,,
,444809,Paratwadda,MAHARASHTRA,Y,Y,N,,
,415116,Koregaon,MAHARASHTRA,Y,Y,N,,
,410515,Manchar,MAHARASHTRA,Y,Y,N,,
,444710,Chandur Railway,MAHARASHTRA,Y,Y,Y,,
,989898,Delhi NCR,DELHI,N,N,N,,
,392210,Bharuch,GUJARAT,Y,Y,N,,
,431535,Sonpeth,MAHARASHTRA,Y,Y,N,,
,412225,Ranjangaon,MAHARASHTRA,Y,Y,N,,
,395620,Bardoli,GUJARAT,Y,Y,N,,
,415804,Sangmeshwar,MAHARASHTRA,N,N,N,,
,431105,AURANGABAD,MAHARASHTRA,N,N,Y,,
,360050,Jasdan,GUJARAT,Y,Y,Y,,
,396135,UMBERGAON,GUJARAT,Y,Y,N,,
,363522,Surendranagar,GUJARAT,Y,Y,N,,
,425509,KARHALE,MAHARASHTRA,Y,Y,N,,
,413003,Solapur,MAHARASHTRA,Y,Y,Y,,
,424102,Kajgaon,MAHARASHTRA,N,N,N,,
,444001,Akola,MAHARASHTRA,Y,Y,Y,,
,396427,Navsari,GUJARAT,Y,Y,N,,
,431208,Deulgaon Mahi,MAHARASHTRA,N,N,N,,
,410206,Navi Mumbai,MAHARASHTRA,Y,Y,Y,,
,415413,Walwa,MAHARASHTRA,Y,Y,Y,,
,382023,Gandhinagar,GUJARAT,Y,Y,Y,,
,413706,Rahuri,MAHARASHTRA,Y,Y,N,,
,362220,Keshod,GUJARAT,Y,Y,Y,,
,382443,Ahmedabad,GUJARAT,Y,Y,N,,
,445110,DARWAH,MAHARASHTRA,Y,Y,N,,
,445101,Yavatmal,MAHARASHTRA,Y,Y,N,,
,380008,Ahmedabad,GUJARAT,Y,Y,N,,
,442308,Hinganghat,MAHARASHTRA,Y,Y,N,,
,382860,Vijapur,GUJARAT,N,N,N,,
,363668,Veraval,GUJARAT,Y,Y,N,,
,382021,Gandhinagar,GUJARAT,Y,Y,N,,
,396375,Valsad,GUJARAT,Y,Y,Y,,
,361140,Jamnagar,GUJARAT,Y,Y,N,,
,416202,Hupari,MAHARASHTRA,Y,Y,N,,
,416103,Nandani,MAHARASHTRA,Y,Y,N,,
,413275,Karmala,MAHARASHTRA,N,N,N,,
,401503,Dahanu,MAHARASHTRA,N,N,N,,
,403005,Goa,GOA,Y,Y,N,,
,396126,Valsad,GUJARAT,Y,Y,N,,
,416541,Banda MH,MAHARASHTRA,N,N,N,,
,431711,Bhiloli,MAHARASHTRA,Y,Y,N,,
,415408,Battisshirala,MAHARASHTRA,Y,Y,Y,,
,411095,PUNE,MAHARASHTRA,Y,Y,Y,,
,391156,ChhotaUdepur,GUJARAT,N,N,N,,
,411067,PUNE,MAHARASHTRA,N,N,N,,
,413113,VELAPUR,MAHARASHTRA,N,N,N,,
,425434,Shahada,MAHARASHTRA,Y,Y,N,,
,424103,Kajgaon,MAHARASHTRA,Y,Y,N,,
,412241,Nasrapur MH,MAHARASHTRA,N,N,N,,
,364457,Amreli,GUJARAT,N,N,N,,
,396175,Valsad,GUJARAT,N,N,N,,
,393140,Rajpipla,GUJARAT,N,N,N,,
,392013,Bharuch,GUJARAT,Y,Y,N,,
,444905,Morshi,MAHARASHTRA,Y,Y,Y,,
,400206,Mumbai,MAHARASHTRA,N,N,N,,
,431200,Jalna,MAHARASHTRA,Y,Y,Y,,
,380051,Ahmedabad,GUJARAT,Y,Y,N,,
,416806,Devgad,MAHARASHTRA,N,N,N,,
,394244,Vapi,GUJARAT,Y,Y,N,,
,362653,Kutiyana,GUJARAT,N,N,N,,
,400085,Mumbai,MAHARASHTRA,Y,Y,N,,
,403709,Goa,GOA,N,N,N,,
,444913,Warud,MAHARASHTRA,Y,Y,N,,
,440009,Nagpur,MAHARASHTRA,Y,Y,Y,,
,400017,Mumbai,MAHARASHTRA,N,N,Y,,
,382820,Vijapur,GUJARAT,N,N,N,,
,411016,PUNE,MAHARASHTRA,Y,Y,N,,
,422207,Ozhar,MAHARASHTRA,Y,Y,N,,
,380123,Ahmedabad,GUJARAT,Y,Y,N,,
,442003,Wardha,MAHARASHTRA,Y,Y,N,,
,412205,Khandala,MAHARASHTRA,N,N,N,,
,425521,Muktainagar,MAHARASHTRA,Y,Y,N,,
,415507,Vaduj,MAHARASHTRA,N,N,N,,
,382704,Kalol,GUJARAT,N,N,N,,
,415521,Lonand,MAHARASHTRA,Y,Y,N,,
,431107,Paithan,MAHARASHTRA,Y,Y,Y,,
,393018,Bharuch,GUJARAT,Y,Y,N,,
,414301,Ahmednagar,MAHARASHTRA,N,N,N,,
,416505,Gadhingalaj,MAHARASHTRA,Y,Y,N,,
,412102,Lonand,MAHARASHTRA,Y,Y,N,,
,362205,Junagadh,GUJARAT,Y,Y,N,,
,403506,Goa,GOA,Y,Y,N,,
,413591,Paranda,MAHARASHTRA,Y,Y,Y,,
,370627,Dayapar,GUJARAT,N,N,N,,
,412203,Warwand,MAHARASHTRA,Y,Y,Y,,
,415528,Phaltan,MAHARASHTRA,Y,Y,Y,,
,415539,Karad,MAHARASHTRA,Y,Y,N,,
,416522,Kudal,MAHARASHTRA,Y,Y,N,,
,412209,Ranjangaon,MAHARASHTRA,Y,Y,N,,
,395006,Surat,GUJARAT,Y,Y,Y,,
,422308,Niphad,MAHARASHTRA,Y,Y,N,,
,387100,Nadiad,GUJARAT,Y,Y,N,,
,445217,Pusad,MAHARASHTRA,Y,Y,N,,
,392005,ANKLESHWAR,GUJARAT,Y,Y,N,,
,415726,Guhagar,MAHARASHTRA,N,N,N,,
,364021,BHAVNAGAR,GUJARAT,Y,Y,N,,
,442606,Gadchiroli,MAHARASHTRA,N,N,N,,
,364470,Amreli,GUJARAT,N,N,N,,
,415524,Koregaon,MAHARASHTRA,Y,Y,N,,
,361335,Dwarka,GUJARAT,Y,Y,N,,
,421203,Mumbai,MAHARASHTRA,Y,Y,Y,,
,387345,Nadiad,GUJARAT,Y,Y,N,,
,413513,Latur,MAHARASHTRA,Y,Y,Y,,
,382004,Gandhinagar,GUJARAT,Y,Y,N,,
,441001,Kanhan MH,MAHARASHTRA,Y,Y,Y,,
,382851,Vijapur,GUJARAT,Y,Y,N,,
,413594,Osmanabad,MAHARASHTRA,N,N,N,,
,395016,Surat,GUJARAT,Y,Y,N,,
,380056,Ahmedabad,GUJARAT,Y,Y,N,,
,380027,Ahmedabad,GUJARAT,Y,Y,N,,
,431606,Nanded,MAHARASHTRA,Y,Y,Y,,
,382644,Gandhinagar,GUJARAT,Y,Y,N,,
,415713,Dapoli,MAHARASHTRA,N,N,N,,
,444302,Balapur,MAHARASHTRA,Y,Y,Y,,
,422405,Nashik,MAHARASHTRA,Y,Y,N,,
,364110,BHAVNAGAR,GUJARAT,Y,Y,N,,
,415517,Wai,MAHARASHTRA,Y,Y,Y,,
,413010,Temburni,MAHARASHTRA,N,N,N,,
,410213,Navi Mumbai,MAHARASHTRA,Y,Y,N,,
,441503,Saoner,MAHARASHTRA,Y,Y,Y,,
,391120,Nasvadi,GUJARAT,Y,Y,N,,
,441901,Sadak Arjuni,MAHARASHTRA,Y,Y,N,,
,412309,MANJARI,MAHARASHTRA,N,N,N,,
,403714,Goa,GOA,Y,Y,Y,,
,396431,Bilimora,GUJARAT,Y,Y,N,,
,442406,Padoli,MAHARASHTRA,Y,Y,Y,,
,382865,Mehsana,GUJARAT,Y,Y,N,,
,365001,Gondal,GUJARAT,N,N,N,,
,363022,Surendranagar,GUJARAT,Y,Y,N,,
,388440,ANAND,GUJARAT,Y,Y,N,,
,413548,Nilanga,MAHARASHTRA,N,N,N,,
,410202,Khopoli,MAHARASHTRA,Y,Y,N,,
,425517,Muktainagar,MAHARASHTRA,Y,Y,N,,
,394660,SONGADH,GUJARAT,Y,Y,N,,
,445308,RALEGAON,MAHARASHTRA,Y,Y,Y,,
,387210,Tarapur,GUJARAT,Y,Y,N,,
,424315,Deopur,MAHARASHTRA,Y,Y,N,,
,411220,Ranjangaon,MAHARASHTRA,Y,Y,N,,
,413327,Sangola,MAHARASHTRA,N,N,N,,
,400080,Mumbai,MAHARASHTRA,Y,Y,Y,,
,443204,Deulgaon Mahi,MAHARASHTRA,Y,Y,Y,,
,385410,Palanpur,GUJARAT,N,N,N,,
,441304,Katol,MAHARASHTRA,Y,Y,N,,
,403512,Pernem,GOA,Y,Y,N,,
,444129,Akot,MAHARASHTRA,Y,Y,N,,
,384152,Vadnagar,GUJARAT,Y,Y,N,,
,415641,Chiplun,MAHARASHTRA,Y,Y,N,,
,396171,UMBERGAON,GUJARAT,Y,Y,N,,
,388305,ANAND,GUJARAT,Y,Y,N,,
,442501,Chandrapur,MAHARASHTRA,Y,Y,N,,
,403702,Goa,GOA,Y,Y,N,,
,414702,Yawat,MAHARASHTRA,N,N,N,,
,401204,Palghar,MAHARASHTRA,N,N,N,,
,396230,SILVASSA,GUJARAT,Y,Y,N,,
,396385,Valsad,GUJARAT,Y,Y,N,,
,442603,Chamorshi,MAHARASHTRA,Y,Y,Y,,
,413711,TALEGAON DHIGE,MAHARASHTRA,Y,Y,Y,,
,364660,Amreli,GUJARAT,Y,Y,N,,
,382420,Gandhinagar,GUJARAT,Y,Y,N,,
,415504,Pusegaon,MAHARASHTRA,Y,Y,N,,
,444605,AMRAVATI,MAHARASHTRA,Y,Y,Y,,
,442909,Chandrapur,MAHARASHTRA,N,N,N,,
,385001,Palanpur,GUJARAT,Y,Y,N,,
,404411,Ahmednagar,MAHARASHTRA,Y,Y,Y,,
,400025,Mumbai,MAHARASHTRA,Y,Y,Y,,
,388121,ANAND,GUJARAT,Y,Y,N,,
,362259,Veraval,GUJARAT,Y,Y,N,,
,422210,SAIKHEDA,MAHARASHTRA,Y,Y,Y,,
,425413,Nandurbar,MAHARASHTRA,Y,Y,N,,
,402118,Mangaon,MAHARASHTRA,Y,Y,N,,
,361142,Jamnagar,GUJARAT,Y,Y,N,,
,361005,Jamnagar,GUJARAT,Y,Y,Y,,
,425133,Jalgaon,MAHARASHTRA,Y,Y,N,,
,423103,Malegaon,MAHARASHTRA,Y,Y,N,,
,431749,Mudkhed,MAHARASHTRA,Y,Y,N,,
,411043,PUNE,MAHARASHTRA,Y,Y,Y,,
,443406,Jalgaon Jamod,MAHARASHTRA,Y,Y,Y,,
,387375,ANAND,GUJARAT,Y,Y,Y,,
,441913,Tumsar,MAHARASHTRA,Y,Y,N,,
,385326,Deesa,GUJARAT,N,N,N,,
,364508,Palitana,GUJARAT,N,N,N,,
,363666,Veraval,GUJARAT,Y,Y,N,,
,400708,Navi Mumbai,MAHARASHTRA,Y,Y,Y,,
,410000,Mumbai,MAHARASHTRA,Y,Y,Y,,
,362012,Junagadh,GUJARAT,Y,Y,N,,
,445103,Arni,MAHARASHTRA,Y,Y,Y,,
,396370,Bilimora,GUJARAT,Y,Y,N,,
,388425,ANAND,GUJARAT,Y,Y,N,,
,442312,Hinganghat,MAHARASHTRA,Y,Y,N,,
,442301,Hinganghat,MAHARASHTRA,Y,Y,Y,,
,441904,Bhandara,MAHARASHTRA,Y,Y,Y,,
,394270,Surat,GUJARAT,Y,Y,N,,
,400077,Mumbai,MAHARASHTRA,Y,Y,N,,
,415554,Dahiwadi,MAHARASHTRA,N,N,N,,
,413572,Osmanabad,MAHARASHTRA,N,N,N,,
,362560,UNAGJ,GUJARAT,Y,Y,Y,,
,431536,Gangakhed,MAHARASHTRA,N,N,N,,
,415122,Karad,MAHARASHTRA,Y,Y,N,,
,403716,Goa,GOA,N,N,N,,
,396210,DAMAN,DAMAN AND DIU,Y,Y,Y,,
,425519,KARHALE,MAHARASHTRA,Y,Y,N,,
,431751,Aundha Nagnath,MAHARASHTRA,N,N,N,,
,394520,Surat,GUJARAT,Y,Y,N,,
,411035,PUNE,MAHARASHTRA,Y,Y,Y,,
,414106,Pathardi,MAHARASHTRA,N,N,N,,
,413297,Mahisgaon,MAHARASHTRA,Y,Y,N,,
,363031,Surendranagar,GUJARAT,N,N,N,,
,411096,PUNE,MAHARASHTRA,N,N,N,,
,415605,Chiplun,MAHARASHTRA,Y,Y,Y,,
,431166,Manjarsumba,MAHARASHTRA,Y,Y,N,,
,431541,Manwath,MAHARASHTRA,Y,Y,Y,,
,380011,Ahmedabad,GUJARAT,N,N,N,,
,400041,Mumbai,MAHARASHTRA,Y,Y,Y,,
,382620,Gandhinagar,GUJARAT,Y,Y,N,,
,441905,Bhandara,MAHARASHTRA,Y,Y,N,,
,431729,Purna,MAHARASHTRA,Y,Y,N,,
,425201,Bhusawal,MAHARASHTRA,Y,Y,N,,
,364710,Botad,GUJARAT,Y,Y,N,,
,413517,Udgir,MAHARASHTRA,Y,Y,N,,
,384133,Vadnagar,GUJARAT,Y,Y,N,,
,388212,ANAND,GUJARAT,Y,Y,N,,
,444915,Warud,MAHARASHTRA,Y,Y,N,,
,411055,PUNE,MAHARASHTRA,N,N,N,,
,425301,Yawal,MAHARASHTRA,Y,Y,Y,,
,431222,Jalna,MAHARASHTRA,Y,Y,Y,,
,404101,AURANGABAD,MAHARASHTRA,N,N,N,,
,394690,Vyara Guj,GUJARAT,Y,Y,N,,
,413801,Yawat,MAHARASHTRA,Y,Y,Y,,
,442913,WARORA,MAHARASHTRA,Y,Y,N,,
,423402,Yeola,MAHARASHTRA,N,N,N,,
,413226,Akkalkot,MAHARASHTRA,Y,Y,N,,
,425121,Jalgaon,MAHARASHTRA,Y,Y,N,,
,412105,Chakan,MAHARASHTRA,Y,Y,Y,,
,392026,Vyara Guj,GUJARAT,Y,Y,N,,
,413625,Aundha Nagnath,MAHARASHTRA,N,N,N,,
,363039,Halvad,GUJARAT,Y,Y,N,,
,382016,Gandhinagar,GUJARAT,Y,Y,N,,
,424001,Deopur,MAHARASHTRA,Y,Y,Y,,
,424301,Deopur,MAHARASHTRA,Y,Y,Y,,
,393150,Rajpipla,GUJARAT,N,N,N,,
,387230,Nadiad,GUJARAT,Y,Y,N,,
,394326,Surat,GUJARAT,Y,Y,N,,
,401601,Dahanu,MAHARASHTRA,Y,Y,Y,,
,442505,Padoli,MAHARASHTRA,Y,Y,Y,,
,441223,Sindewahi,MAHARASHTRA,Y,Y,N,,
,400081,Mumbai,MAHARASHTRA,Y,Y,Y,,
,425306,Muktainagar,MAHARASHTRA,Y,Y,Y,,
,422112,Sinner,MAHARASHTRA,N,N,N,,
,411100,PUNE,MAHARASHTRA,N,N,N,,
,370472,Mandvi,GUJARAT,Y,Y,Y,,
,390022,VADODARA,GUJARAT,Y,Y,Y,,
,415101,Bambavade,MAHARASHTRA,N,N,N,,
,422107,Nashik,MAHARASHTRA,Y,Y,N,,
,414004,Ahmednagar,MAHARASHTRA,Y,Y,Y,,
,400090,Mumbai,MAHARASHTRA,Y,Y,Y,,
,425117,Erandol,MAHARASHTRA,N,N,N,,
,415565,Dahiwadi,MAHARASHTRA,N,N,N,,
,412211,Nhawara,MAHARASHTRA,N,N,N,,
,390007,VADODARA,GUJARAT,Y,Y,Y,,
,411047,PUNE,MAHARASHTRA,Y,Y,Y,,
,431702,Kalamnuri,MAHARASHTRA,N,N,N,,
,380052,Ahmedabad,GUJARAT,Y,Y,N,,
,412405,Manchar,MAHARASHTRA,Y,Y,Y,,
,414203,KADA,MAHARASHTRA,Y,Y,N,,
,442403,Chandrapur,MAHARASHTRA,Y,Y,N,,
,415538,Vaduj,MAHARASHTRA,N,N,N,,
,413710,TALEGAON DHIGE,MAHARASHTRA,Y,Y,N,,
,363035,Surendranagar,GUJARAT,Y,Y,Y,,
,394250,Bardoli,GUJARAT,Y,Y,N,,
,444909,Chandur Railway,MAHARASHTRA,Y,Y,Y,,
,394350,Bardoli,GUJARAT,Y,Y,N,,
,413726,Shrigonda,MAHARASHTRA,N,N,N,,
,415722,Khed,MAHARASHTRA,Y,Y,N,,
,396475,Navsari,GUJARAT,N,N,Y,,
,422403,Nashik,MAHARASHTRA,Y,Y,N,,
,415616,Pawas,MAHARASHTRA,N,N,N,,
,431529,Hingoli,MAHARASHTRA,Y,Y,N,,
,370670,Nakhtrana,GUJARAT,Y,Y,N,,
,388230,Umreth,GUJARAT,N,N,N,,
,392002,Bharuch,GUJARAT,Y,Y,Y,,
,416113,Kolhapur,MAHARASHTRA,N,N,N,,
,364465,Amreli,GUJARAT,N,N,N,,
,388225,Thasra,GUJARAT,Y,Y,N,,
,393001,ANKLESHWAR,GUJARAT,Y,Y,Y,,
,425308,Muktainagar,MAHARASHTRA,Y,Y,Y,,
,422501,Deolali Camp,MAHARASHTRA,Y,Y,Y,,
,362005,Junagadh,GUJARAT,Y,Y,N,,
,384151,Unjha,GUJARAT,Y,Y,Y,,
,380053,Ahmedabad,GUJARAT,Y,Y,N,,
,424006,Nashik,MAHARASHTRA,N,N,N,,
,413528,Sonari MH,MAHARASHTRA,N,N,N,,
,401607,Dahanu,MAHARASHTRA,N,N,N,,
,363110,Surendranagar,GUJARAT,N,N,N,,
,382333,Ahmedabad,GUJARAT,N,N,N,,
,444726,Morshi,MAHARASHTRA,Y,Y,N,,
,410504,Junnar,MAHARASHTRA,Y,Y,N,,
,360470,Upleta,GUJARAT,N,N,N,,
,395001,Surat,GUJARAT,Y,Y,Y,,
,412236,Nasrapur MH,MAHARASHTRA,N,N,N,,
,393340,Vyara Guj,GUJARAT,Y,Y,N,,
,414102,Pathardi,MAHARASHTRA,N,N,N,,
,416601,Kankawali,MAHARASHTRA,Y,Y,N,,
,422304,Lasalgaon,MAHARASHTRA,Y,Y,N,,
,413505,Paranda,MAHARASHTRA,N,N,N,,
,360002,Rajkot,GUJARAT,Y,Y,Y,,
,424114,Chalisgaon,MAHARASHTRA,Y,Y,N,,
,382005,Gandhinagar,GUJARAT,Y,Y,N,,
,403601,Goa,GOA,N,N,N,,
,403402,Goa,GOA,N,N,N,,
,396130,UMBERGAON,GUJARAT,Y,Y,N,,
,441117,Saoner,MAHARASHTRA,Y,Y,Y,,
,442912,WARORA,MAHARASHTRA,Y,Y,N,,
,425418,Navapur,MAHARASHTRA,Y,Y,N,,
,431131,Majalgaon,MAHARASHTRA,Y,Y,Y,,
,391353,VADODARA,GUJARAT,N,N,N,,
,400613,Mumbai,MAHARASHTRA,N,N,N,,
,401302,Palghar,MAHARASHTRA,Y,Y,Y,,
,441408,Ramtek,MAHARASHTRA,N,N,N,,
,413579,Paranda,MAHARASHTRA,Y,Y,N,,
,443107,JafrabadMH,MAHARASHTRA,Y,Y,Y,,
,444123,Akot,MAHARASHTRA,Y,Y,N,,
,431706,Nanded,MAHARASHTRA,Y,Y,N,,
,411073,PUNE,MAHARASHTRA,N,N,N,,
,431531,Osmanabad,MAHARASHTRA,N,N,N,,
,442101,Pulgaon,MAHARASHTRA,Y,Y,N,,
,413719,Rahata,MAHARASHTRA,Y,Y,N,,
,360026,Rajkot,GUJARAT,Y,Y,N,,
,444912,Warud,MAHARASHTRA,Y,Y,N,,
,444708,Nandgaon Khandeshwar,MAHARASHTRA,Y,Y,Y,,
,440014,Nagpur,MAHARASHTRA,Y,Y,Y,,
,411098,PUNE,MAHARASHTRA,N,N,N,,
,413008,Solapur,MAHARASHTRA,Y,Y,N,,
,400051,Mumbai,MAHARASHTRA,Y,Y,Y,,
,413280,Jeur,MAHARASHTRA,N,N,N,,
,413106,Indapur,MAHARASHTRA,Y,Y,N,,
,380050,Ahmedabad,GUJARAT,Y,Y,N,,
,401506,Palghar,MAHARASHTRA,N,N,N,,
,431128,Wadwani,MAHARASHTRA,N,N,N,,
,364022,BHAVNAGAR,GUJARAT,Y,Y,N,,
,382840,Vijapur,GUJARAT,Y,Y,N,,
,393017,Rajpardi,GUJARAT,N,N,N,,
,416801,Talere,MAHARASHTRA,N,N,N,,
,412307,PUNE,MAHARASHTRA,Y,Y,Y,,
,382276,Limdi,GUJARAT,N,N,N,,
,431219,Partur,MAHARASHTRA,Y,Y,N,,
,400048,Mumbai,MAHARASHTRA,N,N,N,,
,364540,Amreli,GUJARAT,N,N,N,,
,395210,Surat,GUJARAT,N,N,N,,
,421504,Thane,MAHARASHTRA,Y,Y,Y,,
,396200,Vapi,GUJARAT,Y,Y,N,,
,387140,Nadiad,GUJARAT,Y,Y,N,,
,395003,Surat,GUJARAT,Y,Y,Y,,
,400604,Thane,MAHARASHTRA,Y,Y,Y,,
,364765,Gathda,GUJARAT,Y,Y,N,,
,411014,PUNE,MAHARASHTRA,Y,Y,Y,,
,364730,Dhasa,GUJARAT,Y,Y,Y,,
,416302,ASHTA MH,MAHARASHTRA,Y,Y,Y,,
,416812,Kudal,MAHARASHTRA,Y,Y,Y,,
,413274,MALASHIRAS,MAHARASHTRA,N,N,N,,
,416213,Bambavade,MAHARASHTRA,N,N,N,,
,416216,Kagal,MAHARASHTRA,Y,Y,N,,
,442303,Pulgaon,MAHARASHTRA,Y,Y,N,,
,383002,Himmat Nagar,GUJARAT,Y,Y,N,,
,416112,Kolhapur,MAHARASHTRA,N,N,N,,
,387135,Nadiad,GUJARAT,Y,Y,N,,
,430007,Jalna,MAHARASHTRA,N,N,N,,
,384226,Mehsana,GUJARAT,Y,Y,N,,
,395012,Surat,GUJARAT,Y,Y,N,,
,400050,Mumbai,MAHARASHTRA,Y,Y,Y,,
,441216,Tumsar,MAHARASHTRA,N,N,N,,
,384212,Becharaji,GUJARAT,Y,Y,N,,
,403201,Goa,GOA,N,N,N,,
,400113,Mumbai,MAHARASHTRA,Y,Y,N,,
,387360,Nadiad,GUJARAT,Y,Y,N,,
,370471,Mandvi,GUJARAT,Y,Y,Y,,
,413105,Bhigwan,MAHARASHTRA,Y,Y,N,,
,360009,Rajkot,GUJARAT,Y,Y,N,,
,400023,Mumbai,MAHARASHTRA,Y,Y,N,,
,444118,Akot,MAHARASHTRA,Y,Y,N,,
,422106,Nashik,MAHARASHTRA,Y,Y,N,,
,413402,Vairag,MAHARASHTRA,Y,Y,Y,,
,362652,Kutiyana,GUJARAT,N,N,N,,
,441303,Katol,MAHARASHTRA,Y,Y,N,,
,416623,Devgad,MAHARASHTRA,Y,Y,N,,
,388201,Nadiad,GUJARAT,Y,Y,N,,
,391240,BHAVNAGAR,GUJARAT,Y,Y,N,,
,403516,Goa,GOA,Y,Y,Y,,
,431168,Hingoli,MAHARASHTRA,Y,Y,N,,
,411088,PUNE,MAHARASHTRA,Y,Y,Y,,
,400018,Mumbai,MAHARASHTRA,N,N,N,,
,360003,Rajkot,GUJARAT,Y,Y,Y,,
,425446,Shahada,MAHARASHTRA,Y,Y,N,,
,380041,Ahmedabad,GUJARAT,N,N,N,,
,416220,Gadhingalaj,MAHARASHTRA,Y,Y,N,,
,394640,Bardoli,GUJARAT,Y,Y,Y,,
,364712,Botad,GUJARAT,Y,Y,N,,
,443109,Malkapur,MAHARASHTRA,Y,Y,N,,
,384325,Vadnagar,GUJARAT,Y,Y,Y,,
,394632,UMBERGAON,GUJARAT,Y,Y,N,,
,388556,Khambat,GUJARAT,Y,Y,N,,
,410210,Mumbai,MAHARASHTRA,Y,Y,Y,,
,362230,Mangrol,GUJARAT,Y,Y,Y,,
,411030,PUNE,MAHARASHTRA,Y,Y,Y,,
,443401,Nandura,MAHARASHTRA,N,N,N,,
,382001,Gandhinagar,GUJARAT,Y,Y,N,,
,442103,Wardha,MAHARASHTRA,Y,Y,N,,
,416523,Kudal,MAHARASHTRA,N,N,N,,
,413011,Temburni,MAHARASHTRA,N,N,N,,
,413613,Hadgaon,MAHARASHTRA,Y,Y,N,,
,445001,Yavatmal,MAHARASHTRA,Y,Y,Y,,
,413249,Shirurkasar,MAHARASHTRA,Y,Y,Y,,
,414118,Pirangut,MAHARASHTRA,N,N,N,,
,362011,Dhoraji,GUJARAT,Y,Y,N,,
,431738,Aundha Nagnath,MAHARASHTRA,N,N,N,,
,416321,Shirol,MAHARASHTRA,N,N,N,,
,414005,Ahmednagar,MAHARASHTRA,Y,Y,N,,
,383315,Modasa,GUJARAT,Y,Y,Y,,
,382810,Vijapur,GUJARAT,Y,Y,N,,
,431139,Majalgaon,MAHARASHTRA,N,N,N,,
,416516,Kudal,MAHARASHTRA,Y,Y,Y,,
,444908,Warud,MAHARASHTRA,Y,Y,N,,
,440038,Nagpur,MAHARASHTRA,Y,Y,N,,
,388011,ANAND,GUJARAT,Y,Y,N,,
,362634,Manavadar,GUJARAT,Y,Y,N,,
,396191,Vapi,GUJARAT,Y,Y,Y,,
,364645,Junagadh,GUJARAT,Y,Y,N,,
,415535,Lonand,MAHARASHTRA,Y,Y,N,,
,431506,Manwath,MAHARASHTRA,Y,Y,Y,,
,394105,Surat,GUJARAT,Y,Y,Y,,
,425116,Erandol,MAHARASHTRA,Y,Y,N,,
,416807,Devgad,MAHARASHTRA,N,N,N,,
,370230,Gandhidham,GUJARAT,N,N,N,,
,411010,PUNE,MAHARASHTRA,Y,Y,Y,,
,416230,Balinga,MAHARASHTRA,N,N,N,,
,425440,Shahada,MAHARASHTRA,Y,Y,N,,
,421006,Mumbai,MAHARASHTRA,Y,Y,N,,
,415621,Khed,MAHARASHTRA,Y,Y,N,,
,440026,Nagpur,MAHARASHTRA,Y,Y,Y,,
,416234,Kolhapur,MAHARASHTRA,N,N,N,,
,391354,VADODARA,GUJARAT,N,N,N,,
,423301,Satana,MAHARASHTRA,N,N,N,,
,400071,Mumbai,MAHARASHTRA,N,N,N,,
,425313,Malkapur,MAHARASHTRA,Y,Y,N,,
,444124,Akot,MAHARASHTRA,Y,Y,N,,
,311607,Bhilwara,RAJASTHAN,Y,Y,N,,
,388370,ANAND,GUJARAT,Y,Y,N,,
,382871,Vijapur,GUJARAT,Y,Y,N,,
,382816,Vijapur,GUJARAT,Y,Y,N,,
,413523,Kingaon,MAHARASHTRA,N,N,N,,
,442204,Arvi,MAHARASHTRA,Y,Y,N,,
,394185,Surat,GUJARAT,Y,Y,N,,
,431210,AURANGABAD,MAHARASHTRA,N,N,N,,
,444112,Akot,MAHARASHTRA,Y,Y,N,,
,413272,MALASHIRAS,MAHARASHTRA,N,N,N,,
,388485,ANAND,GUJARAT,Y,Y,N,,
,394675,Navsari,GUJARAT,Y,Y,N,,
,416303,Tasgaon,MAHARASHTRA,Y,Y,Y,,
,416034,Kolhapur,MAHARASHTRA,Y,Y,N,,
,414603,NEWASA,MAHARASHTRA,N,N,N,,
,400034,Mumbai,MAHARASHTRA,Y,Y,Y,,
,423601,Kopargaon,MAHARASHTRA,Y,Y,N,,
,431542,Sengaon,MAHARASHTRA,Y,Y,N,,
,431223,Jalna,MAHARASHTRA,Y,Y,Y,,
,444501,Patur,MAHARASHTRA,N,N,N,,
,362258,Veraval,GUJARAT,Y,Y,N,,
,431003,AURANGABAD,MAHARASHTRA,Y,Y,Y,,
,364292,Mahuva,GUJARAT,Y,Y,N,,
,403502,Goa,GOA,N,N,N,,
,396480,Navsari,GUJARAT,Y,Y,N,,
,384003,Mehsana,GUJARAT,Y,Y,Y,,
,441208,Armori,MAHARASHTRA,Y,Y,Y,,
,387620,Kapadwanj,GUJARAT,Y,Y,N,,
,413565,Osmanabad,MAHARASHTRA,N,N,N,,
,415302,Walwa,MAHARASHTRA,N,N,N,,
,362130,Vishavadar,GUJARAT,Y,Y,N,,
,403710,Goa,GOA,N,N,N,,
,431793,Naigaon,MAHARASHTRA,Y,Y,N,,
,441911,TIRODA,MAHARASHTRA,Y,Y,N,,
,363030,Surendranagar,GUJARAT,Y,Y,N,,
,363667,Veraval,GUJARAT,Y,Y,N,,
,382713,Mehsana,GUJARAT,Y,Y,N,,
,382475,Ahmedabad,GUJARAT,Y,Y,N,,
,431704,Ardhapur,MAHARASHTRA,N,N,N,,
,390004,VADODARA,GUJARAT,Y,Y,Y,,
,400008,Mumbai,MAHARASHTRA,N,N,Y,,
,362002,Junagadh,GUJARAT,Y,Y,N,,
,422113,Sinner,MAHARASHTRA,N,N,N,,
,362216,Keshod,GUJARAT,Y,Y,N,,
,396310,Bilimora,GUJARAT,Y,Y,N,,
,425415,Nandurbar,MAHARASHTRA,Y,Y,Y,,
,431265,Gevrai,MAHARASHTRA,Y,Y,N,,
,431401,Parbhani,MAHARASHTRA,Y,Y,Y,,
,400053,Mumbai,MAHARASHTRA,Y,Y,Y,,
,384271,Patan,GUJARAT,Y,Y,N,,
,415619,LANJA,MAHARASHTRA,Y,Y,N,,
,411025,PUNE,MAHARASHTRA,Y,Y,N,,
,411097,PUNE,MAHARASHTRA,N,N,N,,
,413716,Rahuri,MAHARASHTRA,Y,Y,N,,
,395009,Surat,GUJARAT,Y,Y,Y,,
,362246,Keshod,GUJARAT,Y,Y,N,,
,364560,Jafrabad,GUJARAT,Y,Y,N,,
,416602,Kankawali,MAHARASHTRA,Y,Y,N,,
,389002,Godhra,GUJARAT,N,N,N,,
,415503,Pusegaon,MAHARASHTRA,Y,Y,N,,
,400065,Mumbai,MAHARASHTRA,Y,Y,Y,,
,346005,Mahuva,GUJARAT,Y,Y,N,,
,384329,Vadnagar,GUJARAT,Y,Y,N,,
,443305,Mehkar,MAHARASHTRA,Y,Y,Y,,
,394710,Ahwa,GUJARAT,N,N,N,,
,422003,Nashik,MAHARASHTRA,Y,Y,Y,,
,413102,Baramati,MAHARASHTRA,Y,Y,Y,,
,411064,PUNE,MAHARASHTRA,Y,Y,Y,,
,400015,Mumbai,MAHARASHTRA,Y,Y,Y,,
,425514,KARHALE,MAHARASHTRA,Y,Y,N,,
,361004,Jamnagar,GUJARAT,Y,Y,Y,,
,444607,Badnera,MAHARASHTRA,Y,Y,Y,,
,422404,Nashik,MAHARASHTRA,Y,Y,N,,
,400098,Mumbai,MAHARASHTRA,Y,Y,Y,,
,380012,VADODARA,GUJARAT,N,N,N,,
,415414,Walwa,MAHARASHTRA,Y,Y,Y,,
,363422,Limdi,GUJARAT,Y,Y,N,,
,431110,Ganggapur,MAHARASHTRA,N,N,N,,
,413571,Osmanabad,MAHARASHTRA,N,N,N,,
,423401,Yeola,MAHARASHTRA,Y,Y,Y,,
,394550,Surat,GUJARAT,Y,Y,N,,
,415108,Ghogaon,MAHARASHTRA,N,N,N,,
,416813,Talere,MAHARASHTRA,N,N,N,,
,422619,Sangamner,MAHARASHTRA,Y,Y,N,,
,400002,Mumbai,MAHARASHTRA,Y,Y,Y,,
,423113,Ambejogai,MAHARASHTRA,N,N,N,,
,443112,Malkapur,MAHARASHTRA,Y,Y,N,,
,413238,Jamkhed,MAHARASHTRA,N,N,N,,
,413569,Kinwat,MAHARASHTRA,N,N,N,,
,387315,Nadiad,GUJARAT,Y,Y,N,,
,415601,Chiplun,MAHARASHTRA,Y,Y,Y,,
,363045,Surendranagar,GUJARAT,Y,Y,N,,
,416551,Gadhingalaj,MAHARASHTRA,N,N,N,,
,414212,Patan MH,MAHARASHTRA,Y,Y,N,,
,402308,Mangaon,MAHARASHTRA,Y,Y,N,,
,413232,Jamkhed,MAHARASHTRA,N,N,N,,
,413620,Murum,MAHARASHTRA,N,N,N,,
,423117,Chandwad,MAHARASHTRA,Y,Y,Y,,
,382870,Vijapur,GUJARAT,Y,Y,N,,
,413539,Dharmabad,MAHARASHTRA,Y,Y,N,,
,364298,Mahuva,GUJARAT,Y,Y,N,,
,415710,Khed,MAHARASHTRA,Y,Y,N,,
,400005,Mumbai,MAHARASHTRA,Y,Y,Y,,
,416713,Rajapur,MAHARASHTRA,Y,Y,N,,
,384323,Vadnagar,GUJARAT,Y,Y,N,,
,391421,Jambusar,GUJARAT,N,N,N,,
,385535,Deesa,GUJARAT,N,N,N,,
,413562,Terkheda,MAHARASHTRA,Y,Y,N,,
,416309,ASHTA MH,MAHARASHTRA,N,N,N,,
,441991,Gondia,MAHARASHTRA,Y,Y,N,,
,403405,Goa,GOA,N,N,N,,
,396020,Valsad,GUJARAT,Y,Y,N,,
,411026,PUNE,MAHARASHTRA,Y,Y,Y,,
,390017,VADODARA,GUJARAT,Y,Y,Y,,
,411052,PUNE,MAHARASHTRA,Y,Y,Y,,
,415627,Ratnagiri,MAHARASHTRA,Y,Y,N,,
,444807,Paratwadda,MAHARASHTRA,Y,Y,Y,,
,431407,Parbhani,MAHARASHTRA,Y,Y,N,,
,422013,Nashik,MAHARASHTRA,Y,Y,Y,,
,412206,Bhor,MAHARASHTRA,N,N,N,,
,370111,Gandhidham,GUJARAT,Y,Y,N,,
,413134,Indapur,MAHARASHTRA,Y,Y,N,,
,412415,Alephata,MAHARASHTRA,Y,Y,N,,
,425323,Malkapur,MAHARASHTRA,Y,Y,N,,
,362267,Veraval,GUJARAT,Y,Y,N,,
,382460,Dhanduka,GUJARAT,Y,Y,Y,,
,387380,Nadiad,GUJARAT,Y,Y,N,,
,388460,ANAND,GUJARAT,N,N,N,,
,416123,Kagal,MAHARASHTRA,N,N,N,,
,444812,Warud,MAHARASHTRA,N,N,N,,
,444309,Balapur,MAHARASHTRA,Y,Y,Y,,
,444826,Morshi,MAHARASHTRA,Y,Y,N,,
,400013,Mumbai,MAHARASHTRA,N,N,N,,
,441609,Gondia,MAHARASHTRA,Y,Y,N,,
,396156,UMBERGAON,GUJARAT,Y,Y,N,,
,412803,Wai,MAHARASHTRA,Y,Y,Y,,
,422203,Nashik,MAHARASHTRA,N,N,N,,
,411037,PUNE,MAHARASHTRA,Y,Y,Y,,
,402123,Mangaon,MAHARASHTRA,Y,Y,N,,
,394230,Surat,GUJARAT,Y,Y,Y,,
,445211,Umarkhed,MAHARASHTRA,N,N,N,,
,440036,Nagpur,MAHARASHTRA,Y,Y,N,,
,402403,Shrivardhan,MAHARASHTRA,Y,Y,N,,
,441212,Sindewahi,MAHARASHTRA,Y,Y,Y,,
,411006,PUNE,MAHARASHTRA,Y,Y,N,,
,380024,Ahmedabad,GUJARAT,Y,Y,N,,
,413577,Osmanabad,MAHARASHTRA,N,N,N,,
,431009,AURANGABAD,MAHARASHTRA,Y,Y,N,,
,422012,Nashik,MAHARASHTRA,N,N,N,,
,423203,Malegaon,MAHARASHTRA,Y,Y,Y,,
,444002,Akola,MAHARASHTRA,Y,Y,Y,,
,400030,Mumbai,MAHARASHTRA,Y,Y,N,,
,403603,Goa,GOA,N,N,N,,
,403526,Goa,GOA,N,N,N,,
,413715,Shrirampur,MAHARASHTRA,Y,Y,N,,
,410513,Rajgurunagar,MAHARASHTRA,N,N,N,,
,396463,Navsari,GUJARAT,N,N,N,,
,413586,Terkheda,MAHARASHTRA,Y,Y,N,,
,389230,Lunavada,GUJARAT,Y,Y,N,,
,412402,Rajgurunagar,MAHARASHTRA,N,N,N,,
,423502,Kalvan,MAHARASHTRA,N,N,N,,
,403726,Goa,GOA,N,N,N,,
,425307,Bhusawal,MAHARASHTRA,Y,Y,Y,,
,412407,Manchar,MAHARASHTRA,N,N,N,,
,443402,Jalgaon Jamod,MAHARASHTRA,Y,Y,Y,,
,403802,Goa,GOA,Y,Y,Y,,
,431408,Manwath,MAHARASHTRA,N,N,N,,
,412117,Pirangut,MAHARASHTRA,N,N,N,,
,414612,NEWASA,MAHARASHTRA,N,N,N,,
,360080,Jasdan,GUJARAT,Y,Y,N,,
,431605,Nanded,MAHARASHTRA,Y,Y,Y,,
,413122,Beed,MAHARASHTRA,N,N,N,,
,416511,Banda MH,MAHARASHTRA,Y,Y,N,,
,441611,Gondia,MAHARASHTRA,Y,Y,N,,
,411036,PUNE,MAHARASHTRA,Y,Y,Y,,
,431161,NEWASA,MAHARASHTRA,N,N,N,,
,414104,Rahuri,MAHARASHTRA,Y,Y,N,,
,382404,Ahmedabad,GUJARAT,Y,Y,N,,
,431122,Beed,MAHARASHTRA,N,N,N,,
,431537,Parbhani,MAHARASHTRA,Y,Y,N,,
,414111,Ahmednagar,MAHARASHTRA,Y,Y,Y,,
,400608,Mumbai,MAHARASHTRA,Y,Y,Y,,
,411077,PUNE,MAHARASHTRA,Y,Y,Y,,
,360585,PORBANDAR,GUJARAT,Y,Y,N,,
,400059,Mumbai,MAHARASHTRA,Y,Y,Y,,
,422307,Lasalgaon,MAHARASHTRA,Y,Y,N,,
,413220,Akkalkot,MAHARASHTRA,Y,Y,N,,
,416010,Kolhapur,MAHARASHTRA,Y,Y,N,,
,441502,Saoner,MAHARASHTRA,Y,Y,Y,,
,444505,Washim,MAHARASHTRA,Y,Y,Y,,
,425405,Shirpur,MAHARASHTRA,Y,Y,Y,,
,396002,Valsad,GUJARAT,Y,Y,Y,,
,410516,Manchar,MAHARASHTRA,Y,Y,N,,
,413271,MALASHIRAS,MAHARASHTRA,N,N,N,,
,431106,Selu,MAHARASHTRA,N,N,N,,
,394221,Surat,GUJARAT,Y,Y,Y,,
,387220,Nadiad,GUJARAT,Y,Y,N,,
,382867,Mehsana,GUJARAT,Y,Y,N,,
,362228,Keshod,GUJARAT,Y,Y,N,,
,416236,Kagal,MAHARASHTRA,Y,Y,N,,
,444709,Chandur Railway,MAHARASHTRA,Y,Y,Y,,
,415525,Koregaon,MAHARASHTRA,Y,Y,N,,
,382011,Gandhinagar,GUJARAT,Y,Y,Y,,
,413206,Jeur,MAHARASHTRA,N,N,N,,
,431809,Dharmabad,MAHARASHTRA,Y,Y,Y,,
,442112,Wardha,MAHARASHTRA,Y,Y,N,,
,415115,Karad,MAHARASHTRA,Y,Y,N,,
,385519,Palanpur,GUJARAT,Y,Y,N,,
,424317,Dhule,MAHARASHTRA,N,N,N,,
,442002,Wardha,MAHARASHTRA,Y,Y,N,,
,415724,Guhagar,MAHARASHTRA,Y,Y,N,,
,415211,Patan MH,MAHARASHTRA,Y,Y,N,,
,387570,Nadiad,GUJARAT,N,N,N,,
,364315,Botad,GUJARAT,Y,Y,N,,
,442905,Rajura,MAHARASHTRA,N,N,N,,
,382327,Ahmedabad,GUJARAT,Y,Y,N,,
,362571,UNAGJ,GUJARAT,Y,Y,N,,
,416509,Nesari,MAHARASHTRA,Y,Y,N,,
,380018,Ahmedabad,GUJARAT,Y,Y,N,,
,425003,Jalgaon,MAHARASHTRA,Y,Y,N,,
,384277,Patan,GUJARAT,Y,Y,N,,
,382316,Ahmedabad,GUJARAT,Y,Y,N,,
,416003,Kolhapur,MAHARASHTRA,Y,Y,Y,,
,144024,Jalandhar,PUNJAB,N,N,Y,,
,312614,Nimbahera,RAJASTHAN,Y,Y,N,,
,332702,Dantaramgarh,RAJASTHAN,Y,Y,Y,,
,136119,KURUKSHETRA,HARYANA,Y,Y,Y,,
,141108,SUDHAR,PUNJAB,Y,Y,Y,,
,274302,Duddhi,UTTAR PRADESH,Y,Y,N,,
,143102,AMRITSAR,PUNJAB,N,N,N,,
,201102,Delhi NCR,DELHI,Y,Y,Y,,
,192211,Anantnag,JAMMU AND KASHMIR,Y,Y,Y,,
,174314,Baruhi,HIMACHAL PRADESH,Y,Y,N,,
,146101,MAHALPUR,PUNJAB,Y,Y,Y,,
,341528,Kuchaman City,RAJASTHAN,Y,Y,N,,
,263145,LALKUAN,UTTARAKHAND,Y,Y,Y,,
,174317,Haroli,HIMACHAL PRADESH,Y,Y,N,,
,146113,Hoshiarpur,PUNJAB,Y,Y,N,,
,143517,Gurdaspur,PUNJAB,Y,Y,Y,,
,342003,Jodhpur,RAJASTHAN,Y,Y,Y,,
,160055,MOHALI,CHANDIGARH,Y,Y,Y,,
,244251,Amroha,UTTAR PRADESH,Y,Y,N,,
,262702,Lakhimpur Khiri,UTTAR PRADESH,Y,Y,N,,
,176047,Nagrota Bagwan,HIMACHAL PRADESH,Y,Y,N,,
,146021,Hoshiarpur,PUNJAB,Y,Y,Y,,
,177204,GONDPUR,HIMACHAL PRADESH,Y,Y,N,,
,144801,KAPURTHALA,PUNJAB,Y,Y,N,,
,171206,Shimla,HIMACHAL PRADESH,Y,Y,N,,
,283204,Etmadpur,UTTAR PRADESH,Y,Y,Y,,
,274705,Bahtpar Rani,UTTAR PRADESH,N,N,N,,
,335073,Chunawadh,RAJASTHAN,N,N,N,,
,173021,Paonta Sahib,HIMACHAL PRADESH,Y,Y,N,,
,141421,MACHIWARA,PUNJAB,Y,Y,Y,,
,123029,Narnaul,HARYANA,N,N,N,,
,250020,Meerut,UTTAR PRADESH,Y,Y,Y,,
,144105,ADAMPUR,PUNJAB,Y,Y,Y,,
,143416,Tarn Taran Sahib,PUNJAB,Y,Y,Y,,
,324006,Sultanpur,RAJASTHAN,Y,Y,Y,,
,148026,Patiala,PUNJAB,N,N,Y,,
,191201,Lar Ganderbal,JAMMU AND KASHMIR,Y,Y,N,,
,263153,Rudrapur,UTTARAKHAND,Y,Y,Y,,
,322203,Sapotra,RAJASTHAN,Y,Y,N,,
,173207,Kunihar HP,HIMACHAL PRADESH,Y,Y,N,,
,301420,BHIWADI,RAJASTHAN,Y,Y,N,,
,148048,Sangrur,PUNJAB,Y,Y,Y,,
,302038,Jaipur,RAJASTHAN,Y,Y,Y,,
,122203,Gurugram,HARYANA,Y,Y,Y,,
,321412,Bayana,RAJASTHAN,Y,Y,N,,
,273402,BARHALGANJ,UTTAR PRADESH,Y,Y,N,,
,231223,RIHAND NAGAR,UTTAR PRADESH,N,N,N,,
,301002,Alwar,RAJASTHAN,Y,Y,Y,,
,110401,New Delhi,DELHI,Y,Y,Y,,
,306307,Raipur Marwar,RAJASTHAN,Y,Y,N,,
,246762,Nagina,UTTAR PRADESH,Y,Y,Y,,
,131023,Sonipat,HARYANA,Y,Y,N,,
,227304,Sultanpur,UTTAR PRADESH,Y,Y,N,,
,151510,Mansa,PUNJAB,Y,Y,N,,
,176404,Indora,HIMACHAL PRADESH,Y,Y,N,,
,333042,Jhunjhunu,RAJASTHAN,Y,Y,Y,,
,208014,Kanpur,UTTAR PRADESH,Y,Y,Y,,
,191101,Srinagar,JAMMU AND KASHMIR,Y,Y,N,,
,182148,Ramban,JAMMU AND KASHMIR,N,N,N,,
,123024,Loharu,HARYANA,Y,Y,N,,
,244102,Moradabad,UTTAR PRADESH,Y,Y,Y,,
,246487,Karnaprayag,UTTAR PRADESH,N,N,N,,
,125047,Agroha,HARYANA,Y,Y,N,,
,141012,Ludhiana,PUNJAB,Y,Y,Y,,
,303503,Lalsot,RAJASTHAN,Y,Y,Y,,
,192304,Pulwama,JAMMU AND KASHMIR,N,N,N,,
,246482,Chamoli,UTTARAKHAND,Y,Y,N,,
,141125,MACHIWARA,PUNJAB,Y,Y,Y,,
,175011,Mandi,HIMACHAL PRADESH,Y,Y,N,,
,335040,Chunawadh,RAJASTHAN,N,N,N,,
,127028,Bahal,HARYANA,Y,Y,Y,,
,127111,Bhiwani,HARYANA,Y,Y,Y,,
,344029,Balotra,RAJASTHAN,Y,Y,N,,
,144401,PHAGWARA,PUNJAB,Y,Y,Y,,
,144044,Nakodar,PUNJAB,Y,Y,N,,
,131102,Gannaur,HARYANA,Y,Y,N,,
,332729,Udaipurwati,RAJASTHAN,Y,Y,N,,
,322001,Sawaimadhopur,RAJASTHAN,Y,Y,Y,,
,175009,Shimla,HIMACHAL PRADESH,Y,Y,N,,
,110112,New Delhi,DELHI,Y,Y,Y,,
,221103,VARANASI,UTTAR PRADESH,Y,Y,Y,,
,248147,Dehradun,UTTARAKHAND,Y,Y,N,,
,331307,Pilani,RAJASTHAN,Y,Y,N,,
,176028,Nagrota Suriyan,HIMACHAL PRADESH,Y,Y,N,,
,314407,Dungarpur,RAJASTHAN,Y,Y,N,,
,326513,RAMGANJ MANDI,RAJASTHAN,Y,Y,N,,
,185151,Nowshera,JAMMU AND KASHMIR,Y,Y,Y,,
,283121,Kheragarh RJ,RAJASTHAN,Y,Y,N,,
,142036,Jagraon,PUNJAB,Y,Y,N,,
,246149,KOTDWAR,UTTARAKHAND,Y,Y,Y,,
,273412,Gorakhpur,UTTAR PRADESH,Y,Y,N,,
,177034,Nadaun,HIMACHAL PRADESH,Y,Y,N,,
,212212,Bharwari,UTTAR PRADESH,Y,Y,N,,
,160071,MOHALI,CHANDIGARH,Y,Y,Y,,
,303806,Chomu,RAJASTHAN,Y,Y,Y,,
,251001,Muzaffarnagar,UTTAR PRADESH,Y,Y,Y,,
,227131,Haidergarh UP,UTTAR PRADESH,N,N,N,,
,321625,Kaman,RAJASTHAN,N,N,N,,
,193202,Sopore,JAMMU AND KASHMIR,Y,Y,N,,
,175030,Ghumarwin,HIMACHAL PRADESH,N,N,N,,
,181112,Miran Sahib,JAMMU AND KASHMIR,Y,Y,Y,,
,305414,KEKRI,RAJASTHAN,Y,Y,N,,
,182204,Kishtwar,JAMMU AND KASHMIR,Y,Y,Y,,
,229881,Mohan UP,UTTAR PRADESH,N,N,N,,
,151108,Bhatinda,PUNJAB,Y,Y,Y,,
,321407,HALENA,RAJASTHAN,Y,Y,N,,
,306128,Sumerpur,RAJASTHAN,Y,Y,N,,
,160094,MOHALI,CHANDIGARH,Y,Y,N,,
,182101,Udhampur,JAMMU AND KASHMIR,Y,Y,Y,,
,282008,Agra,UTTAR PRADESH,Y,Y,N,,
,147202,Patiala,PUNJAB,Y,Y,Y,,
,273004,Gorakhpur,UTTAR PRADESH,Y,Y,Y,,
,182104,Udhampur,JAMMU AND KASHMIR,Y,Y,N,,
,147104,Ren,PUNJAB,Y,Y,Y,,
,132140,Panipat,HARYANA,Y,Y,Y,,
,201307,Delhi NCR,DELHI,Y,Y,Y,,
,999545,Jaipur,RAJASTHAN,Y,Y,N,,
,122210,Gurugram,HARYANA,Y,Y,Y,,
,147021,Patiala,PUNJAB,Y,Y,N,,
,282006,Agra,UTTAR PRADESH,Y,Y,Y,,
,132054,Karnal,HARYANA,Y,Y,N,,
,152123,Fazilka,PUNJAB,Y,Y,Y,,
,160009,Chandigarh,CHANDIGARH,Y,Y,Y,,
,328031,BARI RJ,RAJASTHAN,Y,Y,N,,
,303702,Chomu,RAJASTHAN,Y,Y,Y,,
,322027,Sawaimadhopur,RAJASTHAN,Y,Y,N,,
,110010,New Delhi,DELHI,Y,Y,Y,,
,122228,Delhi NCR,DELHI,Y,Y,Y,,
,307510,Mount Abu,RAJASTHAN,Y,Y,N,,
,173219,Kundaghat,HIMACHAL PRADESH,Y,Y,N,,
,328030,Dholpur,RAJASTHAN,N,N,N,,
,246731,NAJIBABAD,UTTAR PRADESH,Y,Y,N,,
,144013,Jalandhar,PUNJAB,Y,Y,Y,,
,147004,Patiala,PUNJAB,Y,Y,Y,,
,271865,Behraich,UTTAR PRADESH,Y,Y,N,,
,175126,BHUNTER,HIMACHAL PRADESH,Y,Y,Y,,
,277506,Ballia,UTTAR PRADESH,Y,Y,N,,
,277201,BAIRIA,UTTAR PRADESH,N,N,N,,
,302052,Jaipur,RAJASTHAN,Y,Y,N,,
,177211,Baruhi,HIMACHAL PRADESH,Y,Y,N,,
,143109,AMRITSAR,PUNJAB,N,N,N,,
,244303,Shambhal,UTTAR PRADESH,Y,Y,Y,,
,331023,RAJGARH,RAJASTHAN,Y,Y,N,,
,160012,MOHALI,CHANDIGARH,Y,Y,Y,,
,335026,Sriganganagar,RAJASTHAN,Y,Y,Y,,
,144025,Jalandhar,PUNJAB,N,N,Y,,
,230131,Pratapgarh,UTTAR PRADESH,Y,Y,N,,
,143511,Batala,PUNJAB,N,N,N,,
,134101,PANCHKULA,HARYANA,N,N,N,,
,305207,Pisagan,RAJASTHAN,Y,Y,N,,
,160032,Chandigarh,CHANDIGARH,Y,Y,Y,,
,302018,Jaipur,RAJASTHAN,Y,Y,Y,,
,160064,MOHALI,CHANDIGARH,Y,Y,Y,,
,224147,JahangirGanj,UTTAR PRADESH,Y,Y,N,,
,274802,Khadda UP,UTTAR PRADESH,Y,Y,N,,
,175032,Joginder Nagar,HIMACHAL PRADESH,Y,Y,Y,,
,190022,Srinagar,JAMMU AND KASHMIR,Y,Y,Y,,
,244715,Ramnagar,UTTARAKHAND,Y,Y,Y,,
,144027,Jalandhar,PUNJAB,Y,Y,Y,,
,313201,Dabok,RAJASTHAN,Y,Y,N,,
,136044,Assandh,HARYANA,N,N,N,,
,230202,Kunda,UTTAR PRADESH,Y,Y,N,,
,306029,Sojat City,RAJASTHAN,Y,Y,N,,
,141027,Ludhiana,PUNJAB,N,N,N,,
,177213,GONDPUR,HIMACHAL PRADESH,Y,Y,N,,
,176052,Dharmshala,HIMACHAL PRADESH,Y,Y,Y,,
,145025,Taragarh,PUNJAB,Y,Y,N,,
,131103,Kharkhoda,HARYANA,N,N,N,,
,276129,Chiryakot,UTTAR PRADESH,N,N,N,,
,126116,NARWANA,HARYANA,Y,Y,Y,,
,250102,Meerut,UTTAR PRADESH,N,N,N,,
,132024,NISSING,HARYANA,Y,Y,N,,
,246747,DHAMPUR,UTTAR PRADESH,Y,Y,Y,,
,125006,Hissar,HARYANA,Y,Y,Y,,
,226027,Lucknow,UTTAR PRADESH,Y,Y,Y,,
,132001,Karnal,HARYANA,Y,Y,N,,
,274506,SALEMPUR,UTTAR PRADESH,Y,Y,N,,
,302035,Jaipur,RAJASTHAN,Y,Y,Y,,
,176077,Joginder Nagar,HIMACHAL PRADESH,Y,Y,Y,,
,341533,Nawa RJ,RAJASTHAN,N,N,N,,
,341516,Malsisar,RAJASTHAN,Y,Y,N,,
,232325,Ghazipur,UTTAR PRADESH,Y,Y,N,,
,122053,Delhi NCR,DELHI,Y,Y,Y,,
,243502,Bareilly,UTTAR PRADESH,Y,Y,Y,,
,221409,Bhadohi,UTTAR PRADESH,Y,Y,N,,
,331321,Pilani,RAJASTHAN,Y,Y,N,,
,222138,Jaunpur,UTTAR PRADESH,Y,Y,N,,
,172107,Recongpeo,HIMACHAL PRADESH,Y,Y,N,,
,176216,Dharmshala,HIMACHAL PRADESH,Y,Y,N,,
,244414,Chandausi,UTTAR PRADESH,Y,Y,Y,,
,140202,PANCHKULA,HARYANA,N,N,N,,
,172034,JEORI,HIMACHAL PRADESH,Y,Y,N,,
,192125,Anantnag,JAMMU AND KASHMIR,Y,Y,N,,
,176096,Jasingpur,HIMACHAL PRADESH,Y,Y,N,,
,248005,Doiwala,UTTARAKHAND,Y,Y,Y,,
,301426,Viratnagar,RAJASTHAN,Y,Y,N,,
,127046,Siwani,HARYANA,Y,Y,Y,,
,206124,Bakewar,UTTAR PRADESH,Y,Y,Y,,
,143005,AMRITSAR,PUNJAB,Y,Y,Y,,
,185111,POONCH,JAMMU AND KASHMIR,N,N,N,,
,180013,Jammu,JAMMU AND KASHMIR,Y,Y,Y,,
,176025,Jawali,HIMACHAL PRADESH,Y,Y,N,,
,143530,Gurdaspur,PUNJAB,Y,Y,N,,
,140126,UNA,PUNJAB,Y,Y,Y,,
,262201,Pilibhit,UTTAR PRADESH,Y,Y,N,,
,201005,Delhi NCR,DELHI,Y,Y,Y,,
,201009,Delhi NCR,DELHI,Y,Y,Y,,
,228121,Kurebhar,UTTAR PRADESH,Y,Y,N,,
,230001,Pratapgarh,UTTAR PRADESH,Y,Y,Y,,
,134002,AMBALA,HARYANA,Y,Y,Y,,
,176041,Bhota,HIMACHAL PRADESH,Y,Y,N,,
,136156,Babain,HARYANA,Y,Y,N,,
,342309,Peelwa,RAJASTHAN,Y,Y,N,,
,110078,Delhi NCR,DELHI,Y,Y,Y,,
,226017,Lucknow,UTTAR PRADESH,Y,Y,Y,,
,142026,Jagraon,PUNJAB,Y,Y,N,,
,224151,Akbarpur,UTTAR PRADESH,Y,Y,N,,
,125102,Fatehabad,HARYANA,Y,Y,Y,,
,152001,Ferozepur,PUNJAB,Y,Y,Y,,
,148019,Malerkotla,PUNJAB,Y,Y,Y,,
,209112,Pukhrayan,UTTAR PRADESH,Y,Y,N,,
,144628,SULTANPUR LODHI,PUNJAB,Y,Y,Y,,
,144010,Jalandhar,PUNJAB,N,N,Y,,
,229411,Lalgopalganj,UTTAR PRADESH,Y,Y,N,,
,249137,Rishikesh,UTTARAKHAND,Y,Y,N,,
,202392,Shikaarpur UP,UTTAR PRADESH,N,N,N,,
,144029,Nawansahar,PUNJAB,Y,Y,N,,
,331401,Sardarshahar,RAJASTHAN,Y,Y,N,,
,160087,MOHALI,CHANDIGARH,Y,Y,Y,,
,228151,Kurebhar,UTTAR PRADESH,Y,Y,Y,,
,110014,New Delhi,DELHI,Y,Y,Y,,
,144046,Nakodar,PUNJAB,N,N,N,,
,141115,MACHIWARA,PUNJAB,Y,Y,Y,,
,181201,Jammu,JAMMU AND KASHMIR,Y,Y,Y,,
,331803,Shri Dungargarh,RAJASTHAN,N,N,N,,
,160057,MOHALI,CHANDIGARH,Y,Y,Y,,
,125055,Sirsa,HARYANA,Y,Y,Y,,
,246125,Pauri Garhwal,UTTARAKHAND,Y,Y,N,,
,140118,Anandpur Sahib,PUNJAB,Y,Y,Y,,
,312611,Nimbahera,RAJASTHAN,Y,Y,N,,
,321006,Kherli,RAJASTHAN,Y,Y,N,,
,144039,NoorMahal,PUNJAB,Y,Y,N,,
,143003,AMRITSAR,PUNJAB,Y,Y,Y,,
,229412,Lalgopalganj,UTTAR PRADESH,Y,Y,N,,
,229841,Mohan UP,UTTAR PRADESH,N,N,N,,
,208018,Kanpur,UTTAR PRADESH,Y,Y,Y,,
,273016,Gorakhpur,UTTAR PRADESH,Y,Y,Y,,
,185234,Rajouri,JAMMU AND KASHMIR,Y,Y,Y,,
,174304,Bangana,HIMACHAL PRADESH,Y,Y,N,,
,301020,Neemrana,RAJASTHAN,Y,Y,N,,
,110107,New Delhi,DELHI,Y,Y,Y,,
,181105,Miran Sahib,JAMMU AND KASHMIR,Y,Y,Y,,
,341544,Merta,RAJASTHAN,N,N,N,,
,284301,Chirgaon,UTTAR PRADESH,Y,Y,Y,,
,227116,Malihabad,UTTAR PRADESH,Y,Y,Y,,
,262805,GOLA UP,UTTAR PRADESH,N,N,N,,
,321030,Bayana,RAJASTHAN,Y,Y,N,,
,229309,Amethi,UTTAR PRADESH,Y,Y,N,,
,331804,Shri Dungargarh,RAJASTHAN,N,N,N,,
,328021,BARI RJ,RAJASTHAN,Y,Y,Y,,
,177207,Haroli,HIMACHAL PRADESH,Y,Y,N,,
,122001,Delhi NCR,DELHI,Y,Y,Y,,
,327001,Banswara,RAJASTHAN,Y,Y,Y,,
,305005,Ajmer,RAJASTHAN,Y,Y,Y,,
,321424,Bayana,RAJASTHAN,Y,Y,N,,
,124506,Sampla,HARYANA,N,N,N,,
,173201,Dharampur Solan,HIMACHAL PRADESH,Y,Y,N,,
,224123,Ayodhya,UTTAR PRADESH,Y,Y,Y,,
,151004,Bhatinda,PUNJAB,Y,Y,Y,,
,276128,Azamgarh,UTTAR PRADESH,Y,Y,N,,
,148112,Barnala,PUNJAB,Y,Y,Y,,
,174011,Naina Devi,HIMACHAL PRADESH,Y,Y,N,,
,193122,Baramulla,JAMMU AND KASHMIR,N,N,N,,
,262906,Singahi,UTTAR PRADESH,Y,Y,N,,
,124007,Rohtak,HARYANA,Y,Y,Y,,
,320005,Dungarpur,RAJASTHAN,Y,Y,N,,
,321426,Bayana,RAJASTHAN,Y,Y,N,,
,110033,New Delhi,DELHI,Y,Y,Y,,
,301407,Ajarka,RAJASTHAN,Y,Y,Y,,
,146006,ADAMPUR,PUNJAB,Y,Y,N,,
,282001,Agra,UTTAR PRADESH,Y,Y,Y,,
,331303,Malsisar,RAJASTHAN,N,N,N,,
,148114,Barnala,PUNJAB,Y,Y,Y,,
,202119,Aligarh,UTTAR PRADESH,Y,Y,Y,,
,251301,Muzaffarnagar,UTTAR PRADESH,Y,Y,Y,,
,132111,Karnal,HARYANA,Y,Y,N,,
,334001,Bikaner,RAJASTHAN,Y,Y,Y,,
,250013,Meerut,UTTAR PRADESH,Y,Y,Y,,
,124005,Rohtak,HARYANA,Y,Y,N,,
,333053,GUDHA GORJI,RAJASTHAN,Y,Y,N,,
,143001,AMRITSAR,PUNJAB,Y,Y,Y,,
,301032,Alwar,RAJASTHAN,N,N,N,,
,341507,Nawa RJ,RAJASTHAN,N,N,N,,
,332743,Kuchaman City,RAJASTHAN,Y,Y,N,,
,182222,Bhaderwah,JAMMU AND KASHMIR,Y,Y,Y,,
,306701,Falna,RAJASTHAN,N,N,N,,
,271855,Behraich,UTTAR PRADESH,Y,Y,N,,
,123401,Rewari,HARYANA,Y,Y,Y,,
,335022,Chunawadh,RAJASTHAN,Y,Y,Y,,
,313022,Dabok,RAJASTHAN,Y,Y,N,,
,141202,Dehlon,PUNJAB,Y,Y,N,,
,171010,Shimla,HIMACHAL PRADESH,Y,Y,Y,,
,273413,Kauriram,UTTAR PRADESH,Y,Y,N,,
,208010,Kanpur,UTTAR PRADESH,Y,Y,Y,,
,323613,Lakheri,RAJASTHAN,Y,Y,N,,
,326520,RAMGANJ MANDI,RAJASTHAN,Y,Y,N,,
,124129,Meham,HARYANA,Y,Y,N,,
,284120,Jhansi,UTTAR PRADESH,Y,Y,Y,,
,142053,MOGA,PUNJAB,Y,Y,Y,,
,176051,Jawali,HIMACHAL PRADESH,Y,Y,Y,,
,249407,Haridwar,UTTARAKHAND,Y,Y,Y,,
,174201,Naina Devi,HIMACHAL PRADESH,N,N,N,,
,321605,Kherli,RAJASTHAN,Y,Y,N,,
,144533,Roopnagar,PUNJAB,Y,Y,N,,
,244105,Moradabad,UTTAR PRADESH,Y,Y,Y,,
,160005,MOHALI,CHANDIGARH,Y,Y,Y,,
,177209,Haroli,HIMACHAL PRADESH,Y,Y,N,,
,210428,HAMIRPUR,UTTAR PRADESH,N,N,N,,
,177031,Bangana,HIMACHAL PRADESH,Y,Y,N,,
,142011,MOGA,PUNJAB,Y,Y,Y,,
,225126,Haidergarh UP,UTTAR PRADESH,N,N,N,,
,135004,Yamunanagar,HARYANA,Y,Y,Y,,
,144621,Dhilwan,PUNJAB,Y,Y,Y,,
,177108,Dehra,HIMACHAL PRADESH,Y,Y,N,,
,146519,MAHALPUR,PUNJAB,Y,Y,N,,
,122505,Delhi NCR,DELHI,Y,Y,Y,,
,141402,Mandigovindgarh,PUNJAB,Y,Y,Y,,
,325220,Chabra,RAJASTHAN,Y,Y,N,,
,274701,SALEMPUR,UTTAR PRADESH,Y,Y,Y,,
,148041,Sangrur,PUNJAB,Y,Y,Y,,
,131028,Sonipat,HARYANA,Y,Y,Y,,
,174001,Bilaspur HP,HIMACHAL PRADESH,Y,Y,Y,,
,143408,Tarn Taran Sahib,PUNJAB,Y,Y,N,,
,190008,Srinagar,JAMMU AND KASHMIR,Y,Y,Y,,
,211004,Allahabad,UTTAR PRADESH,Y,Y,N,,
,248010,Dehradun,UTTARAKHAND,Y,Y,N,,
,122215,Gurugram,HARYANA,Y,Y,Y,,
,134117,PANCHKULA,HARYANA,Y,Y,Y,,
,342011,Jodhpur,RAJASTHAN,Y,Y,N,,
,110114,New Delhi,DELHI,Y,Y,Y,,
,203132,Khurja,UTTAR PRADESH,Y,Y,N,,
,176225,KOTRI,HIMACHAL PRADESH,N,N,N,,
,263601,Almora,UTTARAKHAND,Y,Y,N,,
,302028,Achrol,RAJASTHAN,Y,Y,N,,
,227207,Lucknow,UTTAR PRADESH,N,N,N,,
,134102,PANCHKULA,HARYANA,N,N,N,,
,313207,Rashmi,RAJASTHAN,Y,Y,N,,
,173028,Paonta Sahib,HIMACHAL PRADESH,Y,Y,N,,
,148021,Malerkotla,PUNJAB,Y,Y,Y,,
,146115,Bhogpur,PUNJAB,Y,Y,N,,
,143006,AMRITSAR,PUNJAB,Y,Y,Y,,
,147002,Patiala,PUNJAB,Y,Y,Y,,
,314013,Dungarpur,RAJASTHAN,Y,Y,N,,
,204101,Hathras,UTTAR PRADESH,Y,Y,N,,
,141309,NoorMahal,PUNJAB,Y,Y,N,,
,135101,Yamunanagar,HARYANA,Y,Y,Y,,
,332037,Sikar,RAJASTHAN,Y,Y,N,,
,313332,AMET,RAJASTHAN,Y,Y,N,,
,151005,Bhatinda,PUNJAB,Y,Y,Y,,
,333001,Jhunjhunu,RAJASTHAN,Y,Y,Y,,
,190021,Srinagar,JAMMU AND KASHMIR,Y,Y,Y,,
,332736,Udaipurwati,RAJASTHAN,Y,Y,N,,
,271006,Gonda,UTTAR PRADESH,N,N,N,,
,127040,Siwani,HARYANA,Y,Y,Y,,
,306902,Sumerpur,RAJASTHAN,Y,Y,Y,,
,331811,SHERUNA,RAJASTHAN,Y,Y,N,,
,284305,Chirgaon,UTTAR PRADESH,Y,Y,N,,
,160059,MOHALI,CHANDIGARH,Y,Y,Y,,
,142050,Zira,PUNJAB,Y,Y,N,,
,262505,NAWABGANJ,UTTAR PRADESH,Y,Y,N,,
,284129,Jhansi,UTTAR PRADESH,Y,Y,N,,
,131039,Sonipat,HARYANA,N,N,Y,,
,110607,New Delhi,DELHI,Y,Y,Y,,
,302033,Jaipur,RAJASTHAN,Y,Y,Y,,
,209726,Kannauj,UTTAR PRADESH,Y,Y,Y,,
,307027,Sumerpur,RAJASTHAN,Y,Y,Y,,
,143519,Gurdaspur,PUNJAB,Y,Y,N,,
,325210,Anta,RAJASTHAN,N,N,N,,
,174102,Baddi,HIMACHAL PRADESH,Y,Y,Y,,
,277303,Maniar,UTTAR PRADESH,Y,Y,N,,
,274306,Kushinagar,UTTAR PRADESH,Y,Y,Y,,
,333706,Jhunjhunu,RAJASTHAN,Y,Y,Y,,
,160044,Chandigarh,CHANDIGARH,Y,Y,Y,,
,110037,New Delhi,DELHI,Y,Y,Y,,
,221705,Mau,UTTAR PRADESH,Y,Y,N,,
,125112,Barwala,HARYANA,Y,Y,Y,,
,160014,MOHALI,CHANDIGARH,Y,Y,Y,,
,305928,BEAWAR,RAJASTHAN,Y,Y,N,,
,148018,Patiala,PUNJAB,N,N,N,,
,311404,Sahpura Bhilwara,RAJASTHAN,Y,Y,Y,,
,224126,Rudauli,UTTAR PRADESH,N,N,N,,
,176208,Shahpur,HIMACHAL PRADESH,Y,Y,N,,
,999543,Gurgaon,HARYANA,Y,Y,N,,
,271303,Gonda,UTTAR PRADESH,N,N,N,,
,193209,Sopore,JAMMU AND KASHMIR,Y,Y,N,,
,241202,Sandila,UTTAR PRADESH,Y,Y,N,,
,131027,Sonipat,HARYANA,N,N,Y,,
,176086,Daroh,HIMACHAL PRADESH,Y,Y,N,,
,110510,New Delhi,DELHI,Y,Y,Y,,
,246736,DHAMPUR,UTTAR PRADESH,Y,Y,N,,
,333314,Udaipurwati,RAJASTHAN,Y,Y,Y,,
,305025,Nasirabad,RAJASTHAN,Y,Y,N,,
,145023,Pathankot,PUNJAB,Y,Y,Y,,
,193123,Baramulla,JAMMU AND KASHMIR,N,N,N,,
,110121,New Delhi,DELHI,Y,Y,Y,,
,133006,AMBALA,HARYANA,Y,Y,Y,,
,180019,Nagrota,JAMMU AND KASHMIR,Y,Y,N,,
,160096,MOHALI,CHANDIGARH,Y,Y,N,,
,274703,Bahtpar Rani,UTTAR PRADESH,N,N,N,,
,176043,Bhota,HIMACHAL PRADESH,Y,Y,Y,,
,201012,New Delhi,DELHI,Y,Y,Y,,
,248140,Doiwala,UTTARAKHAND,N,N,N,,
,277502,Ballia,UTTAR PRADESH,N,N,N,,
,110019,New Delhi,DELHI,Y,Y,Y,,
,305925,BEAWAR,RAJASTHAN,Y,Y,N,,
,233230,Kasimabad,UTTAR PRADESH,Y,Y,Y,,
,110006,New Delhi,DELHI,Y,Y,Y,,
,173214,Solan,HIMACHAL PRADESH,Y,Y,N,,
,333052,Udaipurwati,RAJASTHAN,Y,Y,Y,,
,321206,Deeg,RAJASTHAN,N,N,N,,
,177044,Nadaun,HIMACHAL PRADESH,Y,Y,N,,
,262406,NAWABGANJ,UTTAR PRADESH,Y,Y,N,,
,190024,DARGAH,JAMMU AND KASHMIR,Y,Y,Y,,
,285123,ORAI,UTTAR PRADESH,Y,Y,Y,,
,230204,Kunda,UTTAR PRADESH,Y,Y,N,,
,202150,Aligarh,UTTAR PRADESH,Y,Y,Y,,
,333308,Udaipurwati,RAJASTHAN,Y,Y,N,,
,208009,Kanpur,UTTAR PRADESH,Y,Y,Y,,
,110088,New Delhi,DELHI,Y,Y,Y,,
,160023,MOHALI,CHANDIGARH,Y,Y,Y,,
,312027,Mandphiya,RAJASTHAN,Y,Y,N,,
,172024,KUMARSAIN,HIMACHAL PRADESH,Y,Y,N,,
,142032,SUDHAR,PUNJAB,Y,Y,N,,
,342008,Jodhpur,RAJASTHAN,Y,Y,Y,,
,110501,New Delhi,DELHI,Y,Y,Y,,
,273006,Gorakhpur,UTTAR PRADESH,Y,Y,Y,,
,123302,KOSLI,HARYANA,N,N,N,,
,314405,Dungarpur,RAJASTHAN,Y,Y,N,,
,246746,Kanth,UTTAR PRADESH,Y,Y,N,,
,123106,Dharuhera,HARYANA,N,N,Y,,
,141412,MACHIWARA,PUNJAB,N,N,N,,
,151213,Faridkot,PUNJAB,N,N,N,,
,332734,Udaipurwati,RAJASTHAN,Y,Y,N,,
,311808,Jodhpur,RAJASTHAN,N,N,N,,
,323023,Bundi,RAJASTHAN,Y,Y,N,,
,233002,Ghazipur,UTTAR PRADESH,Y,Y,N,,
,140417,Rajpura,PUNJAB,Y,Y,Y,,
,151105,Bhatinda,PUNJAB,Y,Y,N,,
,327033,Banswara,RAJASTHAN,Y,Y,N,,
,277301,Ballia,UTTAR PRADESH,Y,Y,N,,
,152103,MALOUT,PUNJAB,Y,Y,Y,,
,181114,Miran Sahib,JAMMU AND KASHMIR,Y,Y,N,,
,176044,Jahu,HIMACHAL PRADESH,Y,Y,Y,,
,143502,Tarn Taran Sahib,PUNJAB,N,N,N,,
,110116,New Delhi,DELHI,Y,Y,Y,,
,146116,Hoshiarpur,PUNJAB,Y,Y,N,,
,305818,Kishangarh,RAJASTHAN,Y,Y,N,,
,223225,Saraimeer,UTTAR PRADESH,Y,Y,N,,
,141124,MACHIWARA,PUNJAB,Y,Y,Y,,
,331021,Bissau,RAJASTHAN,Y,Y,N,,
,303113,Viratnagar,RAJASTHAN,Y,Y,N,,
,145105,Barnala,PUNJAB,Y,Y,Y,,
,148043,Sangrur,PUNJAB,Y,Y,Y,,
,314038,Aspur,RAJASTHAN,Y,Y,N,,
,143036,AMRITSAR,PUNJAB,Y,Y,Y,,
,232329,Zamaniya,UTTAR PRADESH,Y,Y,N,,
,248001,Dehradun,UTTARAKHAND,N,N,N,,
,341502,MAKRANA,RAJASTHAN,Y,Y,N,,
,335514,Hanumangarh,RAJASTHAN,Y,Y,N,,
,177022,HAMIRPUR,HIMACHAL PRADESH,Y,Y,N,,
,229205,Lalganj,UTTAR PRADESH,Y,Y,N,,
,174030,Shah Talai,HIMACHAL PRADESH,Y,Y,N,,
,232339,Ghazipur,UTTAR PRADESH,N,N,N,,
,110008,New Delhi,DELHI,Y,Y,Y,,
,202390,ANUPSHAHAR,UTTAR PRADESH,Y,Y,Y,,
,302022,Chakshu,RAJASTHAN,N,N,Y,,
,332724,Udaipurwati,RAJASTHAN,Y,Y,N,,
,141418,MACHIWARA,PUNJAB,Y,Y,Y,,
,190010,LAL CHOWK,JAMMU AND KASHMIR,Y,Y,Y,,
,160030,Chandigarh,CHANDIGARH,Y,Y,Y,,
,262309,TANAKPUR,UTTARAKHAND,Y,Y,N,,
,224168,Akbarpur,UTTAR PRADESH,Y,Y,N,,
,144619,KAPURTHALA,PUNJAB,Y,Y,Y,,
,275107,Ghosi,UTTAR PRADESH,Y,Y,N,,
,144403,PHAGWARA,PUNJAB,Y,Y,Y,,
,172103,Bhavanagar,HIMACHAL PRADESH,Y,Y,N,,
,207246,Patiyali,UTTAR PRADESH,Y,Y,N,,
,171102,Arki,HIMACHAL PRADESH,Y,Y,Y,,
,249405,Haridwar,UTTARAKHAND,Y,Y,Y,,
,145001,Pathankot,PUNJAB,Y,Y,Y,,
,246764,Nagina,UTTAR PRADESH,Y,Y,Y,,
,303904,Phagi,RAJASTHAN,Y,Y,Y,,
,301404,Khertal,RAJASTHAN,Y,Y,Y,,
,248013,Dehradun,UTTARAKHAND,Y,Y,Y,,
,203001,Bulandshahr,UTTAR PRADESH,Y,Y,Y,,
,172026,Anni,HIMACHAL PRADESH,Y,Y,N,,
,342603,BHOPALGARH,RAJASTHAN,Y,Y,Y,,
,273001,Gorakhpur,UTTAR PRADESH,Y,Y,Y,,
,335528,Hanumangarh,RAJASTHAN,Y,Y,N,,
,142021,Ludhiana,PUNJAB,Y,Y,Y,,
,333044,Sikar,RAJASTHAN,Y,Y,N,,
,141415,MACHIWARA,PUNJAB,N,N,N,,
,146111,Hoshiarpur,PUNJAB,Y,Y,N,,
,333035,Chirawa,RAJASTHAN,Y,Y,Y,,
,342005,Jodhpur,RAJASTHAN,Y,Y,Y,,
,122005,Gurugram,HARYANA,Y,Y,Y,,
,320003,Dungarpur,RAJASTHAN,Y,Y,N,,
,281010,Agra,UTTAR PRADESH,Y,Y,N,,
,177029,HAMIRPUR,HIMACHAL PRADESH,Y,Y,Y,,
,301417,BHIWADI,RAJASTHAN,Y,Y,N,,
,212206,Allahabad,UTTAR PRADESH,Y,Y,N,,
,326034,Pirawa,RAJASTHAN,Y,Y,N,,
,312202,Kapasan,RAJASTHAN,Y,Y,N,,
,281005,Mathura,UTTAR PRADESH,Y,Y,N,,
,144702,Nakodar,PUNJAB,Y,Y,Y,,
,176033,Nagrota Suriyan,HIMACHAL PRADESH,Y,Y,N,,
,282003,Agra,UTTAR PRADESH,Y,Y,Y,,
,245301,Hapur,UTTAR PRADESH,Y,Y,N,,
,140508,MOHALI,CHANDIGARH,Y,Y,N,,
,144303,Bhogpur,PUNJAB,Y,Y,N,,
,142001,MOGA,PUNJAB,Y,Y,Y,,
,123021,Narnaul,HARYANA,Y,Y,N,,
,324008,Kota,RAJASTHAN,Y,Y,Y,,
,210341,HAMIRPUR,UTTAR PRADESH,N,N,N,,
,125106,Bhuna,HARYANA,Y,Y,Y,,
,124146,KOSLI,HARYANA,N,N,N,,
,110070,New Delhi,DELHI,Y,Y,Y,,
,313324,Nathdwara,RAJASTHAN,Y,Y,N,,
,201201,Modinagar,UTTAR PRADESH,Y,Y,Y,,
,180012,Jammu,JAMMU AND KASHMIR,Y,Y,Y,,
,176026,Nagrota Suriyan,HIMACHAL PRADESH,Y,Y,N,,
,313903,Sarara,RAJASTHAN,Y,Y,N,,
,341316,Ladnun,RAJASTHAN,Y,Y,Y,,
,325204,Sultanpur,RAJASTHAN,Y,Y,N,,
,148050,Sangrur,PUNJAB,Y,Y,Y,,
,225003,Barabanki,UTTAR PRADESH,Y,Y,Y,,
,312616,Arnod,RAJASTHAN,N,N,N,,
,342001,Jodhpur,RAJASTHAN,Y,Y,Y,,
,110119,New Delhi,DELHI,Y,Y,Y,,
,110047,New Delhi,DELHI,Y,Y,Y,,
,229002,Raebareli,UTTAR PRADESH,Y,Y,N,,
,142027,Ludhiana,PUNJAB,N,N,N,,
,143117,Tarn Taran Sahib,PUNJAB,Y,Y,N,,
,201303,Delhi NCR,DELHI,Y,Y,Y,,
,226101,Malihabad,UTTAR PRADESH,Y,Y,Y,,
,122051,Delhi NCR,DELHI,Y,Y,Y,,
,147005,Patiala,PUNJAB,Y,Y,Y,,
,245304,Hapur,UTTAR PRADESH,Y,Y,Y,,
,273013,Gorakhpur,UTTAR PRADESH,Y,Y,Y,,
,261203,Sidhauli,UTTAR PRADESH,Y,Y,Y,,
,172027,KUMARSAIN,HIMACHAL PRADESH,Y,Y,N,,
,285128,ORAI,UTTAR PRADESH,N,N,N,,
,132101,Samalkha,HARYANA,N,N,N,,
,307026,Mount Abu,RAJASTHAN,Y,Y,Y,,
,333047,Sikar,RAJASTHAN,Y,Y,N,,
,209701,Kaimganj,UTTAR PRADESH,N,N,N,,
,272183,Basti,UTTAR PRADESH,Y,Y,N,,
,202171,Aligarh,UTTAR PRADESH,Y,Y,Y,,
,134112,PANCHKULA,HARYANA,Y,Y,Y,,
,140802,Mandigovindgarh,PUNJAB,Y,Y,N,,
,341025,KHIMSAR,RAJASTHAN,N,N,N,,
,143118,Tarn Taran Sahib,PUNJAB,Y,Y,N,,
,143301,Tarn Taran Sahib,PUNJAB,N,N,N,,
,160073,MOHALI,CHANDIGARH,Y,Y,Y,,
,182144,Ramban,JAMMU AND KASHMIR,N,N,N,,
,142044,Zira,PUNJAB,Y,Y,N,,
,333021,Bada Ganv,RAJASTHAN,Y,Y,Y,,
,274406,Sewrahi,UTTAR PRADESH,Y,Y,Y,,
,141303,Jalandhar,PUNJAB,Y,Y,Y,,
,301714,Shahjhapur RJ,RAJASTHAN,Y,Y,N,,
,202414,Chandausi,UTTAR PRADESH,Y,Y,Y,,
,176310,CHAMBA,HIMACHAL PRADESH,Y,Y,Y,,
,208016,Kanpur,UTTAR PRADESH,Y,Y,Y,,
,144530,MAHALPUR,PUNJAB,Y,Y,N,,
,176065,PARAUR,HIMACHAL PRADESH,Y,Y,N,,
,304802,Deoli,RAJASTHAN,Y,Y,Y,,
,384201,Mauranipur,UTTAR PRADESH,Y,Y,N,,
,320012,Dungarpur,RAJASTHAN,Y,Y,N,,
,110055,New Delhi,DELHI,Y,Y,Y,,
,323026,Bundi,RAJASTHAN,Y,Y,N,,
,144048,Nakodar,PUNJAB,Y,Y,Y,,
,321209,Deeg,RAJASTHAN,N,N,N,,
,274201,Deoria,UTTAR PRADESH,Y,Y,N,,
,160028,Chandigarh,CHANDIGARH,Y,Y,Y,,
,335024,Raisinghnagar,RAJASTHAN,Y,Y,Y,,
,243004,Bareilly,UTTAR PRADESH,Y,Y,Y,,
,210012,Allahabad,UTTAR PRADESH,Y,Y,N,,
,209881,Mohan UP,UTTAR PRADESH,N,N,N,,
,227808,Sultanpur,UTTAR PRADESH,Y,Y,N,,
,171207,Rohru,HIMACHAL PRADESH,Y,Y,Y,,
,326039,Aklera,RAJASTHAN,Y,Y,N,,
,175143,PATLIKUHAL,HIMACHAL PRADESH,Y,Y,N,,
,247554,SAHARANPUR,UTTAR PRADESH,Y,Y,Y,,
,303325,Dausa,RAJASTHAN,N,N,N,,
,321417,Bayana,RAJASTHAN,Y,Y,N,,
,141422,SUDHAR,PUNJAB,Y,Y,N,,
,246724,Nagina,UTTAR PRADESH,Y,Y,Y,,
,224001,Ayodhya,UTTAR PRADESH,Y,Y,Y,,
,332731,Udaipurwati,RAJASTHAN,Y,Y,N,,
,173236,Solan,HIMACHAL PRADESH,N,N,N,,
,152021,Zira,PUNJAB,N,N,N,,
,331506,Salasar,RAJASTHAN,N,N,N,,
,332311,Laxmangarh,RAJASTHAN,Y,Y,N,,
,185102,POONCH,JAMMU AND KASHMIR,N,N,N,,
,231221,Renukoot,UTTAR PRADESH,Y,Y,N,,
,176054,Ranital,HIMACHAL PRADESH,Y,Y,N,,
,124105,Jhajjar,HARYANA,Y,Y,Y,,
,110080,New Delhi,DELHI,Y,Y,Y,,
,144222,Talwara,PUNJAB,N,N,N,,
,185153,Sunderbani,JAMMU AND KASHMIR,Y,Y,Y,,
,243503,Bareilly,UTTAR PRADESH,Y,Y,N,,
,304503,Malpura,RAJASTHAN,N,N,N,,
,160106,Chandigarh,CHANDIGARH,Y,Y,Y,,
,135133,Babain,HARYANA,Y,Y,Y,,
,244225,Gajrola,UTTAR PRADESH,Y,Y,N,,
,182103,Udhampur,JAMMU AND KASHMIR,Y,Y,N,,
,180005,Jammu,JAMMU AND KASHMIR,Y,Y,Y,,
,171213,KUMARSAIN,HIMACHAL PRADESH,Y,Y,N,,
,209621,Farrukhabad,UTTAR PRADESH,N,N,N,,
,211008,Naini,UTTAR PRADESH,Y,Y,Y,,
,148046,Sangrur,PUNJAB,Y,Y,Y,,
,226008,Sarijani Nagar,UTTAR PRADESH,Y,Y,Y,,
,341028,KHIMSAR,RAJASTHAN,N,N,N,,
,173230,Solan,HIMACHAL PRADESH,Y,Y,Y,,
,248003,Dehradun,UTTARAKHAND,Y,Y,N,,
,182127,MANWAL,JAMMU AND KASHMIR,Y,Y,Y,,
,226016,Lucknow,UTTAR PRADESH,Y,Y,Y,,
,341512,PARBATSAR,RAJASTHAN,Y,Y,N,,
,302014,Jaipur,RAJASTHAN,Y,Y,Y,,
,243001,Bareilly,UTTAR PRADESH,Y,Y,Y,,
,176115,PALAMPUR,HIMACHAL PRADESH,Y,Y,N,,
,262524,Lohaghat,UTTARAKHAND,Y,Y,Y,,
,341002,Nagaur,RAJASTHAN,Y,Y,N,,
,227809,Amethi,UTTAR PRADESH,Y,Y,Y,,
,134115,PANCHKULA,HARYANA,Y,Y,Y,,
,110609,New Delhi,DELHI,Y,Y,Y,,
,211017,Allahabad,UTTAR PRADESH,Y,Y,Y,,
,201313,Delhi NCR,DELHI,Y,Y,N,,
,125011,Hissar,HARYANA,Y,Y,Y,,
,144508,Nawansahar,PUNJAB,Y,Y,N,,
,146105,MAHALPUR,PUNJAB,Y,Y,Y,,
,332721,Khandela,RAJASTHAN,N,N,N,,
,160039,Chandigarh,CHANDIGARH,Y,Y,Y,,
,305405,KEKRI,RAJASTHAN,N,N,N,,
,144003,Jalandhar,PUNJAB,Y,Y,Y,,
,248201,Dehradun,UTTARAKHAND,Y,Y,N,,
,222201,Jaunpur,UTTAR PRADESH,Y,Y,N,,
,248126,Dehradun,UTTARAKHAND,Y,Y,N,,
,177117,Dehra,HIMACHAL PRADESH,Y,Y,Y,,
,175007,Sarkaghat,HIMACHAL PRADESH,Y,Y,N,,
,314027,SAGWARA,RAJASTHAN,Y,Y,N,,
,143410,Tarn Taran Sahib,PUNJAB,Y,Y,Y,,
,124021,Rohtak,HARYANA,Y,Y,Y,,
,144032,NoorMahal,PUNJAB,Y,Y,N,,
,174303,UNA,HIMACHAL PRADESH,Y,Y,Y,,
,127306,Charkhi Dadri,HARYANA,Y,Y,Y,,
,231216,Robertsganj,UTTAR PRADESH,Y,Y,N,,
,313325,Kumbhalgarh,RAJASTHAN,Y,Y,N,,
,184120,Vijaypur,JAMMU AND KASHMIR,Y,Y,Y,,
,306116,Falna,RAJASTHAN,N,N,N,,
,190015,Srinagar,JAMMU AND KASHMIR,Y,Y,Y,,
,132044,Assandh,HARYANA,Y,Y,N,,
,144011,Jalandhar,PUNJAB,Y,Y,Y,,
,311028,Chittorgarh,RAJASTHAN,N,N,N,,
,303092,Jaipur,RAJASTHAN,Y,Y,N,,
,341537,Kuchaman City,RAJASTHAN,Y,Y,N,,
,233232,Ghazipur,UTTAR PRADESH,N,N,N,,
,174033,Bilaspur HP,HIMACHAL PRADESH,N,N,N,,
,141306,Jalandhar,PUNJAB,Y,Y,Y,,
,175136,PATLIKUHAL,HIMACHAL PRADESH,Y,Y,N,,
,220009,BINDKI,UTTAR PRADESH,Y,Y,N,,
,122004,Delhi NCR,DELHI,Y,Y,Y,,
,306104,Sojat City,RAJASTHAN,Y,Y,Y,,
,205262,Mainpuri,UTTAR PRADESH,Y,Y,Y,,
,143022,AMRITSAR,PUNJAB,Y,Y,Y,,
,160038,MOHALI,CHANDIGARH,Y,Y,Y,,
,134007,AMBALA,HARYANA,Y,Y,Y,,
,177205,GONDPUR,HIMACHAL PRADESH,Y,Y,Y,,
,136117,NARWANA,HARYANA,Y,Y,Y,,
,140701,Rajpura,PUNJAB,Y,Y,Y,,
,110020,New Delhi,DELHI,Y,Y,Y,,
,262701,Lakhimpur Khiri,UTTAR PRADESH,Y,Y,Y,,
,174315,UNA,HIMACHAL PRADESH,Y,Y,Y,,
,211002,Allahabad,UTTAR PRADESH,Y,Y,Y,,
,341023,Jayal,RAJASTHAN,Y,Y,N,,
,332316,Mukungarh,RAJASTHAN,Y,Y,N,,
,224201,Ayodhya,UTTAR PRADESH,Y,Y,Y,,
,122217,Gurugram,HARYANA,Y,Y,Y,,
,146108,MAHALPUR,PUNJAB,Y,Y,N,,
,306023,MARWAR JUNCTION,RAJASTHAN,N,N,N,,
,322230,Hindaun,RAJASTHAN,N,N,N,,
,160007,Chandigarh,CHANDIGARH,Y,Y,Y,,
,302002,Jaipur,RAJASTHAN,Y,Y,Y,,
,152033,Rupana,PUNJAB,Y,Y,N,,
,184151,Kathua,JAMMU AND KASHMIR,Y,Y,Y,,
,141005,Ludhiana,PUNJAB,N,N,Y,,
,301030,Alwar,RAJASTHAN,Y,Y,Y,,
,132026,Kaithal,HARYANA,Y,Y,N,,
,174031,Ghumarwin,HIMACHAL PRADESH,N,N,N,,
,177005,HAMIRPUR,HIMACHAL PRADESH,Y,Y,Y,,
,250001,Meerut,UTTAR PRADESH,Y,Y,Y,,
,110049,New Delhi,DELHI,Y,Y,Y,,
,175033,Kuthera,HIMACHAL PRADESH,Y,Y,N,,
,175025,Sarkaghat,HIMACHAL PRADESH,Y,Y,N,,
,226019,Lucknow,UTTAR PRADESH,Y,Y,Y,,
,148006,Sangrur,PUNJAB,Y,Y,Y,,
,160042,Chandigarh,CHANDIGARH,Y,Y,Y,,
,284002,Jhansi,UTTAR PRADESH,Y,Y,Y,,
,276406,Azamgarh,UTTAR PRADESH,Y,Y,N,,
,110071,Delhi NCR,DELHI,Y,Y,Y,,
,321035,Bayana,RAJASTHAN,Y,Y,N,,
,148000,Sangrur,PUNJAB,Y,Y,Y,,
,176048,Jahu,HIMACHAL PRADESH,Y,Y,Y,,
,327027,Banswara,RAJASTHAN,Y,Y,N,,
,331026,Malsisar,RAJASTHAN,Y,Y,Y,,
,303001,Jamwaramgarh,RAJASTHAN,Y,Y,N,,
,322327,Karauli,RAJASTHAN,Y,Y,N,,
,176206,Shahpur,HIMACHAL PRADESH,Y,Y,N,,
,272002,Basti,UTTAR PRADESH,Y,Y,Y,,
,174505,HAMIRPUR,HIMACHAL PRADESH,N,N,N,,
,177208,GONDPUR,HIMACHAL PRADESH,Y,Y,Y,,
,148027,Patran,PUNJAB,Y,Y,N,,
,201310,Delhi NCR,DELHI,Y,Y,Y,,
,311805,Gangapur Bhilwara,RAJASTHAN,Y,Y,N,,
,313033,Udaipur,RAJASTHAN,Y,Y,N,,
,192302,Pulwama,JAMMU AND KASHMIR,N,N,N,,
,241304,Naimisharanya,UTTAR PRADESH,N,N,N,,
,110076,Delhi NCR,DELHI,Y,Y,Y,,
,341519,Dantaramgarh,RAJASTHAN,Y,Y,N,,
,250006,Meerut,UTTAR PRADESH,Y,Y,Y,,
,226012,Lucknow,UTTAR PRADESH,Y,Y,Y,,
,302031,Jaipur,RAJASTHAN,Y,Y,N,,
,208011,Kanpur,UTTAR PRADESH,Y,Y,Y,,
,182143,Ramban,JAMMU AND KASHMIR,N,N,N,,
,314403,Simal Wara,RAJASTHAN,Y,Y,N,,
,333014,Udaipurwati,RAJASTHAN,Y,Y,N,,
,333024,Bagar,RAJASTHAN,Y,Y,N,,
,321414,Bayana,RAJASTHAN,Y,Y,N,,
,122000,Delhi NCR,DELHI,Y,Y,Y,,
,221314,Bhadohi,UTTAR PRADESH,N,N,N,,
,271002,Gonda,UTTAR PRADESH,Y,Y,Y,,
,141119,Malerkotla,PUNJAB,Y,Y,Y,,
,171003,Shimla,HIMACHAL PRADESH,Y,Y,Y,,
,248006,Dehradun,UTTARAKHAND,Y,Y,Y,,
,224146,Akbarpur,UTTAR PRADESH,Y,Y,N,,
,110060,New Delhi,DELHI,Y,Y,Y,,
,160010,MOHALI,CHANDIGARH,Y,Y,Y,,
,110023,New Delhi,DELHI,Y,Y,Y,,
,209744,Farrukhabad,UTTAR PRADESH,Y,Y,N,,
,302045,Jaipur,RAJASTHAN,Y,Y,Y,,
,312622,Kapasan,RAJASTHAN,N,N,N,,
,305003,Ajmer,RAJASTHAN,Y,Y,Y,,
,132123,Karnal,HARYANA,Y,Y,N,,
,148031,Patran,PUNJAB,Y,Y,Y,,
,211001,Allahabad,UTTAR PRADESH,Y,Y,Y,,
,335804,Suratgarh,RAJASTHAN,Y,Y,Y,,
,262311,SITARGANJ,UTTAR PRADESH,Y,Y,Y,,
,341306,Ladnun,RAJASTHAN,Y,Y,Y,,
,285205,Konch,UTTAR PRADESH,Y,Y,N,,
,225403,Barabanki,UTTAR PRADESH,Y,Y,N,,
,141419,Dehlon,PUNJAB,Y,Y,N,,
,160004,Chandigarh,CHANDIGARH,N,N,Y,,
,171202,Shimla,HIMACHAL PRADESH,Y,Y,N,,
,332704,Neem Ka Thana,RAJASTHAN,N,N,N,,
,173222,Kundaghat,HIMACHAL PRADESH,N,N,N,,
,141126,MACHIWARA,PUNJAB,Y,Y,N,,
,133021,AMBALA,HARYANA,Y,Y,N,,
,229302,Raebareli,UTTAR PRADESH,Y,Y,Y,,
,321032,Bayana,RAJASTHAN,Y,Y,N,,
,311406,KEKRI,RAJASTHAN,Y,Y,N,,
,141008,Ludhiana,PUNJAB,Y,Y,Y,,
,174103,Baddi,HIMACHAL PRADESH,Y,Y,Y,,
,144022,Jalandhar,PUNJAB,Y,Y,Y,,
,209407,BINDKI,UTTAR PRADESH,N,N,N,,
,314803,Dungarpur,RAJASTHAN,Y,Y,N,,
,211011,Allahabad,UTTAR PRADESH,Y,Y,Y,,
,206167,Bakewar,UTTAR PRADESH,Y,Y,Y,,
,313003,Udaipur,RAJASTHAN,Y,Y,Y,,
,312206,Rashmi,RAJASTHAN,Y,Y,N,,
,230141,Pratapgarh,UTTAR PRADESH,Y,Y,N,,
,140602,Rajpura,PUNJAB,Y,Y,Y,,
,122021,Gurugram,HARYANA,Y,Y,Y,,
,312024,Mandphiya,RAJASTHAN,Y,Y,N,,
,151007,Bhatinda,PUNJAB,Y,Y,N,,
,110103,New Delhi,DELHI,Y,Y,Y,,
,160035,MOHALI,CHANDIGARH,Y,Y,Y,,
,333338,Kolkata,WEST BENGAL,Y,Y,N,,
,140125,UNA,PUNJAB,Y,Y,Y,,
,148002,Barnala,PUNJAB,Y,Y,Y,,
,312001,Kapasan,RAJASTHAN,Y,Y,Y,,
,224119,Rudauli,UTTAR PRADESH,N,N,N,,
,263149,LALKUAN,UTTARAKHAND,Y,Y,N,,
,326040,Jhalawar,RAJASTHAN,Y,Y,N,,
,333029,Surajgarh,RAJASTHAN,Y,Y,Y,,
,176111,HAMIRPUR,HIMACHAL PRADESH,N,N,N,,
,176053,Jawali,HIMACHAL PRADESH,Y,Y,N,,
,212635,BINDKI,UTTAR PRADESH,Y,Y,Y,,
,122015,Delhi NCR,DELHI,Y,Y,Y,,
,210504,HAMIRPUR,UTTAR PRADESH,N,N,N,,
,313024,Dabok,RAJASTHAN,Y,Y,N,,
,305203,Mangliyawas,RAJASTHAN,N,N,N,,
,160105,Chandigarh,CHANDIGARH,Y,Y,Y,,
,148116,Barnala,PUNJAB,Y,Y,Y,,
,134004,AMBALA,HARYANA,Y,Y,N,,
,110083,New Delhi,DELHI,Y,Y,Y,,
,124003,Rohtak,HARYANA,Y,Y,N,,
,305402,Nasirabad,RAJASTHAN,Y,Y,N,,
,274803,Khadda UP,UTTAR PRADESH,Y,Y,N,,
,205265,Mainpuri,UTTAR PRADESH,Y,Y,Y,,
,220006,BINDKI,UTTAR PRADESH,Y,Y,N,,
,174320,Bangana,HIMACHAL PRADESH,Y,Y,N,,
,175018,Sunder Nagar,HIMACHAL PRADESH,Y,Y,Y,,
,144819,Dhilwan,PUNJAB,Y,Y,Y,,
,145030,Pathankot,PUNJAB,Y,Y,N,,
,242306,Shahijahanpur,UTTAR PRADESH,Y,Y,Y,,
,148110,Barnala,PUNJAB,Y,Y,Y,,
,209308,Ghatampur,UTTAR PRADESH,Y,Y,N,,
,124505,Bahadurgarh,HARYANA,Y,Y,Y,,
,123101,Rewari,HARYANA,Y,Y,Y,,
,144316,PHAGWARA,PUNJAB,Y,Y,Y,,
,144631,Dhilwan,PUNJAB,Y,Y,Y,,
,201103,Delhi NCR,DELHI,Y,Y,Y,,
,211021,Allahabad,UTTAR PRADESH,N,N,N,,
,175131,MANALI,HIMACHAL PRADESH,Y,Y,N,,
,304804,Deoli,RAJASTHAN,Y,Y,Y,,
,121009,Delhi NCR,DELHI,Y,Y,Y,,
,249203,Rishikesh,UTTARAKHAND,Y,Y,N,,
,141117,Dehlon,PUNJAB,Y,Y,N,,
,262403,LALKUAN,UTTARAKHAND,Y,Y,N,,
,124009,Rohtak,HARYANA,Y,Y,N,,
,144028,Nakodar,PUNJAB,N,N,N,,
,228145,Kadipur,UTTAR PRADESH,Y,Y,N,,
,307001,Sirohi,RAJASTHAN,Y,Y,N,,
,314806,Dungarpur,RAJASTHAN,Y,Y,N,,
,206120,Bakewar,UTTAR PRADESH,Y,Y,N,,
,174013,Ghumarwin,HIMACHAL PRADESH,N,N,N,,
,246164,Pauri Garhwal,UTTARAKHAND,Y,Y,N,,
,110043,Delhi NCR,DELHI,Y,Y,Y,,
,110007,New Delhi,DELHI,Y,Y,Y,,
,124201,Jhajjar,HARYANA,Y,Y,N,,
,342602,Bilara,RAJASTHAN,Y,Y,Y,,
,144101,Jalandhar,PUNJAB,N,N,N,,
,110040,New Delhi,DELHI,Y,Y,Y,,
,222101,Babatpur,UTTAR PRADESH,N,N,N,,
,244301,Shambhal,UTTAR PRADESH,Y,Y,Y,,
,176218,Dharmshala,HIMACHAL PRADESH,Y,Y,Y,,
,175002,Sunder Nagar,HIMACHAL PRADESH,Y,Y,Y,,
,173209,Dharampur Solan,HIMACHAL PRADESH,Y,Y,Y,,
,160051,Chandigarh,CHANDIGARH,Y,Y,Y,,
,206127,Bakewar,UTTAR PRADESH,Y,Y,Y,,
,122009,Delhi NCR,DELHI,Y,Y,Y,,
,133207,Dosarka,HARYANA,Y,Y,Y,,
,305630,MASUDA,RAJASTHAN,N,N,N,,
,332709,Khandela,RAJASTHAN,Y,Y,N,,
,333303,Udaipurwati,RAJASTHAN,Y,Y,N,,
,125021,Bhiwani,HARYANA,N,N,N,,
,333012,GUDHA GORJI,RAJASTHAN,Y,Y,N,,
,226007,Lucknow,UTTAR PRADESH,Y,Y,Y,,
,191123,LAL CHOWK,JAMMU AND KASHMIR,Y,Y,N,,
,140001,Roopnagar,PUNJAB,Y,Y,Y,,
,302034,Jaipur,RAJASTHAN,Y,Y,Y,,
,342007,Mandor RJ,RAJASTHAN,Y,Y,Y,,
,246444,Karnaprayag,UTTAR PRADESH,N,N,N,,
,208039,Kanpur,UTTAR PRADESH,Y,Y,N,,
,311020,Bijainagar,RAJASTHAN,Y,Y,N,,
,312606,Jawad,MADHYA PRADESH,N,N,N,,
,143104,AMRITSAR,PUNJAB,Y,Y,Y,,
,303604,Phulera,RAJASTHAN,Y,Y,Y,,
,110045,New Delhi,DELHI,Y,Y,Y,,
,341511,Merta,RAJASTHAN,N,N,N,,
,174316,Baruhi,HIMACHAL PRADESH,Y,Y,N,,
,332024,Dadiya,RAJASTHAN,Y,Y,Y,,
,341506,Malsisar,RAJASTHAN,Y,Y,N,,
,321614,Kherli,RAJASTHAN,Y,Y,N,,
,190012,HMT,JAMMU AND KASHMIR,Y,Y,Y,,
,206122,Auraiya,UTTAR PRADESH,Y,Y,Y,,
,326033,Aklera,RAJASTHAN,Y,Y,N,,
,144001,Jalandhar,PUNJAB,N,N,Y,,
,262521,Pithoragarh,UTTARAKHAND,Y,Y,N,,
,176301,DALHOUSIE,HIMACHAL PRADESH,Y,Y,N,,
,277304,Garwar,UTTAR PRADESH,Y,Y,Y,,
,193198,Baramulla,JAMMU AND KASHMIR,Y,Y,N,,
,202410,Chandausi,UTTAR PRADESH,Y,Y,N,,
,135003,Yamunanagar,HARYANA,Y,Y,Y,,
,143402,Tarn Taran Sahib,PUNJAB,Y,Y,N,,
,152003,Ferozepur,PUNJAB,Y,Y,Y,,
,332034,Sikar,RAJASTHAN,Y,Y,N,,
,277207,Maniar,UTTAR PRADESH,Y,Y,N,,
,185131,Rajouri,JAMMU AND KASHMIR,Y,Y,Y,,
,224116,Rudauli,UTTAR PRADESH,N,N,N,,
,140604,MOHALI,CHANDIGARH,Y,Y,Y,,
,176314,CHAMBA,HIMACHAL PRADESH,Y,Y,Y,,
,221001,VARANASI,UTTAR PRADESH,Y,Y,Y,,
,201014,New Delhi,DELHI,Y,Y,Y,,
,221401,Bhadohi,UTTAR PRADESH,Y,Y,Y,,
,146112,ADAMPUR,PUNJAB,Y,Y,Y,,
,175040,Dharampur,HIMACHAL PRADESH,Y,Y,N,,
,306703,Desuri,RAJASTHAN,Y,Y,Y,,
,175036,Mandi,HIMACHAL PRADESH,Y,Y,N,,
,333705,Jhunjhunu,RAJASTHAN,Y,Y,Y,,
,244001,Moradabad,UTTAR PRADESH,Y,Y,Y,,
,228125,Kurebhar,UTTAR PRADESH,Y,Y,N,,
,143535,Pathankot,PUNJAB,Y,Y,Y,,
,203392,Shikaarpur UP,UTTAR PRADESH,N,N,N,,
,271001,Gonda,UTTAR PRADESH,Y,Y,Y,,
,246728,Bijnor,UTTAR PRADESH,Y,Y,N,,
,305012,Ajmer,RAJASTHAN,Y,Y,N,,
,132122,Samalkha,HARYANA,N,N,N,,
,208008,Kanpur,UTTAR PRADESH,Y,Y,Y,,
,327023,Banswara,RAJASTHAN,Y,Y,N,,
,141206,Dehlon,PUNJAB,Y,Y,N,,
,333502,Buhana,RAJASTHAN,N,N,N,,
,326024,Jhalawar,RAJASTHAN,Y,Y,N,,
,110507,Delhi NCR,DELHI,Y,Y,Y,,
,222132,Jaunpur,UTTAR PRADESH,Y,Y,N,,
,184142,Heera Nagar,JAMMU AND KASHMIR,Y,Y,Y,,
,134114,PANCHKULA,HARYANA,Y,Y,Y,,
,144606,SULTANPUR LODHI,PUNJAB,Y,Y,Y,,
,306103,Sojat City,RAJASTHAN,Y,Y,N,,
,304021,Chakshu,RAJASTHAN,Y,Y,Y,,
,160048,Chandigarh,CHANDIGARH,Y,Y,Y,,
,144036,NoorMahal,PUNJAB,Y,Y,N,,
,151006,Bhatinda,PUNJAB,Y,Y,N,,
,263160,Rudrapur,UTTARAKHAND,Y,Y,Y,,
,174029,Shah Talai,HIMACHAL PRADESH,Y,Y,N,,
,152031,Muktsar,PUNJAB,Y,Y,Y,,
,246734,DHAMPUR,UTTAR PRADESH,Y,Y,N,,
,282010,Agra,UTTAR PRADESH,Y,Y,Y,,
,193103,Baramulla,JAMMU AND KASHMIR,Y,Y,Y,,
,231225,Shakti Nagar,UTTAR PRADESH,Y,Y,N,,
,304502,Malpura,RAJASTHAN,N,N,N,,
,171205,Shimla,HIMACHAL PRADESH,Y,Y,Y,,
,275102,Mau,UTTAR PRADESH,Y,Y,N,,
,132102,Samalkha,HARYANA,N,N,N,,
,173221,Kundaghat,HIMACHAL PRADESH,N,N,N,,
,176103,PALAMPUR,HIMACHAL PRADESH,Y,Y,Y,,
,221714,Ballia,UTTAR PRADESH,Y,Y,N,,
,222001,Jaunpur,UTTAR PRADESH,Y,Y,N,,
,174032,Bilaspur HP,HIMACHAL PRADESH,N,N,N,,
,142023,Jagraon,PUNJAB,Y,Y,N,,
,311021,Bijainagar,RAJASTHAN,Y,Y,N,,
,275201,Kasimabad,UTTAR PRADESH,Y,Y,N,,
,143506,Batala,PUNJAB,Y,Y,N,,
,182121,Udhampur,JAMMU AND KASHMIR,N,N,N,,
,227814,Sultanpur,UTTAR PRADESH,Y,Y,N,,
,132116,Karnal,HARYANA,Y,Y,N,,
,285206,Konch,UTTAR PRADESH,Y,Y,N,,
,303501,Geejgarh,RAJASTHAN,Y,Y,N,,
,146024,Hoshiarpur,PUNJAB,Y,Y,Y,,
,144516,Garhshankar,PUNJAB,Y,Y,Y,,
,185121,POONCH,JAMMU AND KASHMIR,N,N,N,,
,184102,Kathua,JAMMU AND KASHMIR,Y,Y,Y,,
,221406,Bhadohi,UTTAR PRADESH,Y,Y,N,,
,249201,Rishikesh,UTTARAKHAND,Y,Y,N,,
,144805,Jalandhar,PUNJAB,Y,Y,Y,,
,177027,HAMIRPUR,HIMACHAL PRADESH,Y,Y,Y,,
,322233,Karauli,RAJASTHAN,Y,Y,N,,
,301035,Laxmangarh,RAJASTHAN,N,N,N,,
,273409,Gorakhpur,UTTAR PRADESH,Y,Y,N,,
,173101,Sirmaur,HIMACHAL PRADESH,Y,Y,N,,
,248016,Doiwala,UTTARAKHAND,N,N,N,,
,176042,Bhota,HIMACHAL PRADESH,Y,Y,N,,
,325209,Anta,RAJASTHAN,N,N,N,,
,144404,ADAMPUR,PUNJAB,Y,Y,N,,
,312605,PratapgarhRJ,RAJASTHAN,Y,Y,Y,,
,126103,JIND,HARYANA,Y,Y,N,,
,321205,Bharatpur,RAJASTHAN,Y,Y,Y,,
,110046,New Delhi,DELHI,Y,Y,Y,,
,303111,Viratnagar,RAJASTHAN,Y,Y,N,,
,201000,Delhi NCR,DELHI,Y,Y,Y,,
,143116,Tarn Taran Sahib,PUNJAB,N,N,N,,
,312601,Nimbahera,RAJASTHAN,Y,Y,N,,
,229315,Raebareli,UTTAR PRADESH,Y,Y,N,,
,244711,Moradabad,UTTAR PRADESH,Y,Y,Y,,
,148045,Sangrur,PUNJAB,Y,Y,Y,,
,110059,New Delhi,DELHI,Y,Y,Y,,
,273014,Gorakhpur,UTTAR PRADESH,Y,Y,Y,,
,305404,KEKRI,RAJASTHAN,Y,Y,Y,,
,274301,Kaptanganj,UTTAR PRADESH,Y,Y,N,,
,277402,Sahtawar,UTTAR PRADESH,Y,Y,N,,
,244223,Gajrola,UTTAR PRADESH,Y,Y,Y,,
,110017,New Delhi,DELHI,Y,Y,Y,,
,175021,Mandi,HIMACHAL PRADESH,Y,Y,Y,,
,201206,Modinagar,UTTAR PRADESH,Y,Y,Y,,
,227106,Lucknow,UTTAR PRADESH,Y,Y,Y,,
,334101,Khajuvala,RAJASTHAN,N,N,N,,
,144601,KAPURTHALA,PUNJAB,Y,Y,Y,,
,333040,Jhunjhunu,RAJASTHAN,Y,Y,Y,,
,221106,VARANASI,UTTAR PRADESH,Y,Y,Y,,
,191204,Lar Ganderbal,JAMMU AND KASHMIR,Y,Y,Y,,
,177206,GONDPUR,HIMACHAL PRADESH,Y,Y,Y,,
,324003,Kota,RAJASTHAN,Y,Y,Y,,
,144102,ADAMPUR,PUNJAB,Y,Y,Y,,
,176075,SUJANPUR TIRA,HIMACHAL PRADESH,Y,Y,N,,
,143536,Gurdaspur,PUNJAB,N,N,N,,
,227805,MUSAFIRKHANA,UTTAR PRADESH,N,N,N,,
,160085,MOHALI,CHANDIGARH,Y,Y,Y,,
,141414,MACHIWARA,PUNJAB,N,N,N,,
,122233,Gurugram,HARYANA,Y,Y,Y,,
,332732,Udaipurwati,RAJASTHAN,Y,Y,N,,
,176223,Shahpur,HIMACHAL PRADESH,Y,Y,N,,
,174321,Bangana,HIMACHAL PRADESH,Y,Y,Y,,
,110122,New Delhi,DELHI,Y,Y,Y,,
,243720,BISAULI,UTTAR PRADESH,Y,Y,N,,
,136042,Pundri,HARYANA,Y,Y,Y,,
,262501,Pithoragarh,UTTARAKHAND,Y,Y,N,,
,171208,Shimla,HIMACHAL PRADESH,N,N,N,,
,313806,Dungarpur,RAJASTHAN,Y,Y,N,,
,226004,Lucknow,UTTAR PRADESH,Y,Y,Y,,
,230135,Patti UP,UTTAR PRADESH,N,N,N,,
,263001,Nainital,UTTARAKHAND,Y,Y,Y,,
,332041,Sevad Bari,RAJASTHAN,N,N,N,,
,305410,KEKRI,RAJASTHAN,Y,Y,N,,
,221004,VARANASI,UTTAR PRADESH,Y,Y,Y,,
,283135,SHIKOHABAD,UTTAR PRADESH,Y,Y,Y,,
,202002,Aligarh,UTTAR PRADESH,Y,Y,Y,,
,262502,Pithoragarh,UTTARAKHAND,Y,Y,Y,,
,122102,Delhi NCR,DELHI,Y,Y,Y,,
,127311,Bhiwani,HARYANA,Y,Y,N,,
,172025,Anni,HIMACHAL PRADESH,N,N,N,,
,176020,Joginder Nagar,HIMACHAL PRADESH,Y,Y,Y,,
,313004,Udaipur,RAJASTHAN,Y,Y,Y,,
,140506,MOHALI,PUNJAB,N,N,N,,
,335704,Shri Vijainagar,RAJASTHAN,Y,Y,Y,,
,206131,Etawah,UTTAR PRADESH,Y,Y,N,,
,177046,Nadaun,HIMACHAL PRADESH,Y,Y,N,,
,144701,Nakodar,PUNJAB,Y,Y,Y,,
,243005,Bareilly,UTTAR PRADESH,Y,Y,Y,,
,175129,PATLIKUHAL,HIMACHAL PRADESH,Y,Y,N,,
,326036,Jhalawar,RAJASTHAN,N,N,N,,
,243501,Bareilly,UTTAR PRADESH,N,N,N,,
,171015,Sanjauli,HIMACHAL PRADESH,N,N,N,,
,148109,Barnala,PUNJAB,Y,Y,Y,,
,152122,Abohar,PUNJAB,Y,Y,N,,
,125002,Hissar,HARYANA,Y,Y,Y,,
,321404,Rupbas,RAJASTHAN,Y,Y,N,,
,184148,Heera Nagar,JAMMU AND KASHMIR,Y,Y,Y,,
,244245,Amroha,UTTAR PRADESH,N,N,N,,
,173215,Kundaghat,HIMACHAL PRADESH,Y,Y,N,,
,306306,Sojat City,RAJASTHAN,Y,Y,Y,,
,140603,MOHALI,CHANDIGARH,Y,Y,Y,,
,176022,Jawali,HIMACHAL PRADESH,Y,Y,N,,
,247402,SAHARANPUR,UTTAR PRADESH,Y,Y,Y,,
,134108,PANCHKULA,HARYANA,Y,Y,N,,
,273164,Nautanwa,UTTAR PRADESH,Y,Y,Y,,
,143010,AMRITSAR,PUNJAB,Y,Y,Y,,
,152128,Abohar,PUNJAB,Y,Y,N,,
,160016,MOHALI,CHANDIGARH,Y,Y,Y,,
,110044,Delhi NCR,DELHI,Y,Y,Y,,
,303301,Bassi RJ,RAJASTHAN,Y,Y,Y,,
,127020,Bhiwani,HARYANA,Y,Y,Y,,
,303508,Balaji,RAJASTHAN,Y,Y,N,,
,314011,Dungarpur,RAJASTHAN,Y,Y,N,,
,274308,Kushinagar,UTTAR PRADESH,N,N,N,,
,133202,Dosarka,HARYANA,Y,Y,Y,,
,202393,Debai,UTTAR PRADESH,Y,Y,Y,,
,342304,Mandor RJ,RAJASTHAN,Y,Y,Y,,
,136035,Chika HR,HARYANA,Y,Y,N,,
,152025,Muktsar,PUNJAB,Y,Y,Y,,
,121105,Palwal,HARYANA,Y,Y,N,,
,175128,PATLIKUHAL,HIMACHAL PRADESH,Y,Y,Y,,
,333046,Sikar,RAJASTHAN,Y,Y,N,,
,202117,Aligarh,UTTAR PRADESH,Y,Y,Y,,
,231312,Mirzapur,UTTAR PRADESH,Y,Y,N,,
,229410,Lalganj Ajhara,UTTAR PRADESH,Y,Y,N,,
,229310,Raebareli,UTTAR PRADESH,Y,Y,N,,
,120002,Delhi NCR,DELHI,Y,Y,N,,
,124102,Jhajjar,HARYANA,Y,Y,Y,,
,273005,Gorakhpur,UTTAR PRADESH,Y,Y,Y,,
,323306,Rawatbhata,RAJASTHAN,Y,Y,N,,
,152005,Ferozepur,PUNJAB,Y,Y,N,,
,303328,Jobner,RAJASTHAN,Y,Y,Y,,
,141101,SUDHAR,PUNJAB,Y,Y,N,,
,273151,Siswa Bazar,UTTAR PRADESH,N,N,N,,
,284205,Mauranipur,UTTAR PRADESH,Y,Y,Y,,
,305401,Nasirabad,RAJASTHAN,Y,Y,N,,
,143504,Tarn Taran Sahib,PUNJAB,Y,Y,Y,,
,205264,Mainpuri,UTTAR PRADESH,Y,Y,Y,,
,160084,MOHALI,CHANDIGARH,Y,Y,N,,
,321027,Bayana,RAJASTHAN,Y,Y,N,,
,283141,SHIKOHABAD,UTTAR PRADESH,Y,Y,Y,,
,263637,Someshwar,UTTARAKHAND,Y,Y,N,,
,203207,Delhi NCR,DELHI,N,N,N,,
,122206,Gurugram,HARYANA,N,N,Y,,
,160091,MOHALI,CHANDIGARH,Y,Y,Y,,
,322022,Sawaimadhopur,RAJASTHAN,N,N,N,,
,303601,Ajeetgarh,RAJASTHAN,Y,Y,N,,
,133206,Sadhaura,HARYANA,Y,Y,N,,
,261201,Barabanki,UTTAR PRADESH,Y,Y,N,,
,364622,Barwala,HARYANA,Y,Y,N,,
,210001,Banda,UTTAR PRADESH,Y,Y,Y,,
,201011,Delhi NCR,DELHI,Y,Y,Y,,
,335043,Sriganganagar,RAJASTHAN,Y,Y,Y,,
,141014,Ludhiana,PUNJAB,Y,Y,Y,,
,209861,Unnao,UTTAR PRADESH,Y,Y,Y,,
,176125,Baijnath,HIMACHAL PRADESH,Y,Y,Y,,
,141105,SUDHAR,PUNJAB,Y,Y,Y,,
,244221,Amroha,UTTAR PRADESH,Y,Y,Y,,
,333030,Surajgarh,RAJASTHAN,N,N,N,,
,173211,Solan,HIMACHAL PRADESH,Y,Y,Y,,
,140124,UNA,PUNJAB,Y,Y,Y,,
,110505,New Delhi,DELHI,Y,Y,Y,,
,135103,Chhachhrauli,HARYANA,Y,Y,N,,
,303704,Chomu,RAJASTHAN,Y,Y,Y,,
,136021,Pundri,HARYANA,Y,Y,Y,,
,151002,Bhatinda,PUNJAB,Y,Y,Y,,
,110058,New Delhi,DELHI,Y,Y,Y,,
,144207,Hoshiarpur,PUNJAB,Y,Y,N,,
,141205,Dehlon,PUNJAB,Y,Y,N,,
,201312,Delhi NCR,DELHI,Y,Y,N,,
,144051,Nakodar,PUNJAB,Y,Y,Y,,
,110402,New Delhi,DELHI,Y,Y,Y,,
,335513,Hanumangarh,RAJASTHAN,Y,Y,Y,,
,126001,TOHANA,HARYANA,Y,Y,Y,,
,121206,Delhi NCR,DELHI,Y,Y,N,,
,999005,PUNE,MAHARASHTRA,Y,Y,Y,,
,303117,Viratnagar,RAJASTHAN,Y,Y,N,,
,133005,AMBALA,HARYANA,Y,Y,Y,,
,303120,MANOHARPUR RJ,RAJASTHAN,Y,Y,N,,
,190011,Srinagar,JAMMU AND KASHMIR,Y,Y,N,,
,110117,New Delhi,DELHI,Y,Y,Y,,
,171215,Shimla,HIMACHAL PRADESH,Y,Y,N,,
,203129,Khurja,UTTAR PRADESH,Y,Y,N,,
,272102,Basti,UTTAR PRADESH,Y,Y,N,,
,176215,Dharmshala,HIMACHAL PRADESH,Y,Y,N,,
,142024,Jagraon,PUNJAB,Y,Y,N,,
,126102,JIND,HARYANA,Y,Y,Y,,
,262903,Singahi,UTTAR PRADESH,Y,Y,N,,
,202394,ANUPSHAHAR,UTTAR PRADESH,Y,Y,Y,,
,176023,Jawali,HIMACHAL PRADESH,Y,Y,Y,,
,232327,Ghazipur,UTTAR PRADESH,Y,Y,N,,
,321421,Bayana,RAJASTHAN,Y,Y,N,,
,325004,Mangrol,RAJASTHAN,Y,Y,Y,,
,227817,Amethi,UTTAR PRADESH,Y,Y,Y,,
,313602,Dabok,RAJASTHAN,Y,Y,N,,
,143009,AMRITSAR,PUNJAB,Y,Y,Y,,
,226021,Lucknow,UTTAR PRADESH,Y,Y,Y,,
,209801,Unnao,UTTAR PRADESH,Y,Y,Y,,
,132039,Assandh,HARYANA,Y,Y,N,,
,148033,Patran,PUNJAB,N,N,N,,
,176303,DALHOUSIE,HIMACHAL PRADESH,Y,Y,Y,,
,152121,Fazilka,PUNJAB,Y,Y,Y,,
,201004,New Delhi,DELHI,Y,Y,Y,,
,181208,Marh,JAMMU AND KASHMIR,Y,Y,Y,,
,110090,Delhi NCR,DELHI,Y,Y,Y,,
,341509,Nawa RJ,RAJASTHAN,N,N,N,,
,160047,Chandigarh,CHANDIGARH,Y,Y,Y,,
,249404,Haridwar,UTTARAKHAND,Y,Y,Y,,
,209261,Kanpur,UTTAR PRADESH,Y,Y,N,,
,273302,Maharajganj,UTTAR PRADESH,N,N,Y,,
,273163,Siswa Bazar,UTTAR PRADESH,N,N,N,,
,307019,PINDWARA,RAJASTHAN,Y,Y,N,,
,225414,Barabanki,UTTAR PRADESH,Y,Y,N,,
,320000,Dungarpur,RAJASTHAN,Y,Y,N,,
,132118,KURUKSHETRA,HARYANA,Y,Y,Y,,
,143533,Gurdaspur,PUNJAB,Y,Y,N,,
,326518,RAMGANJ MANDI,RAJASTHAN,Y,Y,N,,
,160054,MOHALI,CHANDIGARH,Y,Y,Y,,
,332040,Sikar,RAJASTHAN,Y,Y,N,,
,303712,Chomu,RAJASTHAN,Y,Y,N,,
,233224,Ghazipur,UTTAR PRADESH,N,N,N,,
,302041,Jaipur,RAJASTHAN,Y,Y,Y,,
,333027,Sultana,RAJASTHAN,Y,Y,Y,,
,124002,Rohtak,HARYANA,Y,Y,N,,
,302037,Bagru,RAJASTHAN,Y,Y,N,,
,274508,Lar Town,UTTAR PRADESH,Y,Y,N,,
,122232,Gurugram,HARYANA,Y,Y,Y,,
,276225,Azamgarh,UTTAR PRADESH,Y,Y,N,,
,274602,Lar Town,UTTAR PRADESH,Y,Y,N,,
,193121,Baramulla,JAMMU AND KASHMIR,Y,Y,Y,,
,143510,Batala,PUNJAB,N,N,N,,
,246700,Bijnor,UTTAR PRADESH,Y,Y,N,,
,143114,Gurdaspur,PUNJAB,N,N,N,,
,140412,Ren,PUNJAB,Y,Y,Y,,
,335511,Bhadra,RAJASTHAN,N,N,N,,
,144030,ADAMPUR,PUNJAB,Y,Y,Y,,
,141022,Ludhiana,PUNJAB,Y,Y,N,,
,141201,Ludhiana,PUNJAB,Y,Y,Y,,
,321207,Deeg,RAJASTHAN,N,N,N,,
,132151,Panipat,HARYANA,Y,Y,N,,
,191132,Srinagar,JAMMU AND KASHMIR,Y,Y,Y,,
,321429,Bayana,RAJASTHAN,Y,Y,N,,
,205001,Mainpuri,UTTAR PRADESH,Y,Y,Y,,
,192301,Pulwama,JAMMU AND KASHMIR,N,N,N,,
,249402,Haridwar,UTTARAKHAND,N,N,N,,
,314031,SAGWARA,RAJASTHAN,Y,Y,N,,
,305819,PARBATSAR,RAJASTHAN,Y,Y,N,,
,226030,Lucknow,UTTAR PRADESH,Y,Y,Y,,
,143303,Tarn Taran Sahib,PUNJAB,Y,Y,Y,,
,160090,MOHALI,CHANDIGARH,Y,Y,Y,,
,143515,Gurdaspur,PUNJAB,Y,Y,N,,
,251210,Muzaffarnagar,UTTAR PRADESH,Y,Y,N,,
,305008,Ajmer,RAJASTHAN,Y,Y,Y,,
,321303,Uchain,RAJASTHAN,Y,Y,N,,
,148035,Patran,PUNJAB,Y,Y,N,,
,193102,Baramulla,JAMMU AND KASHMIR,Y,Y,N,,
,342027,Banar,RAJASTHAN,Y,Y,N,,
,172030,KUMARSAIN,HIMACHAL PRADESH,Y,Y,N,,
,321033,Bayana,RAJASTHAN,Y,Y,N,,
,224152,Khajuri Chauraha,UTTAR PRADESH,Y,Y,N,,
,301604,GOVINDGARH,RAJASTHAN,Y,Y,N,,
,246123,Pauri Garhwal,UTTARAKHAND,Y,Y,N,,
,305009,Ajmer,RAJASTHAN,Y,Y,N,,
,140308,MOHALI,CHANDIGARH,Y,Y,Y,,
,341547,Merta,RAJASTHAN,N,N,N,,
,342010,Jodhpur,RAJASTHAN,Y,Y,N,,
,327606,Bagidora,RAJASTHAN,Y,Y,N,,
,144009,Jalandhar,PUNJAB,Y,Y,Y,,
,342902,GOTAN,RAJASTHAN,Y,Y,Y,,
,335041,Chunawadh,RAJASTHAN,Y,Y,Y,,
,312403,Badi Sadri,RAJASTHAN,Y,Y,N,,
,342803,Jodhpur,RAJASTHAN,Y,Y,N,,
,152127,Abohar,PUNJAB,Y,Y,N,,
,110503,New Delhi,DELHI,Y,Y,Y,,
,341303,DIDWANA,RAJASTHAN,Y,Y,N,,
,160062,MOHALI,CHANDIGARH,Y,Y,Y,,
,246721,Bijnor,UTTAR PRADESH,Y,Y,N,,
,229305,Amethi,UTTAR PRADESH,Y,Y,N,,
,184103,Kathua,JAMMU AND KASHMIR,Y,Y,Y,,
,228132,Kadipur,UTTAR PRADESH,Y,Y,N,,
,110605,New Delhi,DELHI,Y,Y,Y,,
,230002,Pratapgarh,UTTAR PRADESH,Y,Y,N,,
,185155,Nowshera,JAMMU AND KASHMIR,Y,Y,Y,,
,230302,Pratapgarh,UTTAR PRADESH,N,N,N,,
,312608,Nimbahera,RAJASTHAN,Y,Y,N,,
,175015,Joginder Nagar,HIMACHAL PRADESH,Y,Y,N,,
,140406,Ren,PUNJAB,Y,Y,N,,
,332719,Kawat,RAJASTHAN,Y,Y,N,,
,142048,MOGA,PUNJAB,Y,Y,N,,
,232333,Ghazipur,UTTAR PRADESH,Y,Y,N,,
,141112,MACHIWARA,PUNJAB,Y,Y,N,,
,226002,Lucknow,UTTAR PRADESH,Y,Y,Y,,
,243202,Bareilly,UTTAR PRADESH,N,N,N,,
,146110,Hoshiarpur,PUNJAB,Y,Y,N,,
,176401,Indora,HIMACHAL PRADESH,Y,Y,N,,
,110048,New Delhi,DELHI,Y,Y,Y,,
,344022,Balotra,RAJASTHAN,Y,Y,Y,,
,305002,Ajmer,RAJASTHAN,Y,Y,Y,,
,249410,Haridwar,UTTARAKHAND,Y,Y,Y,,
,151506,Mansa,PUNJAB,Y,Y,N,,
,147111,Patiala,PUNJAB,N,N,N,,
,160041,Chandigarh,CHANDIGARH,Y,Y,Y,,
,321506,Bayana,RAJASTHAN,Y,Y,N,,
,284306,Poonch UP,UTTAR PRADESH,Y,Y,Y,,
,210205,Karwi,UTTAR PRADESH,Y,Y,N,,
,122022,Delhi NCR,DELHI,Y,Y,Y,,
,303302,Tunga,RAJASTHAN,Y,Y,Y,,
,221715,Belthara Road,UTTAR PRADESH,Y,Y,Y,,
,312617,Nimbahera,RAJASTHAN,Y,Y,N,,
,332742,Dantaramgarh,RAJASTHAN,Y,Y,N,,
,271214,Gonda,UTTAR PRADESH,N,N,N,,
,302030,Jaipur,RAJASTHAN,Y,Y,Y,,
,204105,Hathras,UTTAR PRADESH,Y,Y,Y,,
,160099,MOHALI,CHANDIGARH,Y,Y,N,,
,176313,Chowari,HIMACHAL PRADESH,Y,Y,N,,
,110051,Delhi NCR,DELHI,Y,Y,Y,,
,124103,Jhajjar,HARYANA,Y,Y,Y,,
,333025,Malsisar,RAJASTHAN,Y,Y,Y,,
,207248,Patiyali,UTTAR PRADESH,Y,Y,Y,,
,306117,Falna,RAJASTHAN,N,N,N,,
,229316,Raebareli,UTTAR PRADESH,Y,Y,Y,,
,140501,MOHALI,PUNJAB,N,N,N,,
,122017,Gurugram,HARYANA,Y,Y,Y,,
,173025,Paonta Sahib,HIMACHAL PRADESH,Y,Y,N,,
,344014,BARMER,RAJASTHAN,Y,Y,N,,
,152107,MALOUT,PUNJAB,Y,Y,Y,,
,273307,Nichlaul,UTTAR PRADESH,N,N,N,,
,331027,Bissau,RAJASTHAN,Y,Y,N,,
,325226,RAMGANJ MANDI,RAJASTHAN,Y,Y,N,,
,177006,GALORE,HIMACHAL PRADESH,Y,Y,N,,
,175026,Awah Devi,HIMACHAL PRADESH,Y,Y,N,,
,312203,Rashmi,RAJASTHAN,Y,Y,N,,
,313016,Udaipur,RAJASTHAN,Y,Y,Y,,
,110073,Delhi NCR,DELHI,Y,Y,Y,,
,243123,Bareilly,UTTAR PRADESH,Y,Y,Y,,
,226026,Lucknow,UTTAR PRADESH,Y,Y,Y,,
,184202,Basoli JK,JAMMU AND KASHMIR,Y,Y,Y,,
,244236,Amroha,UTTAR PRADESH,Y,Y,N,,
,190005,Srinagar,JAMMU AND KASHMIR,Y,Y,N,,
,331028,Malsisar,RAJASTHAN,Y,Y,Y,,
,125060,Sirsa,HARYANA,Y,Y,Y,,
,302020,Jaipur,RAJASTHAN,Y,Y,Y,,
,277209,BAIRIA,UTTAR PRADESH,N,N,N,,
,184147,Heera Nagar,JAMMU AND KASHMIR,N,N,N,,
,250134,Meerut,UTTAR PRADESH,Y,Y,Y,,
,335512,Hanumangarh,RAJASTHAN,Y,Y,Y,,
,144213,Hoshiarpur,PUNJAB,Y,Y,N,,
,125004,Hissar,HARYANA,Y,Y,Y,,
,305022,Pushkar,RAJASTHAN,Y,Y,Y,,
,334023,Khajuvala,RAJASTHAN,N,N,N,,
,141311,Jalandhar,PUNJAB,Y,Y,Y,,
,125001,Hissar,HARYANA,Y,Y,Y,,
,174026,Kuthera,HIMACHAL PRADESH,Y,Y,N,,
,277213,Maniar,UTTAR PRADESH,N,N,N,,
,144624,Dhilwan,PUNJAB,Y,Y,Y,,
,124141,Charkhi Dadri,HARYANA,Y,Y,Y,,
,332602,Ringus,RAJASTHAN,Y,Y,N,,
,333028,Sultana,RAJASTHAN,Y,Y,N,,
,321415,Bayana,RAJASTHAN,Y,Y,N,,
,172115,Bhavanagar,HIMACHAL PRADESH,Y,Y,N,,
,333709,Jhunjhunu,RAJASTHAN,Y,Y,Y,,
,202139,Hathras,UTTAR PRADESH,Y,Y,N,,
,110068,New Delhi,DELHI,Y,Y,Y,,
,274182,Barhaj UP,UTTAR PRADESH,N,N,N,,
,326512,RAMGANJ MANDI,RAJASTHAN,Y,Y,N,,
,305014,Ajmer,RAJASTHAN,Y,Y,N,,
,301423,BHIWADI,RAJASTHAN,Y,Y,N,,
,141009,Ludhiana,PUNJAB,Y,Y,Y,,
,224159,Jalalpur,UTTAR PRADESH,Y,Y,N,,
,333022,GUDHA GORJI,RAJASTHAN,Y,Y,N,,
,125044,Hissar,HARYANA,Y,Y,Y,,
,208120,Unnao,UTTAR PRADESH,Y,Y,N,,
,244002,Moradabad,UTTAR PRADESH,N,N,N,,
,343001,Jalore,RAJASTHAN,Y,Y,Y,,
,248142,HARBERTPUR,UTTARAKHAND,Y,Y,N,,
,324001,Sultanpur,RAJASTHAN,Y,Y,Y,,
,226000,Lucknow,UTTAR PRADESH,N,N,Y,,
,175046,Pangana,HIMACHAL PRADESH,Y,Y,Y,,
,201301,Delhi NCR,DELHI,Y,Y,Y,,
,121008,Delhi NCR,DELHI,Y,Y,Y,,
,201003,Delhi NCR,DELHI,Y,Y,Y,,
,306105,Raipur Marwar,RAJASTHAN,N,N,N,,
,132106,Panipat,HARYANA,Y,Y,Y,,
,333309,Udaipurwati,RAJASTHAN,Y,Y,Y,,
,201305,Delhi NCR,DELHI,Y,Y,Y,,
,321203,Deeg,RAJASTHAN,Y,Y,N,,
,229304,Amethi,UTTAR PRADESH,Y,Y,N,,
,244500,Amroha,UTTAR PRADESH,N,N,N,,
,143105,AMRITSAR,PUNJAB,Y,Y,Y,,
,323601,KESHOVRAIPATAN,RAJASTHAN,Y,Y,N,,
,275304,Ghosi,UTTAR PRADESH,Y,Y,Y,,
,122003,Delhi NCR,DELHI,Y,Y,Y,,
,181121,Jammu,JAMMU AND KASHMIR,Y,Y,Y,,
,344032,Panchapadra,RAJASTHAN,N,N,N,,
,246446,Karnaprayag,UTTAR PRADESH,N,N,N,,
,244717,Jaspur UK,UTTARAKHAND,Y,Y,N,,
,175003,Mandi,HIMACHAL PRADESH,Y,Y,Y,,
,247239,SAHARANPUR,UTTAR PRADESH,Y,Y,Y,,
,174012,Bilaspur HP,HIMACHAL PRADESH,N,N,N,,
,244410,Chandausi,UTTAR PRADESH,Y,Y,N,,
,122103,Delhi NCR,DELHI,Y,Y,Y,,
,325006,Lakheri,RAJASTHAN,Y,Y,N,,
,208004,Kanpur,UTTAR PRADESH,Y,Y,Y,,
,173205,Baddi,HIMACHAL PRADESH,Y,Y,Y,,
,144523,Garhshankar,PUNJAB,Y,Y,N,,
,275202,Ghazipur,UTTAR PRADESH,N,N,N,,
,313014,Udaipur,RAJASTHAN,Y,Y,N,,
,134103,Raipur Rani,HARYANA,N,N,Y,,
,250103,Meerut,UTTAR PRADESH,Y,Y,Y,,
,303303,Dausa,RAJASTHAN,Y,Y,Y,,
,144012,Jalandhar,PUNJAB,Y,Y,Y,,
,146104,MAHALPUR,PUNJAB,Y,Y,N,,
,276131,Chiryakot,UTTAR PRADESH,N,N,N,,
,241301,BILGRAM,UTTAR PRADESH,Y,Y,N,,
,206001,Etawah,UTTAR PRADESH,Y,Y,Y,,
,122218,Gurugram,HARYANA,Y,Y,Y,,
,206247,Auraiya,UTTAR PRADESH,Y,Y,N,,
,122413,Delhi NCR,DELHI,Y,Y,Y,,
,143520,Gurdaspur,PUNJAB,Y,Y,Y,,
,175121,BHUNTER,HIMACHAL PRADESH,Y,Y,Y,,
,211005,Allahabad,UTTAR PRADESH,Y,Y,N,,
,322025,Khandar,RAJASTHAN,Y,Y,N,,
,321602,Nadbai,RAJASTHAN,Y,Y,N,,
,305006,Ajmer,RAJASTHAN,Y,Y,N,,
,207003,Etah,UTTAR PRADESH,N,N,N,,
,325221,Chabra,RAJASTHAN,Y,Y,N,,
,341536,Kuchaman City,RAJASTHAN,Y,Y,N,,
,328025,MANIYA,RAJASTHAN,N,N,N,,
,144306,Batala,PUNJAB,Y,Y,N,,
,177118,Jahu,HIMACHAL PRADESH,Y,Y,Y,,
,110030,New Delhi,DELHI,Y,Y,Y,,
,284001,Jhansi,UTTAR PRADESH,Y,Y,Y,,
,152022,Rupana,PUNJAB,Y,Y,N,,
,306127,Sumerpur,RAJASTHAN,Y,Y,N,,
,325224,Kishanganj RJ,RAJASTHAN,N,N,N,,
,173202,Dharampur Solan,HIMACHAL PRADESH,Y,Y,N,,
,274304,Kushinagar,UTTAR PRADESH,Y,Y,N,,
,160063,MOHALI,CHANDIGARH,Y,Y,Y,,
,181124,Jammu,JAMMU AND KASHMIR,Y,Y,Y,,
,321606,Kherli,RAJASTHAN,Y,Y,Y,,
,301405,Kishangarh Bas,RAJASTHAN,Y,Y,Y,,
,175023,Mandi,HIMACHAL PRADESH,Y,Y,Y,,
,321036,Bayana,RAJASTHAN,Y,Y,N,,
,232104,Chandauli,UTTAR PRADESH,N,N,N,,
,176085,PARAUR,HIMACHAL PRADESH,Y,Y,Y,,
,325601,Khanpur RJ,RAJASTHAN,Y,Y,N,,
,331501,Bidasar,RAJASTHAN,N,N,N,,
,276404,Azamgarh,UTTAR PRADESH,Y,Y,Y,,
,141020,Dehlon,PUNJAB,N,N,Y,,
,327024,Partapur,RAJASTHAN,Y,Y,Y,,
,222180,Jaunpur,UTTAR PRADESH,Y,Y,N,,
,248198,HARBERTPUR,UTTARAKHAND,Y,Y,Y,,
,110077,Delhi NCR,DELHI,Y,Y,Y,,
,302013,Jaipur,RAJASTHAN,Y,Y,Y,,
,225123,Barabanki,UTTAR PRADESH,Y,Y,N,,
,146107,MAHALPUR,PUNJAB,Y,Y,N,,
,342029,Baori,RAJASTHAN,Y,Y,N,,
,314406,Simal Wara,RAJASTHAN,Y,Y,N,,
,131402,Kharkhoda,HARYANA,Y,Y,Y,,
,193101,Baramulla,JAMMU AND KASHMIR,Y,Y,Y,,
,160037,MOHALI,CHANDIGARH,Y,Y,Y,,
,313612,Udaipur,RAJASTHAN,Y,Y,N,,
,243406,NAWABGANJ,UTTAR PRADESH,Y,Y,N,,
,125125,TOHANA,HARYANA,Y,Y,Y,,
,248110,Dehradun,UTTARAKHAND,Y,Y,N,,
,141317,Jalandhar,PUNJAB,Y,Y,Y,,
,263139,Haldwani,UTTARAKHAND,N,N,N,,
,306024,Sojat City,RAJASTHAN,Y,Y,N,,
,160021,Chandigarh,CHANDIGARH,Y,Y,Y,,
,136020,Pundri,HARYANA,Y,Y,N,,
,122503,Delhi NCR,DELHI,Y,Y,Y,,
,176204,Jassur,HIMACHAL PRADESH,Y,Y,Y,,
,999007,PUNE,MAHARASHTRA,Y,Y,Y,,
,273015,Gorakhpur,UTTAR PRADESH,Y,Y,Y,,
,323307,Rawatbhata,RAJASTHAN,Y,Y,Y,,
,176217,Dharmshala,HIMACHAL PRADESH,Y,Y,Y,,
,175010,Mandi,HIMACHAL PRADESH,Y,Y,N,,
,321601,HALENA,RAJASTHAN,Y,Y,N,,
,203396,Shikaarpur UP,UTTAR PRADESH,N,N,N,,
,143115,Tarn Taran Sahib,PUNJAB,Y,Y,N,,
,110508,Delhi NCR,DELHI,Y,Y,Y,,
,244713,Kashipur,UTTARAKHAND,Y,Y,Y,,
,141120,Ludhiana,PUNJAB,Y,Y,Y,,
,208007,Kanpur,UTTAR PRADESH,Y,Y,Y,,
,209822,Unnao,UTTAR PRADESH,Y,Y,N,,
,341012,Nagaur,RAJASTHAN,N,N,N,,
,302040,Jaipur,RAJASTHAN,Y,Y,Y,,
,281001,Mathura,UTTAR PRADESH,Y,Y,Y,,
,172001,RAMPUR HP,HIMACHAL PRADESH,Y,Y,Y,,
,148036,Sangrur,PUNJAB,Y,Y,Y,,
,160060,MOHALI,CHANDIGARH,Y,Y,Y,,
,208001,Kanpur,UTTAR PRADESH,Y,Y,Y,,
,201019,New Delhi,DELHI,Y,Y,Y,,
,247325,SAHARANPUR,UTTAR PRADESH,Y,Y,Y,,
,175037,Sarkaghat,HIMACHAL PRADESH,Y,Y,N,,
,202395,Shikaarpur UP,UTTAR PRADESH,Y,Y,Y,,
,333315,Udaipurwati,RAJASTHAN,Y,Y,N,,
,303506,Paparda,RAJASTHAN,Y,Y,N,,
,323615,Lakheri,RAJASTHAN,Y,Y,Y,,
,301703,Shahjhapur RJ,RAJASTHAN,Y,Y,N,,
,175138,PATLIKUHAL,HIMACHAL PRADESH,Y,Y,N,,
,124127,Meham,HARYANA,Y,Y,Y,,
,232110,Chandauli,UTTAR PRADESH,N,N,N,,
,110104,New Delhi,DELHI,Y,Y,Y,,
,212645,Fatehpur,UTTAR PRADESH,Y,Y,Y,,
,224205,Kurebhar,UTTAR PRADESH,Y,Y,N,,
,313609,Udaipur,RAJASTHAN,Y,Y,N,,
,144520,MAHALPUR,PUNJAB,Y,Y,Y,,
,141003,Ludhiana,PUNJAB,Y,Y,Y,,
,227107,Malihabad,UTTAR PRADESH,Y,Y,Y,,
,321608,Mahwa,RAJASTHAN,Y,Y,Y,,
,314024,SAGWARA,RAJASTHAN,Y,Y,N,,
,271319,Gonda,UTTAR PRADESH,N,N,N,,
,324007,Sultanpur,RAJASTHAN,Y,Y,Y,,
,313901,Sarara,RAJASTHAN,N,N,N,,
,148115,Barnala,PUNJAB,Y,Y,Y,,
,244231,Gajrola,UTTAR PRADESH,Y,Y,Y,,
,333306,Udaipurwati,RAJASTHAN,Y,Y,N,,
,248143,Doiwala,UTTARAKHAND,N,N,N,,
,251203,Khatauli,UTTAR PRADESH,N,N,N,,
,244302,Shambhal,UTTAR PRADESH,Y,Y,Y,,
,110602,New Delhi,DELHI,Y,Y,Y,,
,332401,Mukungarh,RAJASTHAN,Y,Y,Y,,
,160018,Chandigarh,CHANDIGARH,Y,Y,Y,,
,124008,Rohtak,HARYANA,Y,Y,N,,
,125111,Bhuna,HARYANA,Y,Y,Y,,
,171301,Shimla,HIMACHAL PRADESH,Y,Y,N,,
,209203,Shivrajpur,UTTAR PRADESH,Y,Y,N,,
,250003,Meerut,UTTAR PRADESH,Y,Y,Y,,
,313606,Udaipur,RAJASTHAN,Y,Y,N,,
,247666,Roorkee,UTTARAKHAND,Y,Y,N,,
,142003,MOGA,PUNJAB,N,N,N,,
,134003,AMBALA,HARYANA,Y,Y,Y,,
,144318,PHAGWARA,PUNJAB,Y,Y,Y,,
,132023,Karnal,HARYANA,Y,Y,N,,
,176207,Chowari,HIMACHAL PRADESH,Y,Y,N,,
,272206,Naugarh,UTTAR PRADESH,Y,Y,N,,
,333702,Jhunjhunu,RAJASTHAN,Y,Y,Y,,
,335042,Sriganganagar,RAJASTHAN,Y,Y,Y,,
,331802,Rajaldesar,RAJASTHAN,Y,Y,N,,
,222303,Sultanpur,UTTAR PRADESH,Y,Y,N,,
,176210,Nagrota Suriyan,HIMACHAL PRADESH,Y,Y,N,,
,171002,Shimla,HIMACHAL PRADESH,Y,Y,Y,,
,324009,Kota,RAJASTHAN,Y,Y,Y,,
,136038,KURUKSHETRA,HARYANA,Y,Y,N,,
,176214,GAGAL,HIMACHAL PRADESH,Y,Y,Y,,
,342016,Jodhpur,RAJASTHAN,Y,Y,N,,
,206121,Auraiya,UTTAR PRADESH,Y,Y,N,,
,306302,Jaitaran,RAJASTHAN,Y,Y,N,,
,344027,Samdari,RAJASTHAN,Y,Y,N,,
,231224,Shakti Nagar,UTTAR PRADESH,Y,Y,Y,,
,321401,Bayana,RAJASTHAN,Y,Y,N,,
,333312,Udaipurwati,RAJASTHAN,Y,Y,N,,
,121002,Delhi NCR,DELHI,Y,Y,Y,,
,303305,Bassi RJ,RAJASTHAN,Y,Y,N,,
,144518,Nawansahar,PUNJAB,Y,Y,Y,,
,328001,Dholpur,RAJASTHAN,N,N,N,,
,212601,Fatehpur,UTTAR PRADESH,Y,Y,Y,,
,244415,Chandausi,UTTAR PRADESH,N,N,N,,
,136027,Kaithal,HARYANA,Y,Y,Y,,
,302003,Jaipur,RAJASTHAN,Y,Y,Y,,
,134118,Raipur Rani,HARYANA,Y,Y,Y,,
,276103,Azamgarh,UTTAR PRADESH,Y,Y,N,,
,143534,Taragarh,PUNJAB,Y,Y,Y,,
,284123,Lalitpur,UTTAR PRADESH,N,N,N,,
,176037,Ranital,HIMACHAL PRADESH,Y,Y,N,,
,224176,JahangirGanj,UTTAR PRADESH,Y,Y,N,,
,142029,Dehlon,PUNJAB,Y,Y,N,,
,332718,Patan,RAJASTHAN,Y,Y,N,,
,148022,Malerkotla,PUNJAB,Y,Y,Y,,
,313342,Nathdwara,RAJASTHAN,N,N,N,,
,152117,Abohar,PUNJAB,Y,Y,N,,
,132103,Panipat,HARYANA,Y,Y,Y,,
,145028,Pathankot,PUNJAB,Y,Y,N,,
,221706,Mau,UTTAR PRADESH,Y,Y,N,,
,190013,Srinagar,JAMMU AND KASHMIR,N,N,N,,
,201007,New Delhi,DELHI,Y,Y,Y,,
,333304,Dadiya,RAJASTHAN,Y,Y,N,,
,110034,New Delhi,DELHI,Y,Y,Y,,
,332738,Udaipurwati,RAJASTHAN,Y,Y,N,,
,243122,Bareilly,UTTAR PRADESH,Y,Y,Y,,
,173223,Solan,HIMACHAL PRADESH,Y,Y,N,,
,144211,Batala,PUNJAB,Y,Y,N,,
,206129,Auraiya,UTTAR PRADESH,Y,Y,Y,,
,305206,Mangliyawas,RAJASTHAN,N,N,N,,
,274806,Deoria,UTTAR PRADESH,Y,Y,Y,,
,325205,Baran,RAJASTHAN,Y,Y,Y,,
,147007,Patiala,PUNJAB,Y,Y,Y,,
,201008,Delhi NCR,DELHI,Y,Y,N,,
,174301,Haroli,HIMACHAL PRADESH,Y,Y,Y,,
,313203,Fatehnagar,RAJASTHAN,Y,Y,N,,
,241201,Sandila,UTTAR PRADESH,Y,Y,N,,
,175049,Dharampur,HIMACHAL PRADESH,Y,Y,N,,
,222110,Jaunpur,UTTAR PRADESH,Y,Y,Y,,
,230132,Lalganj Ajhara,UTTAR PRADESH,Y,Y,N,,
,262530,Pithoragarh,UTTARAKHAND,Y,Y,N,,
,177301,Nadaun,HIMACHAL PRADESH,Y,Y,N,,
,331503,Bidasar,RAJASTHAN,N,N,N,,
,334006,Bikaner,RAJASTHAN,Y,Y,Y,,
,134204,Raipur Rani,HARYANA,Y,Y,Y,,
,122226,Delhi NCR,DELHI,Y,Y,Y,,
,203390,ANUPSHAHAR,UTTAR PRADESH,Y,Y,Y,,
,144512,Nawansahar,PUNJAB,Y,Y,Y,,
,174309,Bangana,HIMACHAL PRADESH,Y,Y,N,,
,313904,Sarara,RAJASTHAN,Y,Y,N,,
,143325,Taragarh,PUNJAB,Y,Y,Y,,
,174305,Bangana,HIMACHAL PRADESH,Y,Y,N,,
,110608,New Delhi,DELHI,Y,Y,Y,,
,212208,Bharwari,UTTAR PRADESH,Y,Y,Y,,
,143529,Gurdaspur,PUNJAB,Y,Y,Y,,
,124514,Julana,HARYANA,Y,Y,Y,,
,143532,Taragarh,PUNJAB,Y,Y,Y,,
,333111,Udaipurwati,RAJASTHAN,Y,Y,Y,,
,342012,Boranada,RAJASTHAN,Y,Y,Y,,
,110050,New Delhi,DELHI,Y,Y,Y,,
,148039,Sangrur,PUNJAB,Y,Y,Y,,
,144528,Garhshankar,PUNJAB,Y,Y,Y,,
,332735,Udaipurwati,RAJASTHAN,Y,Y,N,,
,332706,Neem Ka Thana,RAJASTHAN,Y,Y,Y,,
,110031,Delhi NCR,DELHI,Y,Y,Y,,
,332405,Sikar,RAJASTHAN,Y,Y,N,,
,322202,Gangapur,RAJASTHAN,Y,Y,N,,
,177113,UNA,HIMACHAL PRADESH,Y,Y,N,,
,281004,Mathura,UTTAR PRADESH,Y,Y,Y,,
,202001,Aligarh,UTTAR PRADESH,Y,Y,Y,,
,262907,Singahi,UTTAR PRADESH,Y,Y,N,,
,209217,Shivrajpur,UTTAR PRADESH,Y,Y,Y,,
,141010,Ludhiana,PUNJAB,Y,Y,Y,,
,143524,Gurdaspur,PUNJAB,Y,Y,Y,,
,303801,Chomu,RAJASTHAN,Y,Y,Y,,
,190014,Srinagar,JAMMU AND KASHMIR,Y,Y,Y,,
,180010,Jammu,JAMMU AND KASHMIR,Y,Y,Y,,
,301210,GOVINDGARH,RAJASTHAN,Y,Y,N,,
,329090,Kota,RAJASTHAN,Y,Y,N,,
,125042,Meham,HARYANA,Y,Y,Y,,
,263127,Nainital,UTTARAKHAND,Y,Y,Y,,
,321633,Laxmangarh,RAJASTHAN,N,N,N,,
,202122,Aligarh,UTTAR PRADESH,Y,Y,N,,
,143093,AMRITSAR,PUNJAB,Y,Y,Y,,
,203208,Delhi NCR,DELHI,Y,Y,Y,,
,325001,KAITHUN,RAJASTHAN,Y,Y,N,,
,274502,Lar Town,UTTAR PRADESH,Y,Y,N,,
,227301,Haidergarh UP,UTTAR PRADESH,N,N,N,,
,208026,Kanpur,UTTAR PRADESH,Y,Y,Y,,
,327032,Arthuna,RAJASTHAN,Y,Y,N,,
,143528,Gurdaspur,PUNJAB,Y,Y,Y,,
,205119,Mainpuri,UTTAR PRADESH,N,N,N,,
,143409,Tarn Taran Sahib,PUNJAB,Y,Y,N,,
,148042,Sangrur,PUNJAB,Y,Y,Y,,
,323603,Lakheri,RAJASTHAN,Y,Y,N,,
,305416,KEKRI,RAJASTHAN,Y,Y,N,,
,192102,Shahgarh,JAMMU AND KASHMIR,Y,Y,Y,,
,123413,Delhi NCR,DELHI,N,N,N,,
,284127,Jhansi,UTTAR PRADESH,Y,Y,Y,,
,334003,Bikaner,RAJASTHAN,Y,Y,Y,,
,206242,Bakewar,UTTAR PRADESH,Y,Y,N,,
,176049,Bhota,HIMACHAL PRADESH,Y,Y,N,,
,173210,Dharampur Solan,HIMACHAL PRADESH,Y,Y,N,,
,224804,Khadda UP,UTTAR PRADESH,Y,Y,N,,
,307023,PINDWARA,RAJASTHAN,Y,Y,N,,
,333016,Udaipurwati,RAJASTHAN,Y,Y,N,,
,177023,HAMIRPUR,HIMACHAL PRADESH,Y,Y,N,,
,226401,Sarijani Nagar,UTTAR PRADESH,Y,Y,Y,,
,110053,Delhi NCR,DELHI,Y,Y,Y,,
,211018,Allahabad,UTTAR PRADESH,Y,Y,Y,,
,285204,Kalpi,UTTAR PRADESH,Y,Y,N,,
,273403,Kauriram,UTTAR PRADESH,Y,Y,N,,
,144000,Jalandhar,PUNJAB,Y,Y,N,,
,262407,NAWABGANJ,UTTAR PRADESH,Y,Y,N,,
,122208,Delhi NCR,DELHI,Y,Y,Y,,
,344503,BARMER,RAJASTHAN,N,N,N,,
,222202,Jaunpur,UTTAR PRADESH,Y,Y,N,,
,141307,Jalandhar,PUNJAB,Y,Y,N,,
,334801,Desnok,RAJASTHAN,Y,Y,Y,,
,326530,RAMGANJ MANDI,RAJASTHAN,Y,Y,N,,
,176211,Chowari,HIMACHAL PRADESH,Y,Y,N,,
,141123,Ludhiana,PUNJAB,Y,Y,N,,
,110105,New Delhi,DELHI,N,N,Y,,
,120001,Delhi NCR,DELHI,Y,Y,N,,
,226104,Malihabad,UTTAR PRADESH,Y,Y,N,,
,174312,Bangana,HIMACHAL PRADESH,Y,Y,N,,
,144509,Nawansahar,PUNJAB,Y,Y,N,,
,122223,Delhi NCR,DELHI,Y,Y,Y,,
,341027,Nagaur,RAJASTHAN,N,N,N,,
,145021,Pathankot,PUNJAB,Y,Y,Y,,
,151104,Bhatinda,PUNJAB,Y,Y,N,,
,241127,Sandila,UTTAR PRADESH,Y,Y,N,,
,332604,Sikar,RAJASTHAN,N,N,N,,
,305413,Nasirabad,RAJASTHAN,Y,Y,N,,
,176601,Haroli,HIMACHAL PRADESH,Y,Y,N,,
,145026,Taragarh,PUNJAB,Y,Y,Y,,
,140106,MOHALI,CHANDIGARH,Y,Y,N,,
,900011,Mumbai,MAHARASHTRA,Y,Y,N,,
,110003,New Delhi,DELHI,Y,Y,Y,,
,110087,New Delhi,DELHI,Y,Y,Y,,
,321406,HALENA,RAJASTHAN,Y,Y,N,,
,306401,Pali,RAJASTHAN,Y,Y,Y,,
,211006,Allahabad,UTTAR PRADESH,Y,Y,Y,,
,332402,Sikar,RAJASTHAN,Y,Y,N,,
,144526,Garhshankar,PUNJAB,Y,Y,N,,
,209202,BILHAUR,UTTAR PRADESH,Y,Y,Y,,
,246735,DHAMPUR,UTTAR PRADESH,N,N,N,,
,306102,BEAWAR,RAJASTHAN,Y,Y,N,,
,160069,MOHALI,CHANDIGARH,Y,Y,Y,,
,141122,Ludhiana,PUNJAB,N,N,N,,
,110084,New Delhi,DELHI,Y,Y,Y,,
,314401,Simal Wara,RAJASTHAN,Y,Y,N,,
,321023,Kaman,RAJASTHAN,N,N,N,,
,160027,Chandigarh,CHANDIGARH,Y,Y,Y,,
,208020,Kanpur,UTTAR PRADESH,Y,Y,Y,,
,190019,Srinagar,JAMMU AND KASHMIR,Y,Y,N,,
,332723,Udaipurwati,RAJASTHAN,Y,Y,N,,
,212655,Fatehpur,UTTAR PRADESH,N,N,N,,
,110009,New Delhi,DELHI,Y,Y,Y,,
,207023,Etah,UTTAR PRADESH,N,N,N,,
,228001,Sultanpur,UTTAR PRADESH,Y,Y,Y,,
,144507,Nawansahar,PUNJAB,Y,Y,N,,
,181141,Vijaypur,JAMMU AND KASHMIR,Y,Y,N,,
,246486,Chamoli,UTTARAKHAND,N,N,N,,
,306106,BEAWAR,RAJASTHAN,N,N,N,,
,305023,Ajmer,RAJASTHAN,Y,Y,Y,,
,322241,Karauli,RAJASTHAN,Y,Y,Y,,
,201300,Delhi NCR,DELHI,Y,Y,Y,,
,203002,Bulandshahr,UTTAR PRADESH,Y,Y,Y,,
,142035,Jagraon,PUNJAB,Y,Y,N,,
,143526,Gurdaspur,PUNJAB,Y,Y,Y,,
,341539,Kuchaman City,RAJASTHAN,Y,Y,N,,
,250611,Baraut,UTTAR PRADESH,N,N,N,,
,312026,Kapasan,RAJASTHAN,Y,Y,N,,
,331304,Taranagar,RAJASTHAN,N,N,N,,
,176209,GAGAL,HIMACHAL PRADESH,Y,Y,N,,
,144424,Nawansahar,PUNJAB,N,N,N,,
,142022,Ludhiana,PUNJAB,Y,Y,N,,
,147103,Patiala,PUNJAB,Y,Y,Y,,
,141204,Malerkotla,PUNJAB,Y,Y,Y,,
,144531,Garhshankar,PUNJAB,Y,Y,N,,
,174302,Baruhi,HIMACHAL PRADESH,Y,Y,Y,,
,248014,Dehradun,UTTARAKHAND,Y,Y,N,,
,229307,Amethi,UTTAR PRADESH,Y,Y,N,,
,313206,Fatehnagar,RAJASTHAN,Y,Y,N,,
,160101,Chandigarh,CHANDIGARH,Y,Y,Y,,
,272150,Basti,UTTAR PRADESH,Y,Y,Y,,
,210105,Karwi,UTTAR PRADESH,N,N,N,,
,221008,VARANASI,UTTAR PRADESH,Y,Y,N,,
,182161,Chenani,JAMMU AND KASHMIR,Y,Y,N,,
,324005,Kota,RAJASTHAN,Y,Y,Y,,
,306310,Jaitaran,RAJASTHAN,Y,Y,N,,
,224161,Ayodhya,UTTAR PRADESH,Y,Y,N,,
,229301,Bachhrawan,UTTAR PRADESH,Y,Y,N,,
,121005,Delhi NCR,DELHI,Y,Y,Y,,
,303803,Chomu,RAJASTHAN,Y,Y,N,,
,335802,Pilibanga,RAJASTHAN,N,N,N,,
,301021,Barodameo,RAJASTHAN,Y,Y,N,,
,302016,Jaipur,RAJASTHAN,Y,Y,Y,,
,231001,Mirzapur,UTTAR PRADESH,Y,Y,Y,,
,332318,Salasar,RAJASTHAN,N,N,N,,
,251201,Khatauli,UTTAR PRADESH,N,N,N,,
,306309,Jaitaran,RAJASTHAN,Y,Y,N,,
,144041,Nakodar,PUNJAB,Y,Y,Y,,
,152124,Fazilka,PUNJAB,Y,Y,N,,
,181103,Miran Sahib,JAMMU AND KASHMIR,Y,Y,Y,,
,274801,Khadda UP,UTTAR PRADESH,Y,Y,Y,,
,201016,Delhi NCR,DELHI,Y,Y,Y,,
,124412,Rohtak,HARYANA,Y,Y,N,,
,144031,PHAGWARA,PUNJAB,Y,Y,Y,,
,171006,Sanjauli,HIMACHAL PRADESH,Y,Y,N,,
,243726,BISAULI,UTTAR PRADESH,N,N,N,,
,148001,Sangrur,PUNJAB,Y,Y,N,,
,144224,Talwara,PUNJAB,N,N,N,,
,122220,Delhi NCR,DELHI,Y,Y,Y,,
,151203,Faridkot,PUNJAB,Y,Y,N,,
,110024,New Delhi,DELHI,Y,Y,Y,,
,221601,Madhuban UP,UTTAR PRADESH,Y,Y,N,,
,302006,Jaipur,RAJASTHAN,Y,Y,Y,,
,210011,Allahabad,UTTAR PRADESH,Y,Y,N,,
,248007,Dehradun,UTTARAKHAND,Y,Y,Y,,
,144532,Garhshankar,PUNJAB,Y,Y,Y,,
,221003,VARANASI,UTTAR PRADESH,Y,Y,Y,,
,181122,Jammu,JAMMU AND KASHMIR,Y,Y,N,,
,263653,Chaukhutiya,UTTARAKHAND,Y,Y,N,,
,261131,Khairabad,UTTAR PRADESH,Y,Y,Y,,
,110025,New Delhi,DELHI,Y,Y,Y,,
,332726,Udaipurwati,RAJASTHAN,Y,Y,N,,
,313322,Nathdwara,RAJASTHAN,Y,Y,N,,
,263126,Haldwani,UTTARAKHAND,Y,Y,N,,
,207123,KASGANJ,UTTAR PRADESH,Y,Y,Y,,
,272131,Harraiya,UTTAR PRADESH,N,N,N,,
,282004,Agra,UTTAR PRADESH,Y,Y,Y,,
,177040,GALORE,HIMACHAL PRADESH,Y,Y,Y,,
,262902,Khiri,UTTAR PRADESH,Y,Y,N,,
,276206,Azamgarh,UTTAR PRADESH,N,N,N,,
,312021,Kapasan,RAJASTHAN,Y,Y,N,,
,144802,Dhilwan,PUNJAB,N,N,Y,,
,176067,PALAMPUR,HIMACHAL PRADESH,Y,Y,Y,,
,143101,AMRITSAR,PUNJAB,N,N,N,,
,144407,PHAGWARA,PUNJAB,Y,Y,Y,,
,144502,Nawansahar,PUNJAB,Y,Y,N,,
,201006,Delhi NCR,DELHI,Y,Y,Y,,
,250110,MODIPURAM,UTTAR PRADESH,Y,Y,Y,,
,243632,Chandausi,UTTAR PRADESH,Y,Y,N,,
,275303,BARHALGANJ,UTTAR PRADESH,Y,Y,N,,
,261506,Lakhimpur Khiri,UTTAR PRADESH,N,N,N,,
,148051,Sangrur,PUNJAB,Y,Y,Y,,
,176090,Sandhole,HIMACHAL PRADESH,Y,Y,Y,,
,209206,Ghatampur,UTTAR PRADESH,Y,Y,N,,
,166031,Chandigarh,CHANDIGARH,Y,Y,Y,,
,144632,PHAGWARA,PUNJAB,Y,Y,Y,,
,184201,Basoli JK,JAMMU AND KASHMIR,Y,Y,Y,,
,174023,Ghumarwin,HIMACHAL PRADESH,Y,Y,N,,
,342009,Jodhpur,RAJASTHAN,Y,Y,Y,,
,135002,Yamunanagar,HARYANA,Y,Y,Y,,
,136039,Assandh,HARYANA,Y,Y,N,,
,302024,Jaipur,RAJASTHAN,Y,Y,Y,,
,321425,Bayana,RAJASTHAN,Y,Y,N,,
,313001,Udaipur,RAJASTHAN,Y,Y,Y,,
,209622,Farrukhabad,UTTAR PRADESH,N,N,N,,
,148113,Barnala,PUNJAB,Y,Y,Y,,
,174101,Baddi,HIMACHAL PRADESH,Y,Y,N,,
,327605,Dungarpur,RAJASTHAN,Y,Y,N,,
,304022,Chakshu,RAJASTHAN,Y,Y,N,,
,206128,Bakewar,UTTAR PRADESH,Y,Y,N,,
,142028,Zira,PUNJAB,N,N,N,,
,190002,Srinagar,JAMMU AND KASHMIR,Y,Y,N,,
,246474,Karnaprayag,UTTAR PRADESH,N,N,N,,
,313329,Railmagra,RAJASTHAN,Y,Y,N,,
,305626,Nasirabad,RAJASTHAN,Y,Y,N,,
,249204,Rishikesh,UTTARAKHAND,Y,Y,N,,
,341304,Ladnun,RAJASTHAN,Y,Y,N,,
,342604,Piparcity,RAJASTHAN,Y,Y,N,,
,248202,Doiwala,UTTARAKHAND,N,N,N,,
,274501,SALEMPUR,UTTAR PRADESH,Y,Y,Y,,
,176092,Daroh,HIMACHAL PRADESH,Y,Y,Y,,
,332030,Khoor,RAJASTHAN,Y,Y,Y,,
,303122,Bagru,RAJASTHAN,Y,Y,N,,
,152129,Abohar,PUNJAB,Y,Y,N,,
,342601,Piparcity,RAJASTHAN,Y,Y,N,,
,274305,Kushinagar,UTTAR PRADESH,Y,Y,Y,,
,181132,Miran Sahib,JAMMU AND KASHMIR,Y,Y,Y,,
,143516,Batala,PUNJAB,N,N,N,,
,263656,Chaukhutiya,UTTARAKHAND,Y,Y,N,,
,327608,Banswara,RAJASTHAN,N,N,N,,
,341505,MAKRANA,RAJASTHAN,Y,Y,Y,,
,148101,Barnala,PUNJAB,Y,Y,Y,,
,228118,Sultanpur,UTTAR PRADESH,Y,Y,N,,
,174311,Bhota,HIMACHAL PRADESH,Y,Y,N,,
,311012,Bhilwara,RAJASTHAN,Y,Y,Y,,
,305624,Bijainagar,RAJASTHAN,Y,Y,Y,,
,160006,MOHALI,CHANDIGARH,Y,Y,Y,,
,125075,Fatehabad,HARYANA,Y,Y,Y,,
,334401,Bikaner,RAJASTHAN,Y,Y,Y,,
,342037,Baori,RAJASTHAN,Y,Y,N,,
,301704,Shahjhapur RJ,RAJASTHAN,Y,Y,N,,
,148004,Sangrur,PUNJAB,Y,Y,Y,,
,122008,Delhi NCR,DELHI,Y,Y,Y,,
,110013,New Delhi,DELHI,Y,Y,Y,,
,131307,Gohana,HARYANA,Y,Y,Y,,
,144047,Nakodar,PUNJAB,Y,Y,Y,,
,110502,New Delhi,DELHI,Y,Y,Y,,
,261001,Sitapur,UTTAR PRADESH,Y,Y,Y,,
,274123,Ayodhya,UTTAR PRADESH,Y,Y,N,,
,303003,Viratnagar,RAJASTHAN,Y,Y,N,,
,160058,MOHALI,CHANDIGARH,Y,Y,Y,,
,160029,Chandigarh,CHANDIGARH,Y,Y,Y,,
,322217,Gangapur,RAJASTHAN,Y,Y,N,,
,248160,Dehradun,UTTARAKHAND,Y,Y,N,,
,301033,Alwar,RAJASTHAN,N,N,N,,
,144007,Jalandhar,PUNJAB,Y,Y,Y,,
,211007,Naini,UTTAR PRADESH,Y,Y,Y,,
,176029,Ranital,HIMACHAL PRADESH,Y,Y,N,,
,152028,Zira,PUNJAB,Y,Y,N,,
,332317,Laxmangarh,RAJASTHAN,Y,Y,N,,
,201311,Delhi NCR,DELHI,Y,Y,Y,,
,140402,Rajpura,PUNJAB,Y,Y,Y,,
,143004,AMRITSAR,PUNJAB,Y,Y,Y,,
,311026,Mandal,RAJASTHAN,N,N,N,,
,176040,Bhota,HIMACHAL PRADESH,Y,Y,N,,
,180004,Jammu,JAMMU AND KASHMIR,Y,Y,Y,,
,176219,Dharmshala,HIMACHAL PRADESH,Y,Y,Y,,
,160088,MOHALI,CHANDIGARH,Y,Y,Y,,
,303002,Achrol,RAJASTHAN,Y,Y,Y,,
,271828,Gonda,UTTAR PRADESH,N,N,N,,
,224183,Jalalpur,UTTAR PRADESH,Y,Y,N,,
,321031,Bayana,RAJASTHAN,Y,Y,N,,
,341510,Merta,RAJASTHAN,Y,Y,Y,,
,327030,Banswara,RAJASTHAN,Y,Y,N,,
,301029,Alwar,RAJASTHAN,Y,Y,N,,
,181224,Jhajjar Kotli,JAMMU AND KASHMIR,Y,Y,Y,,
,141401,Mandigovindgarh,PUNJAB,Y,Y,Y,,
,141801,Mandigovindgarh,PUNJAB,N,N,N,,
,226015,Lucknow,UTTAR PRADESH,Y,Y,Y,,
,140103,Roopnagar,CHANDIGARH,N,N,N,,
,332411,Sikar,RAJASTHAN,Y,Y,Y,,
,229003,Raebareli,UTTAR PRADESH,Y,Y,N,,
,246174,Srinagar Garhwal,UTTARAKHAND,Y,Y,N,,
,311802,Bhilwara,RAJASTHAN,Y,Y,Y,,
,229413,Lalgopalganj,UTTAR PRADESH,Y,Y,Y,,
,110039,New Delhi,DELHI,Y,Y,Y,,
,262726,Lakhimpur Khiri,UTTAR PRADESH,N,N,N,,
,314028,Dungarpur,RAJASTHAN,Y,Y,N,,
,193504,Baramulla,JAMMU AND KASHMIR,Y,Y,N,,
,274401,Fazil Nagar UP,UTTAR PRADESH,N,N,N,,
,284304,Poonch UP,UTTAR PRADESH,Y,Y,N,,
,304803,Deoli,RAJASTHAN,Y,Y,Y,,
,135106,Chhachhrauli,HARYANA,Y,Y,N,,
,201309,Delhi NCR,DELHI,Y,Y,Y,,
,305201,Pisagan,RAJASTHAN,Y,Y,N,,
,212621,Fatehpur,UTTAR PRADESH,Y,Y,Y,,
,311011,Bhilwara,RAJASTHAN,Y,Y,Y,,
,141302,Jalandhar,PUNJAB,Y,Y,Y,,
,122011,Delhi NCR,DELHI,Y,Y,Y,,
,122052,Delhi NCR,DELHI,Y,Y,Y,,
,211013,Allahabad,UTTAR PRADESH,Y,Y,Y,,
,190009,Srinagar,JAMMU AND KASHMIR,Y,Y,Y,,
,144629,SULTANPUR LODHI,PUNJAB,Y,Y,N,,
,246165,Pauri Garhwal,UTTARAKHAND,Y,Y,N,,
,174306,UNA,HIMACHAL PRADESH,Y,Y,Y,,
,222304,Sultanpur,UTTAR PRADESH,Y,Y,N,,
,226009,Sarijani Nagar,UTTAR PRADESH,Y,Y,N,,
,143044,AMRITSAR,PUNJAB,Y,Y,Y,,
,144223,Talwara,PUNJAB,N,N,N,,
,229313,Unnao,UTTAR PRADESH,Y,Y,N,,
,303313,Bandikui,RAJASTHAN,Y,Y,Y,,
,244504,Kanth,UTTAR PRADESH,Y,Y,Y,,
,999006,PUNE,MAHARASHTRA,Y,Y,Y,,
,231217,Renukoot,UTTAR PRADESH,Y,Y,Y,,
,206003,Etawah,UTTAR PRADESH,Y,Y,N,,
,243505,Bareilly,UTTAR PRADESH,Y,Y,N,,
,160045,Chandigarh,CHANDIGARH,Y,Y,Y,,
,143512,Gurdaspur,PUNJAB,Y,Y,N,,
,172104,Bhavanagar,HIMACHAL PRADESH,Y,Y,N,,
,314402,Simal Wara,RAJASTHAN,Y,Y,N,,
,144040,Nakodar,PUNJAB,Y,Y,N,,
,334201,Napasar,RAJASTHAN,Y,Y,N,,
,209725,Kannauj,UTTAR PRADESH,Y,Y,Y,,
,277011,Ballia,UTTAR PRADESH,Y,Y,N,,
,110093,New Delhi,DELHI,Y,Y,Y,,
,206245,Etawah,UTTAR PRADESH,Y,Y,N,,
,335039,Raisinghnagar,RAJASTHAN,Y,Y,Y,,
,203395,Shikaarpur UP,UTTAR PRADESH,Y,Y,Y,,
,222102,Jaunpur,UTTAR PRADESH,N,N,N,,
,226023,Lucknow,UTTAR PRADESH,Y,Y,Y,,
,208027,Kanpur,UTTAR PRADESH,Y,Y,Y,,
,176076,Jasingpur,HIMACHAL PRADESH,Y,Y,N,,
,284128,Jhansi,UTTAR PRADESH,Y,Y,Y,,
,221109,VARANASI,UTTAR PRADESH,Y,Y,Y,,
,341021,Nagaur,RAJASTHAN,Y,Y,N,,
,110004,New Delhi,DELHI,Y,Y,Y,,
,226010,Lucknow,UTTAR PRADESH,Y,Y,Y,,
,305026,Pushkar,RAJASTHAN,Y,Y,N,,
,243601,Badayun,UTTAR PRADESH,Y,Y,Y,,
,201317,Delhi NCR,DELHI,Y,Y,N,,
,206244,Auraiya,UTTAR PRADESH,Y,Y,Y,,
,152132,Abohar,PUNJAB,Y,Y,N,,
,192101,Shahgarh,JAMMU AND KASHMIR,Y,Y,Y,,
,176091,Sandhole,HIMACHAL PRADESH,Y,Y,N,,
,193201,Sopore,JAMMU AND KASHMIR,Y,Y,N,,
,160022,Chandigarh,CHANDIGARH,Y,Y,Y,,
,313610,Udaipur,RAJASTHAN,Y,Y,N,,
,206126,Bakewar,UTTAR PRADESH,Y,Y,Y,,
,335001,Sriganganagar,RAJASTHAN,Y,Y,Y,,
,331020,Churu,RAJASTHAN,Y,Y,N,,
,301418,BHIWADI,RAJASTHAN,N,N,N,,
,314012,Dungarpur,RAJASTHAN,Y,Y,N,,
,246726,Haldaur,UTTAR PRADESH,Y,Y,Y,,
,135021,Chhachhrauli,HARYANA,Y,Y,N,,
,176201,Jassur,HIMACHAL PRADESH,Y,Y,Y,,
,277406,Kushinagar,UTTAR PRADESH,Y,Y,N,,
,110074,New Delhi,DELHI,Y,Y,Y,,
,140133,Anandpur Sahib,PUNJAB,Y,Y,N,,
,276302,Bindra Bazar,UTTAR PRADESH,N,N,N,,
,285201,Konch,UTTAR PRADESH,Y,Y,N,,
,141116,Ludhiana,PUNJAB,N,N,Y,,
,326041,Jhalawar,RAJASTHAN,Y,Y,N,,
,303102,Viratnagar,RAJASTHAN,Y,Y,N,,
,333011,Dhanuri,RAJASTHAN,N,N,N,,
,152118,Abohar,PUNJAB,Y,Y,N,,
,303326,Bandikui,RAJASTHAN,Y,Y,Y,,
,233222,Kasimabad,UTTAR PRADESH,Y,Y,N,,
,335051,Raisinghnagar,RAJASTHAN,Y,Y,Y,,
,311801,Gangapur Bhilwara,RAJASTHAN,Y,Y,N,,
,110027,New Delhi,DELHI,Y,Y,Y,,
,221717,Maniar,UTTAR PRADESH,Y,Y,Y,,
,122209,Gurugram,HARYANA,Y,Y,Y,,
,122216,Gurugram,HARYANA,Y,Y,Y,,
,209111,Pukhrayan,UTTAR PRADESH,Y,Y,N,,
,144005,Jalandhar,PUNJAB,N,N,Y,,
,144302,Bhogpur,PUNJAB,Y,Y,N,,
,285131,Konch,UTTAR PRADESH,N,N,N,,
,201308,Delhi NCR,DELHI,Y,Y,Y,,
,325216,Kishanganj RJ,RAJASTHAN,N,N,N,,
,212216,Damanjodi,UTTAR PRADESH,N,N,N,,
,110094,Delhi NCR,DELHI,Y,Y,Y,,
,142030,Jagraon,PUNJAB,Y,Y,N,,
,306028,Sojat City,RAJASTHAN,Y,Y,N,,
,180011,Jammu,JAMMU AND KASHMIR,Y,Y,Y,,
,342013,Jodhpur,RAJASTHAN,Y,Y,Y,,
,175017,Sunder Nagar,HIMACHAL PRADESH,N,N,N,,
,143503,Batala,PUNJAB,N,N,N,,
,121102,Palwal,HARYANA,Y,Y,Y,,
,321025,Bharatpur,RAJASTHAN,Y,Y,N,,
,209602,Farrukhabad,UTTAR PRADESH,Y,Y,N,,
,313025,Udaipur,RAJASTHAN,N,N,N,,
,244103,Moradabad,UTTAR PRADESH,N,N,N,,
,303805,Chonp,RAJASTHAN,N,N,N,,
,121000,Delhi NCR,DELHI,Y,Y,Y,,
,302029,Malpura,RAJASTHAN,Y,Y,Y,,
,245101,Hapur,UTTAR PRADESH,Y,Y,Y,,
,249403,Haridwar,UTTARAKHAND,Y,Y,Y,,
,121013,Delhi NCR,DELHI,Y,Y,Y,,
,202391,ANUPSHAHAR,UTTAR PRADESH,Y,Y,N,,
,141308,Jalandhar,PUNJAB,N,N,N,,
,342017,Jodhpur,RAJASTHAN,Y,Y,N,,
,314029,SAGWARA,RAJASTHAN,Y,Y,N,,
,121007,Delhi NCR,DELHI,Y,Y,Y,,
,221305,Chunar,UTTAR PRADESH,Y,Y,N,,
,248146,Dehradun,UTTARAKHAND,Y,Y,N,,
,302044,Jaipur,RAJASTHAN,Y,Y,Y,,
,335501,Bhadra,RAJASTHAN,N,N,N,,
,146001,Hoshiarpur,PUNJAB,Y,Y,Y,,
,273008,Gorakhpur,UTTAR PRADESH,Y,Y,Y,,
,141007,Ludhiana,PUNJAB,N,N,Y,,
,148009,Sangrur,PUNJAB,Y,Y,Y,,
,201316,Delhi NCR,DELHI,Y,Y,N,,
,313032,Udaipur,RAJASTHAN,Y,Y,N,,
,212105,Naini,UTTAR PRADESH,N,N,N,,
,335527,Hanumangarh,RAJASTHAN,Y,Y,N,,
,146114,Bhogpur,PUNJAB,Y,Y,N,,
,182122,Ramnagar Udhampur,JAMMU AND KASHMIR,Y,Y,Y,,
,282002,Agra,UTTAR PRADESH,Y,Y,Y,,
,143007,AMRITSAR,PUNJAB,Y,Y,Y,,
,250007,Meerut,UTTAR PRADESH,Y,Y,Y,,
,151110,Bhatinda,PUNJAB,Y,Y,N,,
,332313,Laxmangarh,RAJASTHAN,N,N,N,,
,144529,Garhshankar,PUNJAB,Y,Y,Y,,
,332715,Shri Madhopur,RAJASTHAN,Y,Y,N,,
,175102,BHUNTER,HIMACHAL PRADESH,Y,Y,N,,
,140119,Anandpur Sahib,PUNJAB,Y,Y,Y,,
,248116,Dehradun,UTTARAKHAND,Y,Y,N,,
,306101,Ras RJ,RAJASTHAN,N,N,N,,
,125113,Barwala,HARYANA,Y,Y,N,,
,246745,Kanth,UTTAR PRADESH,Y,Y,N,,
,172108,Recongpeo,HIMACHAL PRADESH,Y,Y,N,,
,177210,Amb,HIMACHAL PRADESH,Y,Y,N,,
,190006,DARGAH,JAMMU AND KASHMIR,Y,Y,Y,,
,284135,Jhansi,UTTAR PRADESH,Y,Y,Y,,
,140630,PANCHKULA,HARYANA,N,N,N,,
,174036,Ghumarwin,HIMACHAL PRADESH,N,N,N,,
,230502,Madhavganj,UTTAR PRADESH,Y,Y,Y,,
,176036,Jawala Ji,HIMACHAL PRADESH,Y,Y,Y,,
,173220,Parwanoo,HIMACHAL PRADESH,Y,Y,N,,
,331022,Rajaldesar,RAJASTHAN,Y,Y,Y,,
,246481,Chamoli,UTTARAKHAND,Y,Y,N,,
,275101,Mau,UTTAR PRADESH,Y,Y,Y,,
,110100,New Delhi,DELHI,Y,Y,Y,,
,231218,Shakti Nagar,UTTAR PRADESH,Y,Y,Y,,
,208015,Kanpur,UTTAR PRADESH,Y,Y,Y,,
,312901,Chittorgarh,RAJASTHAN,N,N,N,,
,313905,Sarara,RAJASTHAN,Y,Y,N,,
,160052,Chandigarh,CHANDIGARH,Y,Y,Y,,
,176403,Indora,HIMACHAL PRADESH,Y,Y,N,,
,325217,Samrania,RAJASTHAN,Y,Y,N,,
,121012,Delhi NCR,DELHI,Y,Y,Y,,
,221306,Gopiganj,UTTAR PRADESH,Y,Y,N,,
,274505,Lar Town,UTTAR PRADESH,Y,Y,N,,
,181134,Vijaypur,JAMMU AND KASHMIR,Y,Y,N,,
,127201,Loharu,HARYANA,Y,Y,Y,,
,181113,Miran Sahib,JAMMU AND KASHMIR,Y,Y,Y,,
,247669,SAHARANPUR,UTTAR PRADESH,Y,Y,Y,,
,246167,SATPULI,UTTARAKHAND,Y,Y,N,,
,141109,SUDHAR,PUNJAB,Y,Y,N,,
,246761,DHAMPUR,UTTAR PRADESH,Y,Y,Y,,
,151504,Mansa,PUNJAB,Y,Y,N,,
,209732,Kannauj,UTTAR PRADESH,Y,Y,Y,,
,140504,MOHALI,CHANDIGARH,Y,Y,Y,,
,244249,Moradabad,UTTAR PRADESH,Y,Y,Y,,
,274702,Bahtpar Rani,UTTAR PRADESH,N,N,N,,
,321022,Kaman,RAJASTHAN,N,N,N,,
,201318,Delhi NCR,DELHI,Y,Y,N,,
,192123,Awantipur,JAMMU AND KASHMIR,Y,Y,Y,,
,328037,MANIYA,RAJASTHAN,N,N,N,,
,222133,Jaunpur,UTTAR PRADESH,Y,Y,N,,
,181221,Nagrota,JAMMU AND KASHMIR,Y,Y,Y,,
,303109,Jamwaramgarh,RAJASTHAN,Y,Y,N,,
,144104,ADAMPUR,PUNJAB,Y,Y,Y,,
,176305,DALHOUSIE,HIMACHAL PRADESH,Y,Y,Y,,
,341001,Nagaur,RAJASTHAN,Y,Y,Y,,
,271124,Gonda,UTTAR PRADESH,Y,Y,N,,
,246194,Pauri Garhwal,UTTARAKHAND,Y,Y,N,,
,334803,Nokha,RAJASTHAN,Y,Y,N,,
,184145,Samba,JAMMU AND KASHMIR,N,N,N,,
,311804,RAIPUR BHILWARA,RAJASTHAN,N,N,N,,
,327603,Bagidora,RAJASTHAN,Y,Y,N,,
,224120,Rudauli,UTTAR PRADESH,N,N,N,,
,303323,Bandikui,RAJASTHAN,Y,Y,N,,
,230124,Patti UP,UTTAR PRADESH,N,N,N,,
,208006,Kanpur,UTTAR PRADESH,Y,Y,Y,,
,312033,Kapasan,RAJASTHAN,Y,Y,N,,
,212214,Allahabad,UTTAR PRADESH,Y,Y,N,,
,121101,Delhi NCR,DELHI,Y,Y,Y,,
,160102,Chandigarh,CHANDIGARH,Y,Y,Y,,
,144633,PHAGWARA,PUNJAB,N,N,N,,
,332730,Udaipurwati,RAJASTHAN,Y,Y,N,,
,141000,Ludhiana,PUNJAB,Y,Y,Y,,
,341527,Kuchaman City,RAJASTHAN,Y,Y,N,,
,246727,Kanth,UTTAR PRADESH,Y,Y,Y,,
,273012,Gorakhpur,UTTAR PRADESH,Y,Y,Y,,
,325203,Sultanpur,RAJASTHAN,Y,Y,Y,,
,141118,Dehlon,PUNJAB,Y,Y,N,,
,110065,New Delhi,DELHI,Y,Y,Y,,
,160017,MOHALI,CHANDIGARH,Y,Y,Y,,
,146022,Hoshiarpur,PUNJAB,Y,Y,Y,,
,110097,New Delhi,DELHI,Y,Y,Y,,
,231310,Mirzapur,UTTAR PRADESH,N,N,N,,
,190007,Srinagar,JAMMU AND KASHMIR,Y,Y,Y,,
,192210,Anantnag,JAMMU AND KASHMIR,Y,Y,Y,,
,131021,Sonipat,HARYANA,Y,Y,Y,,
,177039,Bangana,HIMACHAL PRADESH,Y,Y,N,,
,314025,SAGWARA,RAJASTHAN,Y,Y,Y,,
,176205,KOTRI,HIMACHAL PRADESH,N,N,N,,
,175027,Mandi,HIMACHAL PRADESH,Y,Y,Y,,
,322021,Sawaimadhopur,RAJASTHAN,Y,Y,Y,,
,110120,New Delhi,DELHI,Y,Y,Y,,
,326510,RAMGANJ MANDI,RAJASTHAN,Y,Y,N,,
,312615,Arnod,RAJASTHAN,Y,Y,N,,
,342301,Phalodi,RAJASTHAN,Y,Y,Y,,
,125007,Hissar,HARYANA,Y,Y,Y,,
,201002,Delhi NCR,DELHI,Y,Y,Y,,
,209601,Farrukhabad,UTTAR PRADESH,Y,Y,Y,,
,177038,Nadaun,HIMACHAL PRADESH,Y,Y,N,,
,247664,Roorkee,UTTARAKHAND,Y,Y,N,,
,176071,Baijnath,HIMACHAL PRADESH,Y,Y,N,,
,160025,MOHALI,CHANDIGARH,Y,Y,Y,,
,227518,Jhansi,UTTAR PRADESH,N,N,N,,
,302046,Jaipur,RAJASTHAN,Y,Y,Y,,
,148047,Sangrur,PUNJAB,Y,Y,Y,,
,148108,Bhatinda,PUNJAB,Y,Y,Y,,
,271801,Behraich,UTTAR PRADESH,Y,Y,Y,,
,303114,Viratnagar,RAJASTHAN,Y,Y,N,,
,110036,New Delhi,DELHI,Y,Y,Y,,
,122230,Gurugram,HARYANA,Y,Y,Y,,
,172029,KUMARSAIN,HIMACHAL PRADESH,Y,Y,N,,
,243002,Bareilly,UTTAR PRADESH,Y,Y,Y,,
,332045,Sikar,RAJASTHAN,Y,Y,N,,
,144517,Nawansahar,PUNJAB,Y,Y,N,,
,276208,Azamgarh,UTTAR PRADESH,N,N,N,,
,250004,Meerut,UTTAR PRADESH,Y,Y,Y,,
,124404,Kharkhoda,HARYANA,Y,Y,N,,
,144406,ADAMPUR,PUNJAB,Y,Y,N,,
,323606,Lakheri,RAJASTHAN,Y,Y,N,,
,274601,Barhaj UP,UTTAR PRADESH,Y,Y,N,,
,322252,Hindaun,RAJASTHAN,N,N,N,,
,231306,Chunar,UTTAR PRADESH,N,N,N,,
,110115,New Delhi,DELHI,Y,Y,Y,,
,221012,Mughal Sarai,UTTAR PRADESH,N,N,N,,
,332717,Neem Ka Thana,RAJASTHAN,Y,Y,N,,
,192212,Anantnag,JAMMU AND KASHMIR,Y,Y,Y,,
,333302,Udaipurwati,RAJASTHAN,Y,Y,N,,
,144109,MAHALPUR,PUNJAB,Y,Y,Y,,
,143302,Tarn Taran Sahib,PUNJAB,N,N,N,,
,326001,Jhalawar,RAJASTHAN,Y,Y,Y,,
,224231,Khajuri Chauraha,UTTAR PRADESH,Y,Y,N,,
,209608,Farrukhabad,UTTAR PRADESH,Y,Y,N,,
,248115,Dehradun,UTTARAKHAND,Y,Y,N,,
,176031,Jawala Ji,HIMACHAL PRADESH,Y,Y,N,,
,176095,Jasingpur,HIMACHAL PRADESH,Y,Y,Y,,
,322248,Karauli,RAJASTHAN,N,N,N,,
,160050,Chandigarh,CHANDIGARH,N,N,Y,,
,171204,Shimla,HIMACHAL PRADESH,Y,Y,N,,
,305625,Bijainagar,RAJASTHAN,Y,Y,N,,
,132108,Panipat,HARYANA,Y,Y,Y,,
,344001,BARMER,RAJASTHAN,Y,Y,Y,,
,245201,Hapur,UTTAR PRADESH,Y,Y,N,,
,321418,Bayana,RAJASTHAN,Y,Y,N,,
,110063,New Delhi,DELHI,Y,Y,Y,,
,171103,Arki,HIMACHAL PRADESH,Y,Y,Y,,
,311806,Gangapur Bhilwara,RAJASTHAN,Y,Y,N,,
,143527,Gurdaspur,PUNJAB,Y,Y,N,,
,327026,Banswara,RAJASTHAN,N,N,N,,
,141017,Ludhiana,PUNJAB,N,N,Y,,
,171214,Shimla,HIMACHAL PRADESH,N,N,N,,
,175104,PATLIKUHAL,HIMACHAL PRADESH,Y,Y,Y,,
,133003,AMBALA,HARYANA,Y,Y,N,,
,127027,Bhiwani,HARYANA,Y,Y,N,,
,246001,Pauri Garhwal,UTTARAKHAND,Y,Y,N,,
,110601,New Delhi,DELHI,Y,Y,Y,,
,144033,NoorMahal,PUNJAB,Y,Y,Y,,
,184144,Heera Nagar,JAMMU AND KASHMIR,Y,Y,Y,,
,262722,Lakhimpur Khiri,UTTAR PRADESH,N,N,N,,
,232340,Zamaniya,UTTAR PRADESH,Y,Y,N,,
,176325,DALHOUSIE,HIMACHAL PRADESH,Y,Y,N,,
,206130,Etawah,UTTAR PRADESH,Y,Y,N,,
,176066,Jawala Ji,HIMACHAL PRADESH,Y,Y,N,,
,331801,Shri Dungargarh,RAJASTHAN,N,N,N,,
,127045,Siwani,HARYANA,Y,Y,Y,,
,332023,Khoor,RAJASTHAN,Y,Y,N,,
,110029,New Delhi,DELHI,Y,Y,Y,,
,174027,Ghumarwin,HIMACHAL PRADESH,Y,Y,N,,
,125110,Sirsa,HARYANA,Y,Y,Y,,
,230403,Madhavganj,UTTAR PRADESH,Y,Y,Y,,
,145029,Pathankot,PUNJAB,Y,Y,Y,,
,144210,Hoshiarpur,PUNJAB,Y,Y,N,,
,313013,Udaipur,RAJASTHAN,Y,Y,Y,,
,277302,Maniar,UTTAR PRADESH,Y,Y,N,,
,302051,Jaipur,RAJASTHAN,Y,Y,N,,
,181008,Marh,JAMMU AND KASHMIR,Y,Y,N,,
,201204,Modinagar,UTTAR PRADESH,Y,Y,Y,,
,207243,Patiyali,UTTAR PRADESH,Y,Y,Y,,
,333801,Neem Ka Thana,RAJASTHAN,Y,Y,N,,
,314802,Dungarpur,RAJASTHAN,Y,Y,N,,
,125053,Fatehabad HR,HARYANA,Y,Y,Y,,
,263148,LALKUAN,UTTARAKHAND,Y,Y,Y,,
,173229,Solan,HIMACHAL PRADESH,Y,Y,Y,,
,110091,New Delhi,DELHI,Y,Y,N,,
,160079,MOHALI,CHANDIGARH,Y,Y,Y,,
,302001,Jaipur,RAJASTHAN,Y,Y,Y,,
,160093,MOHALI,CHANDIGARH,Y,Y,N,,
,208013,Kanpur,UTTAR PRADESH,Y,Y,Y,,
,134107,PANCHKULA,HARYANA,N,N,N,,
,262310,TANAKPUR,UTTARAKHAND,Y,Y,N,,
,302026,Bagru,RAJASTHAN,Y,Y,Y,,
,248011,Dehradun,UTTARAKHAND,Y,Y,Y,,
,302032,Jaipur,RAJASTHAN,Y,Y,Y,,
,322201,Gangapur,RAJASTHAN,Y,Y,Y,,
,122227,Delhi NCR,DELHI,Y,Y,Y,,
,192202,Anantnag,JAMMU AND KASHMIR,Y,Y,Y,,
,173030,Kala,HIMACHAL PRADESH,Y,Y,N,,
,134008,AMBALA,HARYANA,Y,Y,N,,
,282007,Agra,UTTAR PRADESH,Y,Y,Y,,
,185152,Nowshera,JAMMU AND KASHMIR,Y,Y,Y,,
,177025,Awah Devi,HIMACHAL PRADESH,Y,Y,N,,
,313333,Kumbhalgarh,RAJASTHAN,Y,Y,N,,
,284003,Jhansi,UTTAR PRADESH,Y,Y,Y,,
,243208,NAWABGANJ,UTTAR PRADESH,Y,Y,N,,
,152024,Rupana,PUNJAB,Y,Y,Y,,
,145003,Pathankot,PUNJAB,Y,Y,Y,,
,303807,Chomu,RAJASTHAN,Y,Y,N,,
,121003,Delhi NCR,DELHI,Y,Y,Y,,
,176101,PARAUR,HIMACHAL PRADESH,Y,Y,Y,,
,273010,Gorakhpur,UTTAR PRADESH,Y,Y,Y,,
,171004,Shimla,HIMACHAL PRADESH,Y,Y,Y,,
,228133,Sultanpur,UTTAR PRADESH,Y,Y,N,,
,143406,Tarn Taran Sahib,PUNJAB,Y,Y,N,,
,211003,KADGANJ,UTTAR PRADESH,Y,Y,Y,,
,151204,Faridkot,PUNJAB,Y,Y,N,,
,160011,MOHALI,CHANDIGARH,Y,Y,Y,,
,271003,Gonda,UTTAR PRADESH,Y,Y,Y,,
,123301,KOSLI,HARYANA,N,N,N,,
,110113,New Delhi,DELHI,Y,Y,Y,,
,176027,Nagrota Suriyan,HIMACHAL PRADESH,Y,Y,N,,
,229201,Lalganj,UTTAR PRADESH,Y,Y,N,,
,171007,Sanjauli,HIMACHAL PRADESH,N,N,Y,,
,110042,New Delhi,DELHI,Y,Y,Y,,
,144703,Nakodar,PUNJAB,Y,Y,Y,,
,226011,Lucknow,UTTAR PRADESH,Y,Y,Y,,
,144241,Talwara,PUNJAB,N,N,N,,
,305204,Pisagan,RAJASTHAN,Y,Y,N,,
,140114,Anandpur Sahib,PUNJAB,Y,Y,Y,,
,333048,Sikar,RAJASTHAN,Y,Y,N,,
,143501,AMRITSAR,PUNJAB,Y,Y,N,,
,174002,Naina Devi,HIMACHAL PRADESH,Y,Y,N,,
,332303,Jhunjhunu,RAJASTHAN,N,N,N,,
,160034,Chandigarh,CHANDIGARH,Y,Y,Y,,
,176102,PALAMPUR,HIMACHAL PRADESH,Y,Y,Y,,
,301401,Ajarka,RAJASTHAN,Y,Y,N,,
,147203,Mandigovindgarh,PUNJAB,Y,Y,Y,,
,241001,Hardoi,UTTAR PRADESH,Y,Y,Y,,
,147301,Mandigovindgarh,PUNJAB,Y,Y,Y,,
,181104,Miran Sahib,JAMMU AND KASHMIR,Y,Y,Y,,
,322235,Hindaun,RAJASTHAN,Y,Y,N,,
,275120,Ghosi,UTTAR PRADESH,Y,Y,Y,,
,284201,Jhansi,UTTAR PRADESH,N,N,N,,
,176089,Sandhole,HIMACHAL PRADESH,Y,Y,N,,
,276001,Azamgarh,UTTAR PRADESH,Y,Y,Y,,
,325202,Anta,RAJASTHAN,Y,Y,N,,
,249408,Haridwar,UTTARAKHAND,Y,Y,Y,,
,302005,Jaipur,RAJASTHAN,Y,Y,Y,,
,176107,SUJANPUR TIRA,HIMACHAL PRADESH,Y,Y,Y,,
,136135,SHAHABAD,HARYANA,Y,Y,Y,,
,261121,Sitapur,UTTAR PRADESH,Y,Y,N,,
,143603,AMRITSAR,PUNJAB,N,N,N,,
,331507,Sujangarh,RAJASTHAN,Y,Y,Y,,
,281121,Vrindawan,UTTAR PRADESH,N,N,N,,
,229208,Lalganj,UTTAR PRADESH,Y,Y,N,,
,176059,PARAUR,HIMACHAL PRADESH,Y,Y,Y,,
,325206,Mangrol,RAJASTHAN,Y,Y,N,,
,229001,Raebareli,UTTAR PRADESH,Y,Y,Y,,
,136033,Kaithal,HARYANA,Y,Y,Y,,
,331025,Malsisar,RAJASTHAN,Y,Y,Y,,
,303705,Bagru,RAJASTHAN,Y,Y,N,,
,141114,MACHIWARA,PUNJAB,Y,Y,N,,
,221111,VARANASI,UTTAR PRADESH,N,N,N,,
,144408,ADAMPUR,PUNJAB,Y,Y,N,,
,341011,Nagaur,RAJASTHAN,Y,Y,N,,
,247002,SAHARANPUR,UTTAR PRADESH,Y,Y,Y,,
,177101,Dehra,HIMACHAL PRADESH,Y,Y,Y,,
,262801,GOLA UP,UTTAR PRADESH,Y,Y,N,,
,230143,Pratapgarh,UTTAR PRADESH,Y,Y,N,,
,174402,Sunder Nagar,HIMACHAL PRADESH,Y,Y,Y,,
,225415,Barabanki,UTTAR PRADESH,Y,Y,N,,
,314032,Dungarpur,RAJASTHAN,Y,Y,N,,
,248102,Dehradun,UTTARAKHAND,Y,Y,N,,
,331402,Sardarshahar,RAJASTHAN,N,N,N,,
,144006,Jalandhar,PUNJAB,Y,Y,Y,,
,221301,Bhadohi,UTTAR PRADESH,Y,Y,N,,
,173213,Solan,HIMACHAL PRADESH,Y,Y,Y,,
,182221,Bhaderwah,JAMMU AND KASHMIR,Y,Y,Y,,
,272173,Khalilabad,UTTAR PRADESH,N,N,N,,
,148007,Sangrur,PUNJAB,Y,Y,Y,,
,284407,Lalitpur,UTTAR PRADESH,Y,Y,N,,
,110012,New Delhi,DELHI,Y,Y,Y,,
,305411,Nasirabad,RAJASTHAN,Y,Y,N,,
,241303,BILGRAM,UTTAR PRADESH,Y,Y,N,,
,202118,Aligarh,UTTAR PRADESH,Y,Y,Y,,
,146102,MAHALPUR,PUNJAB,Y,Y,Y,,
,144511,Nawansahar,PUNJAB,Y,Y,Y,,
,193125,Baramulla,JAMMU AND KASHMIR,N,N,N,,
,143606,AMRITSAR,PUNJAB,N,N,N,,
,312610,Nimbahera,RAJASTHAN,Y,Y,N,,
,110005,New Delhi,DELHI,Y,Y,Y,,
,144623,KAPURTHALA,PUNJAB,Y,Y,N,,
,221303,Gopiganj,UTTAR PRADESH,Y,Y,Y,,
,243642,Kaimganj,UTTAR PRADESH,N,N,N,,
,152002,Ferozepur,PUNJAB,Y,Y,Y,,
,110026,New Delhi,DELHI,Y,Y,Y,,
,321210,Bharatpur,RAJASTHAN,Y,Y,N,,
,274149,Kaptanganj,UTTAR PRADESH,Y,Y,N,,
,312607,Nimbahera,RAJASTHAN,Y,Y,N,,
,303116,Viratnagar,RAJASTHAN,Y,Y,N,,
,210507,HAMIRPUR,UTTAR PRADESH,N,N,N,,
,321408,HALENA,RAJASTHAN,Y,Y,N,,
,246440,Chamoli,UTTARAKHAND,Y,Y,N,,
,229206,Lalganj,UTTAR PRADESH,Y,Y,N,,
,302023,Jaipur,RAJASTHAN,Y,Y,Y,,
,335902,Sriganganagar,RAJASTHAN,Y,Y,Y,,
,307031,PINDWARA,RAJASTHAN,Y,Y,N,,
,134109,PANCHKULA,HARYANA,Y,Y,Y,,
,281304,Mathura,UTTAR PRADESH,N,N,Y,,
,174021,Ghumarwin,HIMACHAL PRADESH,Y,Y,Y,,
,250106,Meerut,UTTAR PRADESH,Y,Y,Y,,
,110504,New Delhi,DELHI,Y,Y,Y,,
,226001,Lucknow,UTTAR PRADESH,Y,Y,Y,,
,177212,GONDPUR,HIMACHAL PRADESH,Y,Y,N,,
,314030,Simal Wara,RAJASTHAN,Y,Y,N,,
,160001,Chandigarh,CHANDIGARH,Y,Y,Y,,
,325201,Sultanpur,RAJASTHAN,Y,Y,N,,
,160033,Chandigarh,CHANDIGARH,Y,Y,Y,,
,321632,Rajgarh RJ,RAJASTHAN,N,N,N,,
,277401,Sahtawar,UTTAR PRADESH,Y,Y,N,,
,208019,Kanpur,UTTAR PRADESH,Y,Y,Y,,
,221602,Belthara Road,UTTAR PRADESH,Y,Y,N,,
,312620,Nimbahera,RAJASTHAN,Y,Y,N,,
,143419,Tarn Taran Sahib,PUNJAB,N,N,N,,
,180007,Jammu,JAMMU AND KASHMIR,Y,Y,Y,,
,230136,Lalganj Ajhara,UTTAR PRADESH,Y,Y,N,,
,144804,Dhilwan,PUNJAB,N,N,N,,
,301607,Bharatpur,RAJASTHAN,Y,Y,N,,
,301023,Alwar,RAJASTHAN,Y,Y,N,,
,190017,HMT,JAMMU AND KASHMIR,Y,Y,N,,
,332025,Khoor,RAJASTHAN,Y,Y,Y,,
,272175,Khalilabad,UTTAR PRADESH,N,N,N,,
,227806,Sultanpur,UTTAR PRADESH,Y,Y,Y,,
,302053,Jaipur,RAJASTHAN,Y,Y,N,,
,140405,Ren,PUNJAB,Y,Y,N,,
,148040,Sangrur,PUNJAB,Y,Y,Y,,
,110015,New Delhi,DELHI,Y,Y,Y,,
,230127,Madhavganj,UTTAR PRADESH,Y,Y,Y,,
,313027,Salumber,RAJASTHAN,N,N,N,,
,246701,Bijnor,UTTAR PRADESH,Y,Y,Y,,
,144042,NoorMahal,PUNJAB,Y,Y,Y,,
,133201,Dosarka,HARYANA,Y,Y,Y,,
,110018,New Delhi,DELHI,Y,Y,Y,,
,250005,Meerut,UTTAR PRADESH,Y,Y,Y,,
,210506,Hamirpur UP,UTTAR PRADESH,N,N,N,,
,141013,Ludhiana,PUNJAB,Y,Y,Y,,
,144409,PHAGWARA,PUNJAB,Y,Y,Y,,
,211009,Naini,UTTAR PRADESH,Y,Y,Y,,
,184203,Basoli JK,JAMMU AND KASHMIR,Y,Y,Y,,
,124108,Jhajjar,HARYANA,N,N,Y,,
,311029,Bijainagar,RAJASTHAN,Y,Y,N,,
,141420,MACHIWARA,PUNJAB,Y,Y,N,,
,327034,Arthuna,RAJASTHAN,Y,Y,N,,
,122010,Delhi NCR,DELHI,Y,Y,Y,,
,230401,Madhavganj,UTTAR PRADESH,Y,Y,Y,,
,301001,Alwar,RAJASTHAN,Y,Y,Y,,
,301018,Tapukara,RAJASTHAN,Y,Y,Y,,
,276305,Saraimeer,UTTAR PRADESH,Y,Y,N,,
,321423,Bayana,RAJASTHAN,Y,Y,N,,
,151210,MALOUT,PUNJAB,Y,Y,Y,,
,208025,Kanpur,UTTAR PRADESH,Y,Y,Y,,
,148104,Barnala,PUNJAB,Y,Y,Y,,
,332403,Sikar,RAJASTHAN,Y,Y,N,,
,209625,Farrukhabad,UTTAR PRADESH,Y,Y,Y,,
,144049,Nakodar,PUNJAB,Y,Y,Y,,
,323803,KAPREN,RAJASTHAN,Y,Y,N,,
,125033,Hansi,HARYANA,Y,Y,Y,,
,249411,Haridwar,UTTARAKHAND,Y,Y,Y,,
,303115,Kotputli,RAJASTHAN,Y,Y,N,,
,301414,Rajgarh RJ,RAJASTHAN,N,N,N,,
,176302,Chowari,HIMACHAL PRADESH,Y,Y,Y,,
,332716,Neem Ka Thana,RAJASTHAN,Y,Y,N,,
,176094,Daroh,HIMACHAL PRADESH,N,N,N,,
,181111,Miran Sahib,JAMMU AND KASHMIR,Y,Y,Y,,
,342006,Jodhpur,RAJASTHAN,Y,Y,Y,,
,305824,Kishangarh,RAJASTHAN,Y,Y,N,,
,212641,Allahabad,UTTAR PRADESH,N,N,N,,
,177104,Dehra,HIMACHAL PRADESH,Y,Y,Y,,
,147003,Patiala,PUNJAB,Y,Y,Y,,
,143521,Gurdaspur,PUNJAB,Y,Y,Y,,
,192124,Awantipur,JAMMU AND KASHMIR,Y,Y,Y,,
,176045,Jahu,HIMACHAL PRADESH,Y,Y,Y,,
,174005,Bilaspur HP,HIMACHAL PRADESH,Y,Y,Y,,
,177028,Sandhole,HIMACHAL PRADESH,N,N,N,,
,321427,Bayana,RAJASTHAN,Y,Y,N,,
,333031,Pilani,RAJASTHAN,Y,Y,Y,,
,177219,GONDPUR,HIMACHAL PRADESH,Y,Y,N,,
,160104,MOHALI,CHANDIGARH,Y,Y,Y,,
,229130,Raebareli,UTTAR PRADESH,Y,Y,Y,,
,334403,Bikaner,RAJASTHAN,Y,Y,Y,,
,334005,Bikaner,RAJASTHAN,Y,Y,Y,,
,332036,Sikar,RAJASTHAN,Y,Y,N,,
,174310,Naina Devi,HIMACHAL PRADESH,Y,Y,N,,
,274001,Deoria,UTTAR PRADESH,Y,Y,Y,,
,143407,Tarn Taran Sahib,PUNJAB,Y,Y,N,,
,211014,Allahabad,UTTAR PRADESH,Y,Y,Y,,
,250403,Meerut,UTTAR PRADESH,Y,Y,Y,,
,226013,Lucknow,UTTAR PRADESH,Y,Y,Y,,
,148025,Barnala,PUNJAB,Y,Y,N,,
,144201,Bhogpur,PUNJAB,Y,Y,N,,
,148049,Sangrur,PUNJAB,Y,Y,Y,,
,221402,Bhadohi,UTTAR PRADESH,Y,Y,N,,
,175103,MANALI,HIMACHAL PRADESH,Y,Y,N,,
,121004,Delhi NCR,DELHI,Y,Y,Y,,
,332710,Dantaramgarh,RAJASTHAN,Y,Y,Y,,
,176062,PALAMPUR,HIMACHAL PRADESH,Y,Y,Y,,
,144052,Nakodar,PUNJAB,Y,Y,Y,,
,321402,Bayana,RAJASTHAN,Y,Y,N,,
,143401,Tarn Taran Sahib,PUNJAB,Y,Y,Y,,
,181101,Miran Sahib,JAMMU AND KASHMIR,Y,Y,Y,,
,110606,New Delhi,DELHI,Y,Y,Y,,
,144208,Hoshiarpur,PUNJAB,Y,Y,Y,,
,302007,Jaipur,RAJASTHAN,Y,Y,Y,,
,221304,Bhadohi,UTTAR PRADESH,Y,Y,Y,,
,182202,Doda,JAMMU AND KASHMIR,Y,Y,Y,,
,180002,Jammu,JAMMU AND KASHMIR,Y,Y,Y,,
,208021,Kanpur,UTTAR PRADESH,Y,Y,Y,,
,144622,Dhilwan,PUNJAB,Y,Y,Y,,
,126101,Julana,HARYANA,Y,Y,Y,,
,273003,Gorakhpur,UTTAR PRADESH,Y,Y,Y,,
,251002,Muzaffarnagar,UTTAR PRADESH,Y,Y,Y,,
,247663,Laksar,UTTARAKHAND,Y,Y,Y,,
,122234,Delhi NCR,DELHI,Y,Y,Y,,
,127032,Bawani Khera,HARYANA,N,N,N,,
,140502,MOHALI,CHANDIGARH,Y,Y,Y,,
,243206,NAWABGANJ,UTTAR PRADESH,Y,Y,N,,
,231222,Shakti Nagar,UTTAR PRADESH,Y,Y,N,,
,332728,Udaipurwati,RAJASTHAN,Y,Y,N,,
,321420,Bayana,RAJASTHAN,Y,Y,N,,
,222105,Jaunpur,UTTAR PRADESH,Y,Y,N,,
,246147,Pauri Garhwal,UTTARAKHAND,N,N,N,,
,249401,Haridwar,UTTARAKHAND,N,N,N,,
,327021,Banswara,RAJASTHAN,Y,Y,N,,
,226103,Malihabad,UTTAR PRADESH,Y,Y,N,,
,131303,Gohana,HARYANA,N,N,N,,
,320009,Dungarpur,RAJASTHAN,Y,Y,N,,
,246429,Karnaprayag,UTTAR PRADESH,N,N,N,,
,303502,Geejgarh,RAJASTHAN,Y,Y,N,,
,172101,JEORI,HIMACHAL PRADESH,Y,Y,Y,,
,171009,Shimla,HIMACHAL PRADESH,Y,Y,Y,,
,334002,Bikaner,RAJASTHAN,Y,Y,Y,,
,302036,Jaipur,RAJASTHAN,Y,Y,N,,
,303103,Sahpura,RAJASTHAN,Y,Y,Y,,
,302004,Jaipur,RAJASTHAN,Y,Y,Y,,
,342004,Jodhpur,RAJASTHAN,Y,Y,Y,,
,221102,VARANASI,UTTAR PRADESH,N,N,N,,
,177107,Dehra,HIMACHAL PRADESH,Y,Y,Y,,
,205247,Mainpuri,UTTAR PRADESH,Y,Y,Y,,
,263621,Chaukhutiya,UTTARAKHAND,Y,Y,N,,
,321430,Bayana,RAJASTHAN,Y,Y,N,,
,210009,Allahabad,UTTAR PRADESH,Y,Y,N,,
,143507,Batala,PUNJAB,Y,Y,Y,,
,203393,Debai,UTTAR PRADESH,Y,Y,N,,
,231311,Chunar,UTTAR PRADESH,Y,Y,N,,
,125005,Hissar,HARYANA,Y,Y,Y,,
,301421,BHIWADI,RAJASTHAN,N,N,N,,
,144524,Garhshankar,PUNJAB,Y,Y,N,,
,141011,Ludhiana,PUNJAB,N,N,N,,
,110125,New Delhi,DELHI,Y,Y,Y,,
,177114,Ranital,HIMACHAL PRADESH,Y,Y,Y,,
,302017,Jaipur,RAJASTHAN,Y,Y,Y,,
,262904,Khiri,UTTAR PRADESH,Y,Y,N,,
,110079,Delhi NCR,DELHI,Y,Y,Y,,
,321617,Nimbahera,RAJASTHAN,Y,Y,N,,
,190020,Srinagar,JAMMU AND KASHMIR,Y,Y,Y,,
,160067,MOHALI,CHANDIGARH,Y,Y,Y,,
,143422,Tarn Taran Sahib,PUNJAB,Y,Y,N,,
,110106,New Delhi,DELHI,Y,Y,Y,,
,245102,Hapur,UTTAR PRADESH,Y,Y,N,,
,131101,Gannaur,HARYANA,Y,Y,N,,
,246733,Haldaur,UTTAR PRADESH,Y,Y,Y,,
,284419,Jhansi,UTTAR PRADESH,Y,Y,N,,
,176318,CHAMBA,HIMACHAL PRADESH,Y,Y,N,,
,275203,Ghazipur,UTTAR PRADESH,N,N,N,,
,110603,New Delhi,DELHI,Y,Y,Y,,
,193124,Baramulla,JAMMU AND KASHMIR,N,N,N,,
,343041,Sanchor,RAJASTHAN,Y,Y,N,,
,273411,Gorakhpur,UTTAR PRADESH,Y,Y,N,,
,335801,Pilibanga,RAJASTHAN,Y,Y,Y,,
,250002,Meerut,UTTAR PRADESH,N,N,N,,
,221010,VARANASI,UTTAR PRADESH,Y,Y,Y,,
,176097,Jasingpur,HIMACHAL PRADESH,Y,Y,N,,
,306702,Desuri,RAJASTHAN,Y,Y,N,,
,201306,Delhi NCR,DELHI,Y,Y,Y,,
,140112,Roopnagar,PUNJAB,Y,Y,N,,
,222204,Jaunpur,UTTAR PRADESH,Y,Y,N,,
,246737,DHAMPUR,UTTAR PRADESH,N,N,N,,
,136034,Chika HR,HARYANA,Y,Y,N,,
,177043,Jawala Ji,HIMACHAL PRADESH,Y,Y,N,,
,132110,Panipat,HARYANA,Y,Y,Y,,
,190001,LAL CHOWK,JAMMU AND KASHMIR,Y,Y,N,,
,224137,JahangirGanj,UTTAR PRADESH,Y,Y,N,,
,144505,Garhshankar,PUNJAB,Y,Y,Y,,
,177020,HAMIRPUR,HIMACHAL PRADESH,Y,Y,Y,,
,203389,Debai,UTTAR PRADESH,Y,Y,Y,,
,148107,Barnala,PUNJAB,Y,Y,Y,,
,144504,PHAGWARA,PUNJAB,Y,Y,Y,,
,133004,AMBALA,HARYANA,Y,Y,Y,,
,344015,BARMER,RAJASTHAN,Y,Y,N,,
,354458,Amreli,GUJARAT,Y,Y,N,,
,148111,Sangrur,PUNJAB,Y,Y,Y,,
,177501,Bhota,HIMACHAL PRADESH,Y,Y,Y,,
,143066,AMRITSAR,PUNJAB,Y,Y,Y,,
,314026,SAGWARA,RAJASTHAN,Y,Y,N,,
,244241,Gajrola,UTTAR PRADESH,N,N,N,,
,325009,Mangrol,RAJASTHAN,Y,Y,N,,
,242001,Shahijahanpur,UTTAR PRADESH,Y,Y,Y,,
,124501,Sampla,HARYANA,N,N,N,,
,212502,Allahabad,UTTAR PRADESH,Y,Y,Y,,
,110035,New Delhi,DELHI,Y,Y,Y,,
,110057,New Delhi,DELHI,Y,Y,Y,,
,143103,AMRITSAR,PUNJAB,N,N,N,,
,226025,Lucknow,UTTAR PRADESH,Y,Y,Y,,
,262412,NAWABGANJ,UTTAR PRADESH,Y,Y,N,,
,342015,Jodhpur,RAJASTHAN,Y,Y,Y,,
,143417,Tarn Taran Sahib,PUNJAB,N,N,N,,
,224854,Palia UP,UTTAR PRADESH,N,N,N,,
,281002,Mathura,UTTAR PRADESH,Y,Y,N,,
,145024,Pathankot,PUNJAB,Y,Y,Y,,
,140407,Ren,PUNJAB,Y,Y,Y,,
,180018,Jammu,JAMMU AND KASHMIR,Y,Y,Y,,
,177024,Jahu,HIMACHAL PRADESH,Y,Y,Y,,
,248125,HARBERTPUR,UTTARAKHAND,Y,Y,N,,
,160097,MOHALI,CHANDIGARH,Y,Y,N,,
,314022,Dungarpur,RAJASTHAN,Y,Y,N,,
,110002,New Delhi,DELHI,Y,Y,Y,,
,144506,Garhshankar,PUNJAB,Y,Y,Y,,
,173001,Sirmaur,HIMACHAL PRADESH,Y,Y,Y,,
,209808,Unnao,UTTAR PRADESH,Y,Y,N,,
,110511,New Delhi,DELHI,Y,Y,Y,,
,202146,Hathras,UTTAR PRADESH,N,N,N,,
,332409,Sikar,RAJASTHAN,Y,Y,N,,
,181223,Udhampur,JAMMU AND KASHMIR,Y,Y,Y,,
,210427,Mahoba,UTTAR PRADESH,Y,Y,N,,
,244712,Jaspur UK,UTTARAKHAND,Y,Y,Y,,
,285125,ORAI,UTTAR PRADESH,N,N,N,,
,305601,Nasirabad,RAJASTHAN,Y,Y,Y,,
,999011,Rewari,HARYANA,Y,Y,Y,,
,175001,Mandi,HIMACHAL PRADESH,Y,Y,N,,
,144415,Nawansahar,PUNJAB,Y,Y,Y,,
,224235,Akbarpur,UTTAR PRADESH,Y,Y,N,,
,229010,Raebareli,UTTAR PRADESH,Y,Y,Y,,
,333313,Udaipurwati,RAJASTHAN,Y,Y,N,,
,331034,Churu,RAJASTHAN,Y,Y,N,,
,261403,Naimisharanya,UTTAR PRADESH,N,N,N,,
,212207,Allahabad,UTTAR PRADESH,Y,Y,Y,,
,305801,Kishangarh,RAJASTHAN,Y,Y,Y,,
,174034,Ghumarwin,HIMACHAL PRADESH,N,N,N,,
,209841,Mohan UP,UTTAR PRADESH,N,N,N,,
,248197,Dehradun,UTTARAKHAND,Y,Y,Y,,
,244224,Kanth,UTTAR PRADESH,N,N,N,,
,144225,Talwara,PUNJAB,N,N,N,,
,327601,Bagidora,RAJASTHAN,Y,Y,N,,
,201001,Delhi NCR,DELHI,Y,Y,Y,,
,344019,Balotra,RAJASTHAN,Y,Y,N,,
,110301,New Delhi,DELHI,Y,Y,Y,,
,222302,Sultanpur,UTTAR PRADESH,Y,Y,N,,
,123028,Narnaul,HARYANA,N,N,N,,
,193108,Baramulla,JAMMU AND KASHMIR,N,N,N,,
,284302,Poonch UP,UTTAR PRADESH,Y,Y,N,,
,332404,Ringus,RAJASTHAN,Y,Y,N,,
,345002,Jaisalmer,RAJASTHAN,Y,Y,N,,
,335803,Pilibanga,RAJASTHAN,Y,Y,Y,,
,306705,Desuri,RAJASTHAN,Y,Y,N,,
,141107,SUDHAR,PUNJAB,Y,Y,Y,,
,176039,Shah Talai,HIMACHAL PRADESH,Y,Y,N,,
,177203,Amb,HIMACHAL PRADESH,Y,Y,N,,
,125121,Barwala,HARYANA,Y,Y,Y,,
,132036,NISSING,HARYANA,Y,Y,N,,
,181123,Jammu,JAMMU AND KASHMIR,Y,Y,Y,,
,181206,Marh,JAMMU AND KASHMIR,Y,Y,Y,,
,191102,Srinagar,JAMMU AND KASHMIR,Y,Y,N,,
,176081,PALAMPUR,HIMACHAL PRADESH,Y,Y,N,,
,244235,Gajrola,UTTAR PRADESH,Y,Y,Y,,
,212503,Lalgopalganj,UTTAR PRADESH,Y,Y,N,,
,229211,Lalganj,UTTAR PRADESH,Y,Y,N,,
,173235,Arki,HIMACHAL PRADESH,Y,Y,Y,,
,332737,Udaipurwati,RAJASTHAN,Y,Y,N,,
,110061,New Delhi,DELHI,Y,Y,Y,,
,314021,Aspur,RAJASTHAN,Y,Y,N,,
,262202,Pilibhit,UTTAR PRADESH,Y,Y,N,,
,110101,New Delhi,DELHI,Y,Y,Y,,
,175042,Sarkaghat,HIMACHAL PRADESH,Y,Y,N,,
,302050,Jaipur,RAJASTHAN,Y,Y,Y,,
,242226,Shahijahanpur,UTTAR PRADESH,Y,Y,Y,,
,344704,Dhorimanna,RAJASTHAN,N,N,N,,
,141004,Ludhiana,PUNJAB,Y,Y,Y,,
,203131,Khurja,UTTAR PRADESH,Y,Y,Y,,
,122214,Gurugram,HARYANA,Y,Y,Y,,
,243215,NAWABGANJ,UTTAR PRADESH,Y,Y,N,,
,175052,Mandi,HIMACHAL PRADESH,Y,Y,Y,,
,321001,Bharatpur,RAJASTHAN,Y,Y,Y,,
,341545,Merta,RAJASTHAN,N,N,N,,
,125039,Narnaund,HARYANA,Y,Y,Y,,
,124109,KOSLI,HARYANA,N,N,N,,
,171012,Sanjauli,HIMACHAL PRADESH,Y,Y,N,,
,331032,Churu,RAJASTHAN,Y,Y,N,,
,275301,Ghosi,UTTAR PRADESH,Y,Y,Y,,
,313023,Dabok,RAJASTHAN,Y,Y,N,,
,110110,New Delhi,DELHI,N,N,Y,,
,301403,Ajarka,RAJASTHAN,Y,Y,Y,,
,176056,Nagrota Bagwan,HIMACHAL PRADESH,Y,Y,Y,,
,333301,Udaipurwati,RAJASTHAN,Y,Y,Y,,
,326502,RAMGANJ MANDI,RAJASTHAN,Y,Y,Y,,
,263002,Nainital,UTTARAKHAND,Y,Y,Y,,
,244227,Kanth,UTTAR PRADESH,N,N,N,,
,160013,Chandigarh,CHANDIGARH,Y,Y,Y,,
,174507,Haroli,HIMACHAL PRADESH,Y,Y,N,,
,332001,Sikar,RAJASTHAN,Y,Y,Y,,
,122014,Delhi NCR,DELHI,Y,Y,Y,,
,273017,Gorakhpur,UTTAR PRADESH,Y,Y,Y,,
,175034,Kuthera,HIMACHAL PRADESH,Y,Y,N,,
,224141,Ayodhya,UTTAR PRADESH,Y,Y,Y,,
,201304,Delhi NCR,DELHI,Y,Y,Y,,
,176001,GAGAL,HIMACHAL PRADESH,Y,Y,Y,,
,211012,Allahabad,UTTAR PRADESH,Y,Y,Y,,
,141001,Ludhiana,PUNJAB,Y,Y,Y,,
,148020,Malerkotla,PUNJAB,Y,Y,Y,,
,181133,Jammu,JAMMU AND KASHMIR,Y,Y,Y,,
,325215,Mangrol,RAJASTHAN,Y,Y,N,,
,302039,Jaipur,RAJASTHAN,Y,Y,Y,,
,151001,Bhatinda,PUNJAB,Y,Y,Y,,
,332740,Udaipurwati,RAJASTHAN,Y,Y,N,,
,333201,Jhunjhunu,RAJASTHAN,Y,Y,Y,,
,110086,New Delhi,DELHI,Y,Y,Y,,
,246749,NAJIBABAD,UTTAR PRADESH,Y,Y,N,,
,321029,Bayana,RAJASTHAN,Y,Y,N,,
,283103,Firozabad,UTTAR PRADESH,Y,Y,Y,,
,302043,Chakshu,RAJASTHAN,N,N,Y,,
,283119,Kheragarh RJ,RAJASTHAN,Y,Y,N,,
,313608,Udaipur,RAJASTHAN,Y,Y,N,,
,244412,Chandausi,UTTAR PRADESH,Y,Y,N,,
,303012,Kanota,RAJASTHAN,Y,Y,Y,,
,231307,Mirzapur,UTTAR PRADESH,Y,Y,N,,
,140113,Roopnagar,PUNJAB,Y,Y,N,,
,224172,Ayodhya,UTTAR PRADESH,Y,Y,N,,
,177105,UNA,HIMACHAL PRADESH,Y,Y,N,,
,182141,Chenani,JAMMU AND KASHMIR,Y,Y,Y,,
,208003,Kanpur,UTTAR PRADESH,Y,Y,Y,,
,321626,Kaman,RAJASTHAN,N,N,N,,
,227105,Lucknow,UTTAR PRADESH,N,N,Y,,
,133204,Sadhaura,HARYANA,Y,Y,N,,
,143413,Tarn Taran Sahib,PUNJAB,Y,Y,N,,
,341525,Kuchaman City,RAJASTHAN,Y,Y,N,,
,247672,SAHARANPUR,UTTAR PRADESH,Y,Y,Y,,
,141318,Jalandhar,PUNJAB,Y,Y,Y,,
,244304,Shambhal,UTTAR PRADESH,Y,Y,Y,,
,345001,Jaisalmer,RAJASTHAN,Y,Y,N,,
,124006,Rohtak,HARYANA,Y,Y,Y,,
,148103,Barnala,PUNJAB,Y,Y,Y,,
,302010,Jaipur,RAJASTHAN,Y,Y,Y,,
,323614,Lakheri,RAJASTHAN,Y,Y,N,,
,110089,New Delhi,DELHI,Y,Y,Y,,
,301036,Tijara,RAJASTHAN,N,N,N,,
,229405,Raebareli,UTTAR PRADESH,Y,Y,Y,,
,209724,Farrukhabad,UTTAR PRADESH,Y,Y,N,,
,212213,Bharwari,UTTAR PRADESH,Y,Y,N,,
,142031,SUDHAR,PUNJAB,Y,Y,N,,
,171219,Kundaghat,HIMACHAL PRADESH,Y,Y,N,,
,122211,Gurugram,HARYANA,Y,Y,Y,,
,184121,Samba,JAMMU AND KASHMIR,Y,Y,N,,
,144501,PHAGWARA,PUNJAB,Y,Y,Y,,
,141104,SUDHAR,PUNJAB,Y,Y,N,,
,176202,Jassur,HIMACHAL PRADESH,Y,Y,Y,,
,303504,Lalsot,RAJASTHAN,Y,Y,Y,,
,134001,AMBALA,HARYANA,Y,Y,N,,
,302047,Jaipur,RAJASTHAN,Y,Y,Y,,
,307501,Mount Abu,RAJASTHAN,Y,Y,N,,
,175006,Mandi,HIMACHAL PRADESH,Y,Y,N,,
,226003,Lucknow,UTTAR PRADESH,Y,Y,Y,,
,211019,Allahabad,UTTAR PRADESH,N,N,Y,,
,221713,Ballia,UTTAR PRADESH,N,N,N,,
,332739,Udaipurwati,RAJASTHAN,Y,Y,N,,
,144503,PHAGWARA,PUNJAB,Y,Y,Y,,
,181143,Vijaypur,JAMMU AND KASHMIR,Y,Y,Y,,
,277514,Ballia,UTTAR PRADESH,Y,Y,N,,
,131301,Gohana,HARYANA,Y,Y,Y,,
,176120,Joginder Nagar,HIMACHAL PRADESH,Y,Y,N,,
,324010,Kota,RAJASTHAN,Y,Y,Y,,
,134104,PANCHKULA,HARYANA,N,N,Y,,
,142037,MOGA,PUNJAB,Y,Y,Y,,
,311201,Deoli,RAJASTHAN,Y,Y,N,,
,177001,HAMIRPUR,HIMACHAL PRADESH,Y,Y,Y,,
,174929,Ghumarwin,HIMACHAL PRADESH,Y,Y,N,,
,335805,Suratgarh,RAJASTHAN,Y,Y,Y,,
,110098,New Delhi,DELHI,Y,Y,Y,,
,301022,Viratnagar,RAJASTHAN,Y,Y,Y,,
,142013,Ludhiana,PUNJAB,Y,Y,Y,,
,305623,MASUDA,RAJASTHAN,N,N,N,,
,303007,Bagru,RAJASTHAN,Y,Y,Y,,
,301406,MALAKHERA,RAJASTHAN,N,N,N,,
,321034,Bayana,RAJASTHAN,Y,Y,N,,
,248012,Dehradun,UTTARAKHAND,Y,Y,N,,
,212653,Fatehpur,UTTAR PRADESH,N,N,N,,
,341524,Kishangarh,RAJASTHAN,Y,Y,N,,
,110069,New Delhi,DELHI,Y,Y,Y,,
,122213,Gurugram,HARYANA,Y,Y,Y,,
,313034,Udaipur,RAJASTHAN,Y,Y,N,,
,306504,PINDWARA,RAJASTHAN,Y,Y,N,,
,271881,Behraich,UTTAR PRADESH,Y,Y,N,,
,306108,BEAWAR,RAJASTHAN,Y,Y,N,,
,226006,Lucknow,UTTAR PRADESH,Y,Y,Y,,
,247323,SAHARANPUR,UTTAR PRADESH,Y,Y,Y,,
,272155,Harraiya,UTTAR PRADESH,N,N,N,,
,140116,Anandpur Sahib,PUNJAB,Y,Y,N,,
,134009,PANCHKULA,HARYANA,Y,Y,N,,
,285001,ORAI,UTTAR PRADESH,Y,Y,Y,,
,144519,MAHALPUR,PUNJAB,Y,Y,N,,
,303118,Viratnagar,RAJASTHAN,N,N,N,,
,262411,NAWABGANJ,UTTAR PRADESH,Y,Y,N,,
,301701,Neemrana,RAJASTHAN,Y,Y,N,,
,147006,Patiala,PUNJAB,Y,Y,Y,,
,122225,Delhi NCR,DELHI,Y,Y,Y,,
,313205,Fatehnagar,RAJASTHAN,Y,Y,Y,,
,176061,PALAMPUR,HIMACHAL PRADESH,Y,Y,Y,,
,175008,Mandi,HIMACHAL PRADESH,Y,Y,N,,
,140120,Anandpur Sahib,PUNJAB,Y,Y,N,,
,141021,Ludhiana,PUNJAB,Y,Y,N,,
,301705,Shahjhapur RJ,RAJASTHAN,Y,Y,Y,,
,132119,KURUKSHETRA,HARYANA,Y,Y,N,,
,190003,Srinagar,JAMMU AND KASHMIR,Y,Y,N,,
,313002,Udaipur,RAJASTHAN,Y,Y,Y,,
,248008,Doiwala,UTTARAKHAND,Y,Y,Y,,
,192129,Anantnag,JAMMU AND KASHMIR,Y,Y,N,,
,326519,RAMGANJ MANDI,RAJASTHAN,Y,Y,Y,,
,110099,New Delhi,DELHI,Y,Y,Y,,
,193211,Sopore,JAMMU AND KASHMIR,Y,Y,N,,
,160019,Chandigarh,CHANDIGARH,Y,Y,Y,,
,328029,MANIYA,RAJASTHAN,N,N,N,,
,141102,Ludhiana,PUNJAB,N,N,N,,
,160068,MOHALI,CHANDIGARH,Y,Y,Y,,
,144043,NoorMahal,PUNJAB,Y,Y,N,,
,323305,Rawatbhata,RAJASTHAN,Y,Y,Y,,
,228115,Sultanpur,UTTAR PRADESH,Y,Y,N,,
,232336,Zamaniya,UTTAR PRADESH,Y,Y,Y,,
,174004,Ghumarwin,HIMACHAL PRADESH,Y,Y,Y,,
,144515,Nawansahar,PUNJAB,Y,Y,Y,,
,207001,Etah,UTTAR PRADESH,Y,Y,N,,
,151106,Bhatinda,PUNJAB,Y,Y,Y,,
,144014,Jalandhar,PUNJAB,Y,Y,N,,
,332603,Ringus,RAJASTHAN,Y,Y,N,,
,342023,Balesar,RAJASTHAN,N,N,N,,
,273303,Maharajganj,UTTAR PRADESH,N,N,N,,
,127307,Charkhi Dadri,HARYANA,Y,Y,Y,,
,122012,Gurugram,HARYANA,Y,Y,Y,,
,332033,Sikar,RAJASTHAN,Y,Y,N,,
,341501,PARBATSAR,RAJASTHAN,Y,Y,N,,
,144423,Nawansahar,PUNJAB,Y,Y,N,,
,148005,Sangrur,PUNJAB,Y,Y,Y,,
,333307,Udaipurwati,RAJASTHAN,Y,Y,N,,
,302011,Jaipur,RAJASTHAN,Y,Y,Y,,
,999014,PUNE,MAHARASHTRA,Y,Y,Y,,
,141002,Ludhiana,PUNJAB,Y,Y,Y,,
,248145,Doiwala,UTTARAKHAND,N,N,N,,
,246130,Pauri Garhwal,UTTARAKHAND,N,N,N,,
,202396,Shikaarpur UP,UTTAR PRADESH,N,N,N,,
,136026,Pundri,HARYANA,Y,Y,Y,,
,333305,GUDHA GORJI,RAJASTHAN,Y,Y,N,,
,222003,Jaunpur,UTTAR PRADESH,Y,Y,N,,
,148023,Malerkotla,PUNJAB,Y,Y,Y,,
,176083,PALAMPUR,HIMACHAL PRADESH,Y,Y,Y,,
,221007,VARANASI,UTTAR PRADESH,Y,Y,N,,
,334202,Napasar,RAJASTHAN,N,N,N,,
,110102,New Delhi,DELHI,Y,Y,Y,,
,224149,Jalalpur,UTTAR PRADESH,Y,Y,Y,,
,335074,Raisinghnagar,RAJASTHAN,Y,Y,N,,
,251306,Muzaffarnagar,UTTAR PRADESH,Y,Y,Y,,
,177111,UNA,HIMACHAL PRADESH,Y,Y,N,,
,203394,ANUPSHAHAR,UTTAR PRADESH,Y,Y,Y,,
,325008,Lakheri,RAJASTHAN,Y,Y,N,,
,302015,Jaipur,RAJASTHAN,Y,Y,Y,,
,181102,Miran Sahib,JAMMU AND KASHMIR,Y,Y,Y,,
,132037,Karnal,HARYANA,Y,Y,Y,,
,244501,Kanth,UTTAR PRADESH,Y,Y,Y,,
,313607,Udaipur,RAJASTHAN,Y,Y,N,,
,301026,Ramgarh RJ,RAJASTHAN,N,N,N,,
,182117,MANWAL,JAMMU AND KASHMIR,N,N,N,,
,125120,TOHANA,HARYANA,Y,Y,Y,,
,261135,Sitapur,UTTAR PRADESH,Y,Y,Y,,
,201314,Delhi NCR,DELHI,Y,Y,N,,
,160061,MOHALI,CHANDIGARH,Y,Y,Y,,
,160026,Chandigarh,CHANDIGARH,Y,Y,Y,,
,321021,Bharatpur,RAJASTHAN,Y,Y,N,,
,180001,Jammu,JAMMU AND KASHMIR,Y,Y,Y,,
,345023,Jaisalmer,RAJASTHAN,Y,Y,N,,
,313330,AMET,RAJASTHAN,N,N,N,,
,143002,AMRITSAR,PUNJAB,Y,Y,Y,,
,282005,Agra,UTTAR PRADESH,Y,Y,Y,,
,313902,Sarara,RAJASTHAN,Y,Y,N,,
,144418,PHAGWARA,PUNJAB,N,N,N,,
,274604,Barhaj UP,UTTAR PRADESH,Y,Y,N,,
,176082,SUJANPUR TIRA,HIMACHAL PRADESH,Y,Y,Y,,
,127114,Bhiwani,HARYANA,Y,Y,N,,
,122019,Gurugram,HARYANA,Y,Y,Y,,
,263645,Ranikhet,UTTARAKHAND,Y,Y,N,,
,263643,Almora,UTTARAKHAND,Y,Y,N,,
,110108,New Delhi,DELHI,Y,Y,Y,,
,126115,NARWANA,HARYANA,Y,Y,Y,,
,140601,Rajpura,PUNJAB,Y,Y,Y,,
,221105,VARANASI,UTTAR PRADESH,Y,Y,Y,,
,334304,Khajuvala,RAJASTHAN,N,N,N,,
,209312,Pukhrayan,UTTAR PRADESH,Y,Y,N,,
,326517,RAMGANJ MANDI,RAJASTHAN,Y,Y,N,,
,226018,Lucknow,UTTAR PRADESH,Y,Y,Y,,
,303608,Falna,RAJASTHAN,N,N,N,,
,231219,Obra,UTTAR PRADESH,Y,Y,N,,
,312204,Rashmi,RAJASTHAN,Y,Y,N,,
,335515,Hanumangarh,RAJASTHAN,Y,Y,N,,
,175016,Baijnath,HIMACHAL PRADESH,Y,Y,N,,
,222112,Jaunpur,UTTAR PRADESH,Y,Y,Y,,
,303105,Patan,RAJASTHAN,Y,Y,N,,
,307801,Sirohi,RAJASTHAN,N,N,N,,
,325227,RAMGANJ MANDI,RAJASTHAN,Y,Y,N,,
,303119,Rajnota,RAJASTHAN,Y,Y,N,,
,306025,Sojat City,RAJASTHAN,Y,Y,N,,
,140123,Anandpur Sahib,PUNJAB,Y,Y,N,,
,144116,Hoshiarpur,PUNJAB,Y,Y,N,,
,332408,Sikar,RAJASTHAN,Y,Y,N,,
,191202,Ganderbal,JAMMU AND KASHMIR,Y,Y,N,,
,225412,Barabanki,UTTAR PRADESH,Y,Y,N,,
,110064,New Delhi,DELHI,Y,Y,Y,,
,261402,Naimisharanya,UTTAR PRADESH,N,N,Y,,
,160098,MOHALI,CHANDIGARH,Y,Y,N,,
,176203,Chowari,HIMACHAL PRADESH,Y,Y,N,,
,306913,Sumerpur,RAJASTHAN,Y,Y,N,,
,124513,Meham,HARYANA,Y,Y,Y,,
,176084,PARAUR,HIMACHAL PRADESH,Y,Y,Y,,
,110075,Delhi NCR,DELHI,Y,Y,Y,,
,122219,Gurugram,HARYANA,Y,Y,Y,,
,244714,Kashipur,UTTARAKHAND,Y,Y,N,,
,125038,Narnaund,HARYANA,Y,Y,Y,,
,230134,Patti UP,UTTAR PRADESH,N,N,N,,
,152102,MALOUT,PUNJAB,Y,Y,Y,,
,211015,Allahabad,UTTAR PRADESH,Y,Y,Y,,
,143525,Taragarh,PUNJAB,Y,Y,Y,,
,133302,PANCHKULA,HARYANA,N,N,N,,
,125003,Hissar,HARYANA,N,N,Y,,
,306709,Jaitaran,RAJASTHAN,Y,Y,N,,
,341026,Nagaur,RAJASTHAN,N,N,N,,
,144405,PHAGWARA,PUNJAB,Y,Y,N,,
,274603,Barhaj UP,UTTAR PRADESH,Y,Y,N,,
,274409,Kushinagar,UTTAR PRADESH,N,N,N,,
,160074,MOHALI,CHANDIGARH,Y,Y,Y,,
,209025,Farrukhabad,UTTAR PRADESH,Y,Y,N,,
,277001,Ballia,UTTAR PRADESH,Y,Y,N,,
,144421,Nawansahar,PUNJAB,Y,Y,N,,
,210426,Mahoba,UTTAR PRADESH,N,N,N,,
,273408,Gorakhpur,UTTAR PRADESH,Y,Y,N,,
,313613,Udaipur,RAJASTHAN,Y,Y,N,,
,999009,BANGALORE,KARNATAKA,Y,Y,Y,,
,174308,Bangana,HIMACHAL PRADESH,Y,Y,Y,,
,176088,Sandhole,HIMACHAL PRADESH,Y,Y,N,,
,174401,Sunder Nagar,HIMACHAL PRADESH,N,N,Y,,
,335701,Anoopgarh,RAJASTHAN,Y,Y,Y,,
,110512,New Delhi,DELHI,Y,Y,Y,,
,143008,AMRITSAR,PUNJAB,Y,Y,Y,,
,305621,Nasirabad,RAJASTHAN,Y,Y,N,,
,142040,MOGA,PUNJAB,Y,Y,Y,,
,241126,Sandila,UTTAR PRADESH,Y,Y,N,,
,226029,Lucknow,UTTAR PRADESH,Y,Y,Y,,
,302025,Jaipur,RAJASTHAN,Y,Y,Y,,
,143523,Gurdaspur,PUNJAB,Y,Y,Y,,
,176213,Dharmshala,HIMACHAL PRADESH,Y,Y,Y,,
,321302,Uchain,RAJASTHAN,Y,Y,N,,
,173204,Dharampur Solan,HIMACHAL PRADESH,Y,Y,N,,
,221009,VARANASI,UTTAR PRADESH,Y,Y,Y,,
,247667,Roorkee,UTTARAKHAND,Y,Y,Y,,
,250205,Modinagar,UTTAR PRADESH,Y,Y,Y,,
,151003,Bhatinda,PUNJAB,Y,Y,Y,,
,193109,Baramulla,JAMMU AND KASHMIR,N,N,N,,
,229203,Lalganj,UTTAR PRADESH,Y,Y,N,,
,125048,Fatehabad HR,HARYANA,Y,Y,Y,,
,140108,Roopnagar,PUNJAB,Y,Y,N,,
,193302,Kupwara,JAMMU AND KASHMIR,Y,Y,N,,
,173217,Solan,HIMACHAL PRADESH,Y,Y,N,,
,181152,Bathindi,JAMMU AND KASHMIR,Y,Y,Y,,
,181205,Jammu,JAMMU AND KASHMIR,Y,Y,Y,,
,284136,Jhansi,UTTAR PRADESH,N,N,N,,
,274708,SALEMPUR,UTTAR PRADESH,Y,Y,N,,
,160070,MOHALI,CHANDIGARH,Y,Y,Y,,
,230201,Lalgopalganj,UTTAR PRADESH,Y,Y,N,,
,333704,Mandawa,RAJASTHAN,Y,Y,Y,,
,193301,Baramulla,JAMMU AND KASHMIR,N,N,N,,
,175024,Sarkaghat,HIMACHAL PRADESH,Y,Y,N,,
,160015,MOHALI,CHANDIGARH,Y,Y,Y,,
,110066,New Delhi,DELHI,Y,Y,Y,,
,193502,Srinagar,JAMMU AND KASHMIR,Y,Y,Y,,
,305627,Nasirabad,RAJASTHAN,Y,Y,N,,
,306304,Raipur Marwar,RAJASTHAN,Y,Y,Y,,
,246763,NAJIBABAD,UTTAR PRADESH,Y,Y,Y,,
,110011,New Delhi,DELHI,Y,Y,Y,,
,243643,Kaimganj,UTTAR PRADESH,N,N,N,,
,110082,New Delhi,DELHI,Y,Y,Y,,
,132115,Samalkha,HARYANA,N,N,N,,
,136043,Pundri,HARYANA,Y,Y,Y,,
,122050,Delhi NCR,DELHI,Y,Y,Y,,
,175125,BHUNTER,HIMACHAL PRADESH,Y,Y,Y,,
,273401,Gorakhpur,UTTAR PRADESH,Y,Y,N,,
,275105,Ghosi,UTTAR PRADESH,Y,Y,N,,
,302042,Bagru,RAJASTHAN,Y,Y,N,,
,301028,Chikani,RAJASTHAN,Y,Y,N,,
,121010,Delhi NCR,DELHI,Y,Y,Y,,
,302054,Jaipur,RAJASTHAN,Y,Y,N,,
,193212,Sopore,JAMMU AND KASHMIR,Y,Y,N,,
,321410,Bayana,RAJASTHAN,Y,Y,N,,
,160020,Chandigarh,CHANDIGARH,Y,Y,Y,,
,124010,Rohtak,HARYANA,Y,Y,Y,,
,144514,Nawansahar,PUNJAB,Y,Y,Y,,
,142054,MOGA,PUNJAB,Y,Y,N,,
,122055,Delhi NCR,DELHI,Y,Y,Y,,
,302048,Jaipur,RAJASTHAN,Y,Y,Y,,
,171013,Shimla,HIMACHAL PRADESH,Y,Y,Y,,
,312618,Arnod,RAJASTHAN,N,N,N,,
,333026,Chirawa,RAJASTHAN,Y,Y,Y,,
,110506,Delhi NCR,DELHI,Y,Y,Y,,
,132117,Karnal,HARYANA,Y,Y,N,,
,304501,Malpura,RAJASTHAN,N,N,N,,
,303108,Kotputli,RAJASTHAN,Y,Y,Y,,
,146103,MAHALPUR,PUNJAB,Y,Y,N,,
,173234,Kundaghat,HIMACHAL PRADESH,Y,Y,N,,
,176064,PARAUR,HIMACHAL PRADESH,Y,Y,Y,,
,302027,Jaipur,RAJASTHAN,Y,Y,N,,
,221011,VARANASI,UTTAR PRADESH,Y,Y,Y,,
,224171,Ayodhya,UTTAR PRADESH,Y,Y,N,,
,262540,Pithoragarh,UTTARAKHAND,Y,Y,Y,,
,247671,Laksar,UTTARAKHAND,Y,Y,Y,,
,143026,AMRITSAR,PUNJAB,Y,Y,Y,,
,110067,New Delhi,DELHI,Y,Y,Y,,
,152004,Ferozepur,PUNJAB,Y,Y,Y,,
,185211,POONCH,JAMMU AND KASHMIR,N,N,N,,
,180015,Jammu,JAMMU AND KASHMIR,Y,Y,Y,,
,174003,Kuthera,HIMACHAL PRADESH,Y,Y,N,,
,143106,AMRITSAR,PUNJAB,Y,Y,Y,,
,140117,Anandpur Sahib,PUNJAB,Y,Y,N,,
,303112,Viratnagar,RAJASTHAN,Y,Y,N,,
,233001,Ghazipur,UTTAR PRADESH,Y,Y,Y,,
,323602,KESHOVRAIPATAN,RAJASTHAN,Y,Y,N,,
,133203,Dosarka,HARYANA,Y,Y,Y,,
,241403,BILGRAM,UTTAR PRADESH,Y,Y,N,,
,271129,Gonda,UTTAR PRADESH,Y,Y,N,,
,274407,Sewrahi,UTTAR PRADESH,Y,Y,N,,
,322245,Karauli,RAJASTHAN,Y,Y,N,,
,224157,Ayodhya,UTTAR PRADESH,Y,Y,N,,
,999012,PUNE,MAHARASHTRA,Y,Y,Y,,
,245206,Hapur,UTTAR PRADESH,Y,Y,Y,,
,132105,Panipat,HARYANA,Y,Y,Y,,
,262520,Pithoragarh,UTTARAKHAND,Y,Y,N,,
,332725,Udaipurwati,RAJASTHAN,Y,Y,N,,
,177202,Amb,HIMACHAL PRADESH,Y,Y,Y,,
,177601,Awah Devi,HIMACHAL PRADESH,Y,Y,Y,,
,180020,Jammu,JAMMU AND KASHMIR,Y,Y,Y,,
,207242,Patiyali,UTTAR PRADESH,Y,Y,Y,,
,332042,Sevad Bari,RAJASTHAN,N,N,N,,
,314001,Dungarpur,RAJASTHAN,Y,Y,Y,,
,306026,Sojat City,RAJASTHAN,Y,Y,N,,
,190016,DARGAH,JAMMU AND KASHMIR,N,N,Y,,
,227813,MUSAFIRKHANA,UTTAR PRADESH,N,N,N,,
,143537,Gurdaspur,PUNJAB,Y,Y,Y,,
,151215,MOHALI,CHANDIGARH,Y,Y,N,,
,248018,Dehradun,UTTARAKHAND,Y,Y,N,,
,181142,Vijaypur,JAMMU AND KASHMIR,Y,Y,Y,,
,221108,VARANASI,UTTAR PRADESH,Y,Y,Y,,
,324002,Sultanpur,RAJASTHAN,Y,Y,Y,,
,140413,Roopnagar,CHANDIGARH,N,N,Y,,
,141106,SUDHAR,PUNJAB,Y,Y,Y,,
,312000,Nimbahera,RAJASTHAN,Y,Y,N,,
,121015,Delhi NCR,DELHI,Y,Y,N,,
,206002,Etawah,UTTAR PRADESH,Y,Y,N,,
,224122,Akbarpur,UTTAR PRADESH,Y,Y,Y,,
,121001,Delhi NCR,DELHI,Y,Y,Y,,
,345021,Jaisalmer,RAJASTHAN,Y,Y,N,,
,176038,Ranital,HIMACHAL PRADESH,Y,Y,N,,
,332722,Khandela,RAJASTHAN,Y,Y,N,,
,134005,AMBALA,HARYANA,Y,Y,Y,,
,121006,Delhi NCR,DELHI,Y,Y,Y,,
,332714,Neem Ka Thana,RAJASTHAN,Y,Y,Y,,
,177026,GALORE,HIMACHAL PRADESH,Y,Y,N,,
,143021,AMRITSAR,PUNJAB,Y,Y,Y,,
,303507,Dausa,RAJASTHAN,N,N,N,,
,110021,New Delhi,DELHI,Y,Y,Y,,
,244222,Amroha,UTTAR PRADESH,Y,Y,N,,
,192306,Pulwama,JAMMU AND KASHMIR,N,N,N,,
,177007,HAMIRPUR,HIMACHAL PRADESH,Y,Y,N,,
,173212,Solan,HIMACHAL PRADESH,Y,Y,Y,,
,148117,Barnala,PUNJAB,Y,Y,Y,,
,303006,Phagi,RAJASTHAN,Y,Y,N,,
,110085,New Delhi,DELHI,Y,Y,Y,,
,184143,Kathua,JAMMU AND KASHMIR,Y,Y,Y,,
,224135,Ayodhya,UTTAR PRADESH,Y,Y,Y,,
,305901,BEAWAR,RAJASTHAN,Y,Y,Y,,
,110041,Delhi NCR,DELHI,Y,Y,Y,,
,332727,Udaipurwati,RAJASTHAN,Y,Y,N,,
,305814,PARBATSAR,RAJASTHAN,Y,Y,N,,
,110062,New Delhi,DELHI,Y,Y,Y,,
,207124,KASGANJ,UTTAR PRADESH,Y,Y,Y,,
,140111,Roopnagar,PUNJAB,Y,Y,Y,,
,210425,Hamirpur UP,UTTAR PRADESH,N,N,N,,
,209210,BILHAUR,UTTAR PRADESH,Y,Y,N,,
,148100,Barnala,PUNJAB,Y,Y,Y,,
,160103,MOHALI,CHANDIGARH,Y,Y,Y,,
,208023,Kanpur,UTTAR PRADESH,Y,Y,Y,,
,124504,Jhajjar,HARYANA,Y,Y,Y,,
,174024,Ghumarwin,HIMACHAL PRADESH,Y,Y,Y,,
,202389,Debai,UTTAR PRADESH,Y,Y,N,,
,283203,Firozabad,UTTAR PRADESH,Y,Y,Y,,
,227119,Lucknow,UTTAR PRADESH,Y,Y,N,,
,263638,Someshwar,UTTARAKHAND,Y,Y,N,,
,306704,Desuri,RAJASTHAN,Y,Y,N,,
,141015,Ludhiana,PUNJAB,Y,Y,Y,,
,313605,Dariyawad,RAJASTHAN,N,N,N,,
,334004,Bikaner,RAJASTHAN,Y,Y,Y,,
,333311,Udaipurwati,RAJASTHAN,Y,Y,Y,,
,303804,Chomu,RAJASTHAN,Y,Y,N,,
,332029,Salasar,RAJASTHAN,N,N,N,,
,174307,Bangana,HIMACHAL PRADESH,Y,Y,N,,
,325219,Chabra,RAJASTHAN,Y,Y,N,,
,176063,PALAMPUR,HIMACHAL PRADESH,Y,Y,N,,
,148105,Barnala,PUNJAB,Y,Y,Y,,
,321201,Deeg,RAJASTHAN,N,N,N,,
,272001,Basti,UTTAR PRADESH,Y,Y,Y,,
,131030,Sonipat,HARYANA,Y,Y,N,,
,261125,Khairabad,UTTAR PRADESH,Y,Y,N,,
,126104,JIND,HARYANA,Y,Y,N,,
,246765,Nagina,UTTAR PRADESH,Y,Y,Y,,
,224181,JahangirGanj,UTTAR PRADESH,Y,Y,N,,
,110054,New Delhi,DELHI,Y,Y,Y,,
,283202,Etmadpur,UTTAR PRADESH,Y,Y,Y,,
,177041,GALORE,HIMACHAL PRADESH,Y,Y,N,,
,281006,Mathura,UTTAR PRADESH,Y,Y,Y,,
,193501,Baramulla,JAMMU AND KASHMIR,Y,Y,Y,,
,140101,Roopnagar,CHANDIGARH,N,N,N,,
,306305,Raipur Marwar,RAJASTHAN,Y,Y,N,,
,306505,Sumerpur,RAJASTHAN,Y,Y,N,,
,305802,Kishangarh,RAJASTHAN,Y,Y,N,,
,303602,Ringus,RAJASTHAN,N,N,N,,
,326038,Khanpur RJ,RAJASTHAN,Y,Y,Y,,
,190023,Srinagar,JAMMU AND KASHMIR,Y,Y,N,,
,334306,Bikaner,RAJASTHAN,Y,Y,N,,
,177033,Nadaun,HIMACHAL PRADESH,Y,Y,N,,
,243725,BISAULI,UTTAR PRADESH,Y,Y,N,,
,226005,Lucknow,UTTAR PRADESH,Y,Y,Y,,
,174503,Haroli,HIMACHAL PRADESH,Y,Y,N,,
,223227,Saraimeer,UTTAR PRADESH,Y,Y,Y,,
,225401,Barabanki,UTTAR PRADESH,Y,Y,N,,
,220007,BINDKI,UTTAR PRADESH,Y,Y,N,,
,305024,Ajmer,RAJASTHAN,Y,Y,Y,,
,262901,Palia UP,UTTAR PRADESH,N,N,N,,
,122224,Delhi NCR,DELHI,Y,Y,Y,,
,141127,MACHIWARA,PUNJAB,Y,Y,N,,
,307032,Mount Abu,RAJASTHAN,N,N,N,,
,145027,Taragarh,PUNJAB,Y,Y,Y,,
,284204,Mauranipur,UTTAR PRADESH,Y,Y,Y,,
,284403,Lalitpur,UTTAR PRADESH,Y,Y,Y,,
,251003,Muzaffarnagar,UTTAR PRADESH,Y,Y,Y,,
,226014,Lucknow,UTTAR PRADESH,Y,Y,Y,,
,144803,KAPURTHALA,PUNJAB,Y,Y,Y,,
,177119,Bangana,HIMACHAL PRADESH,Y,Y,N,,
,332712,Ajeetgarh,RAJASTHAN,Y,Y,N,,
,175019,Sunder Nagar,HIMACHAL PRADESH,Y,Y,Y,,
,303004,Tunga,RAJASTHAN,Y,Y,N,,
,302021,Jaipur,RAJASTHAN,Y,Y,Y,,
,248171,Dehradun,UTTARAKHAND,Y,Y,N,,
,141121,MACHIWARA,PUNJAB,Y,Y,Y,,
,110118,New Delhi,DELHI,Y,Y,Y,,
,332713,Neem Ka Thana,RAJASTHAN,Y,Y,Y,,
,323301,KAPREN,RAJASTHAN,Y,Y,N,,
,144527,Garhshankar,PUNJAB,Y,Y,Y,,
,146109,MAHALPUR,PUNJAB,Y,Y,N,,
,171001,Shimla,HIMACHAL PRADESH,Y,Y,Y,,
,220016,BINDKI,UTTAR PRADESH,Y,Y,N,,
,143518,Batala,PUNJAB,N,N,N,,
,144422,Nawansahar,PUNJAB,Y,Y,N,,
,144626,SULTANPUR LODHI,PUNJAB,Y,Y,N,,
,191121,LAL CHOWK,JAMMU AND KASHMIR,Y,Y,Y,,
,110028,New Delhi,DELHI,Y,Y,Y,,
,172116,Recongpeo,HIMACHAL PRADESH,N,N,N,,
,152101,MALOUT,PUNJAB,Y,Y,Y,,
,151206,Bhatinda,PUNJAB,Y,Y,Y,,
,131001,Sonipat,HARYANA,Y,Y,Y,,
,110124,New Delhi,DELHI,Y,Y,Y,,
,144525,Garhshankar,PUNJAB,Y,Y,Y,,
,311022,Bijainagar,RAJASTHAN,Y,Y,N,,
,324004,Kota,RAJASTHAN,Y,Y,Y,,
,144513,Nawansahar,PUNJAB,Y,Y,Y,,
,180006,Jammu,JAMMU AND KASHMIR,Y,Y,Y,,
,133301,PANCHKULA,HARYANA,N,N,N,,
,221718,Belthara Road,UTTAR PRADESH,Y,Y,N,,
,323021,Bundi,RAJASTHAN,Y,Y,N,,
,122002,Delhi NCR,DELHI,Y,Y,Y,,
,148044,Sangrur,PUNJAB,Y,Y,Y,,
,144620,SULTANPUR LODHI,PUNJAB,Y,Y,N,,
,176108,SUJANPUR TIRA,HIMACHAL PRADESH,Y,Y,N,,
,191205,Lar Ganderbal,JAMMU AND KASHMIR,Y,Y,Y,,
,326529,RAMGANJ MANDI,RAJASTHAN,Y,Y,N,,
,274807,Deoria,UTTAR PRADESH,Y,Y,Y,,
,136132,Babain,HARYANA,Y,Y,Y,,
,331035,Churu,RAJASTHAN,Y,Y,N,,
,191141,HMT,JAMMU AND KASHMIR,Y,Y,Y,,
,140507,MOHALI,CHANDIGARH,Y,Y,Y,,
,247670,Roorkee,UTTARAKHAND,Y,Y,Y,,
,171218,Solan,HIMACHAL PRADESH,Y,Y,N,,
,208024,Kanpur,UTTAR PRADESH,Y,Y,Y,,
,144417,Nawansahar,PUNJAB,Y,Y,N,,
,152116,Abohar,PUNJAB,Y,Y,Y,,
,328035,BARI RJ,RAJASTHAN,N,N,N,,
,312025,Kapasan,RAJASTHAN,Y,Y,N,,
,221107,VARANASI,UTTAR PRADESH,Y,Y,Y,,
,307022,PINDWARA,RAJASTHAN,Y,Y,N,,
,110302,New Delhi,DELHI,Y,Y,Y,,
,332315,Laxmangarh,RAJASTHAN,Y,Y,Y,,
,274704,Bahtpar Rani,UTTAR PRADESH,N,N,N,,
,110604,New Delhi,DELHI,Y,Y,Y,,
,226028,Lucknow,UTTAR PRADESH,Y,Y,Y,,
,184152,Kathua,JAMMU AND KASHMIR,Y,Y,Y,,
,131305,Gohana,HARYANA,Y,Y,N,,
,177112,UNA,HIMACHAL PRADESH,Y,Y,N,,
,332733,Udaipurwati,RAJASTHAN,Y,Y,N,,
,302019,Jaipur,RAJASTHAN,Y,Y,Y,,
,203150,Shikaarpur UP,UTTAR PRADESH,Y,Y,Y,,
,191131,Lar Ganderbal,JAMMU AND KASHMIR,Y,Y,Y,,
,151103,Bhatinda,PUNJAB,Y,Y,N,,
,306118,Pali,RAJASTHAN,Y,Y,N,,
,322218,Sapotra,RAJASTHAN,Y,Y,N,,
,342705,BHOPALGARH,RAJASTHAN,Y,Y,N,,
,134011,AMBALA,HARYANA,Y,Y,N,,
,333015,Udaipurwati,RAJASTHAN,Y,Y,N,,
,303304,Dausa,RAJASTHAN,Y,Y,N,,
,209871,Unnao,UTTAR PRADESH,N,N,N,,
,207002,Etah,UTTAR PRADESH,Y,Y,Y,,
,303107,Rajnota,RAJASTHAN,Y,Y,Y,,
,173208,Arki,HIMACHAL PRADESH,Y,Y,Y,,
,273209,Khalilabad,UTTAR PRADESH,N,N,N,,
,151209,Faridkot,PUNJAB,N,N,N,,
,125034,Hansi,HARYANA,Y,Y,Y,,
,124001,Rohtak,HARYANA,Y,Y,N,,
,144806,KAPURTHALA,PUNJAB,N,N,N,,
,134119,PANCHKULA,HARYANA,Y,Y,Y,,
,303327,Bandikui,RAJASTHAN,Y,Y,N,,
,110072,Delhi NCR,DELHI,Y,Y,Y,,
,152026,Muktsar,PUNJAB,Y,Y,Y,,
,144510,Garhshankar,PUNJAB,Y,Y,Y,,
,144026,Jalandhar,PUNJAB,Y,Y,Y,,
,177109,UNA,HIMACHAL PRADESH,Y,Y,N,,
,172201,RAMPUR HP,HIMACHAL PRADESH,Y,Y,Y,,
,273304,Nichlaul,UTTAR PRADESH,Y,Y,N,,
,209727,Kannauj,UTTAR PRADESH,Y,Y,Y,,
,143000,AMRITSAR,PUNJAB,Y,Y,Y,,
,127021,Bhiwani,HARYANA,Y,Y,N,,
,303509,Balaji,RAJASTHAN,Y,Y,N,,
,303338,Phulera,RAJASTHAN,Y,Y,Y,,
,247656,Roorkee,UTTARAKHAND,Y,Y,Y,,
,305004,Ajmer,RAJASTHAN,Y,Y,Y,,
,160024,MOHALI,CHANDIGARH,Y,Y,Y,,
,177021,Awah Devi,HIMACHAL PRADESH,Y,Y,Y,,
,303511,Lalsot,RAJASTHAN,Y,Y,Y,,
,341523,Kuchaman City,RAJASTHAN,Y,Y,N,,
,227807,MUSAFIRKHANA,UTTAR PRADESH,N,N,N,,
,160043,Chandigarh,CHANDIGARH,Y,Y,Y,,
,135102,Chhachhrauli,HARYANA,Y,Y,N,,
,110022,New Delhi,DELHI,Y,Y,Y,,
,248161,Doiwala,UTTARAKHAND,Y,Y,Y,,
,201010,Delhi NCR,DELHI,Y,Y,Y,,
,332302,Jhunjhunu,RAJASTHAN,Y,Y,Y,,
,277124,Garwar,UTTAR PRADESH,Y,Y,Y,,
,110403,New Delhi,DELHI,Y,Y,Y,,
,125122,Barwala,HARYANA,Y,Y,N,,
,321607,Laxmangarh,RAJASTHAN,N,N,N,,
,303106,Rajnota,RAJASTHAN,Y,Y,Y,,
,193303,Baramulla,JAMMU AND KASHMIR,N,N,N,,
,190025,DARGAH,JAMMU AND KASHMIR,Y,Y,Y,,
,333023,Bagar,RAJASTHAN,Y,Y,N,,
,175130,PATLIKUHAL,HIMACHAL PRADESH,Y,Y,Y,,
,301425,BHIWADI,RAJASTHAN,Y,Y,N,,
,335702,Jaitsar,RAJASTHAN,N,N,N,,
,171018,Shimla,HIMACHAL PRADESH,Y,Y,N,,
,110052,New Delhi,DELHI,Y,Y,Y,,
,123001,Narnaul,HARYANA,Y,Y,Y,,
,212141,Allahabad,UTTAR PRADESH,Y,Y,N,,
,281003,Vrindawan,UTTAR PRADESH,Y,Y,Y,,
,141310,Jalandhar,PUNJAB,Y,Y,Y,,
,313301,Nathdwara,RAJASTHAN,Y,Y,Y,,
,221005,VARANASI,UTTAR PRADESH,Y,Y,Y,,
,332021,Khoor,RAJASTHAN,Y,Y,N,,
,144311,PHAGWARA,PUNJAB,Y,Y,Y,,
,176402,Indora,HIMACHAL PRADESH,Y,Y,N,,
,176087,Daroh,HIMACHAL PRADESH,Y,Y,Y,,
,151505,Mansa,PUNJAB,Y,Y,N,,
,246725,DHAMPUR,UTTAR PRADESH,Y,Y,N,,
,302000,Jaipur,RAJASTHAN,Y,Y,Y,,
,241203,Sandila,UTTAR PRADESH,Y,Y,N,,
,176306,DALHOUSIE,HIMACHAL PRADESH,Y,Y,N,,
,230304,Pratapgarh,UTTAR PRADESH,N,N,N,,
,160053,MOHALI,CHANDIGARH,Y,Y,Y,,
,122006,Gurugram,HARYANA,Y,Y,Y,,
,226102,Malihabad,UTTAR PRADESH,Y,Y,N,,
,143531,Gurdaspur,PUNJAB,Y,Y,Y,,
,141103,SUDHAR,PUNJAB,Y,Y,N,,
,176128,Baijnath,HIMACHAL PRADESH,Y,Y,Y,,
,224188,Ayodhya,UTTAR PRADESH,Y,Y,Y,,
,301422,BHIWADI,RAJASTHAN,Y,Y,N,,
,144630,Nakodar,PUNJAB,Y,Y,N,,
,306710,Jaitaran,RAJASTHAN,Y,Y,N,,
,141417,Mandigovindgarh,PUNJAB,Y,Y,N,,
,305805,Kishangarh,RAJASTHAN,Y,Y,N,,
,192201,Anantnag,JAMMU AND KASHMIR,Y,Y,Y,,
,185101,POONCH,JAMMU AND KASHMIR,N,N,N,,
,312604,Choti Sadri,RAJASTHAN,N,N,N,,
,249306,Rishikesh,UTTARAKHAND,Y,Y,N,,
,209749,Farrukhabad,UTTAR PRADESH,Y,Y,N,,
,251311,Muzaffarnagar,UTTAR PRADESH,Y,Y,N,,
,226020,Lucknow,UTTAR PRADESH,Y,Y,Y,,
,143423,Tarn Taran Sahib,PUNJAB,Y,Y,N,,
,144023,Jalandhar,PUNJAB,Y,Y,Y,,
,301019,BHIWADI,RAJASTHAN,Y,Y,Y,,
,176304,DALHOUSIE,HIMACHAL PRADESH,Y,Y,N,,
,174028,Jahu,HIMACHAL PRADESH,Y,Y,Y,,
,305021,Pushkar,RAJASTHAN,Y,Y,N,,
,227812,Sultanpur,UTTAR PRADESH,Y,Y,N,,
,248004,Dehradun,UTTARAKHAND,Y,Y,N,,
,247673,SAHARANPUR,UTTAR PRADESH,Y,Y,Y,,
,143113,Tarn Taran Sahib,PUNJAB,Y,Y,N,,
,225404,Barabanki,UTTAR PRADESH,Y,Y,N,,
,176012,Joginder Nagar,HIMACHAL PRADESH,Y,Y,Y,,
,160003,Chandigarh,CHANDIGARH,Y,Y,Y,,
,177106,UNA,HIMACHAL PRADESH,Y,Y,N,,
,301408,Rajgarh RJ,RAJASTHAN,N,N,N,,
,176057,Dharmshala,HIMACHAL PRADESH,Y,Y,Y,,
,133001,AMBALA,HARYANA,Y,Y,Y,,
,185156,Sunderbani,JAMMU AND KASHMIR,Y,Y,N,,
,327031,Bagidora,RAJASTHAN,Y,Y,N,,
,342804,Jodhpur,RAJASTHAN,Y,Y,N,,
,332308,Jhunjhunu,RAJASTHAN,Y,Y,N,,
,322209,Gangapur,RAJASTHAN,Y,Y,N,,
,134116,PANCHKULA,HARYANA,Y,Y,Y,,
,142047,Zira,PUNJAB,Y,Y,N,,
,241302,BILGRAM,UTTAR PRADESH,Y,Y,N,,
,212203,Bharwari,UTTAR PRADESH,Y,Y,N,,
,341517,Malsisar,RAJASTHAN,Y,Y,N,,
,146002,Hoshiarpur,PUNJAB,N,N,N,,
,160040,Chandigarh,CHANDIGARH,N,N,Y,,
,271830,Behraich,UTTAR PRADESH,Y,Y,N,,
,160036,MOHALI,CHANDIGARH,Y,Y,Y,,
,151508,Mansa,PUNJAB,Y,Y,N,,
,331001,Churu,RAJASTHAN,Y,Y,Y,,
,124142,Charkhi Dadri,HARYANA,Y,Y,Y,,
,175101,BHUNTER,HIMACHAL PRADESH,Y,Y,Y,,
,182142,Chenani,JAMMU AND KASHMIR,Y,Y,N,,
,160056,MOHALI,CHANDIGARH,Y,Y,Y,,
,177048,Nadaun,HIMACHAL PRADESH,Y,Y,N,,
,305409,KEKRI,RAJASTHAN,Y,Y,N,,
,305817,Kishangarh,RAJASTHAN,Y,Y,N,,
,246172,SATPULI,UTTARAKHAND,Y,Y,N,,
,177201,GONDPUR,HIMACHAL PRADESH,Y,Y,Y,,
,301707,Tapukara,RAJASTHAN,Y,Y,Y,,
,124508,Bahadurgarh,HARYANA,Y,Y,Y,,
,142002,MOGA,PUNJAB,Y,Y,Y,,
,232101,Mughal Sarai,UTTAR PRADESH,Y,Y,Y,,
,124101,Jhajjar,HARYANA,Y,Y,N,,
,204213,Hathras,UTTAR PRADESH,Y,Y,N,,
,182123,Udhampur,JAMMU AND KASHMIR,Y,Y,Y,,
,124112,Meham,HARYANA,Y,Y,Y,,
,191203,Ganderbal,JAMMU AND KASHMIR,Y,Y,N,,
,147102,Patran,PUNJAB,Y,Y,Y,,
,276205,Bindra Bazar,UTTAR PRADESH,N,N,N,,
,176073,SUJANPUR TIRA,HIMACHAL PRADESH,Y,Y,Y,,
,322711,Neem Ka Thana,RAJASTHAN,Y,Y,N,,
,262905,Singahi,UTTAR PRADESH,Y,Y,N,,
,176021,Jawali,HIMACHAL PRADESH,Y,Y,N,,
,110509,Delhi NCR,DELHI,Y,Y,Y,,
,306001,MARWAR JUNCTION,RAJASTHAN,N,N,N,,
,206125,Bakewar,UTTAR PRADESH,Y,Y,N,,
,307043,Sirohi,RAJASTHAN,N,N,N,,
,176110,SUJANPUR TIRA,HIMACHAL PRADESH,Y,Y,Y,,
,140401,Rajpura,PUNJAB,Y,Y,Y,,
,335523,Nohar,RAJASTHAN,Y,Y,Y,,
,277503,Ballia,UTTAR PRADESH,N,N,N,,
,224118,Rudauli,UTTAR PRADESH,N,N,N,,
,341526,Kuchaman City,RAJASTHAN,Y,Y,N,,
,177103,Dehra,HIMACHAL PRADESH,Y,Y,Y,,
,321413,Bayana,RAJASTHAN,Y,Y,N,,
,261303,Barabanki,UTTAR PRADESH,Y,Y,Y,,
,173206,Solan,HIMACHAL PRADESH,Y,Y,Y,,
,142051,Zira,PUNJAB,N,N,N,,
,246431,Chamoli,UTTARAKHAND,N,N,N,,
,160008,Chandigarh,CHANDIGARH,Y,Y,Y,,
,176109,Sandhole,HIMACHAL PRADESH,Y,Y,N,,
,122101,Delhi NCR,DELHI,Y,Y,Y,,
,122100,Delhi NCR,DELHI,Y,Y,Y,,
,226031,Lucknow,UTTAR PRADESH,Y,Y,Y,,
,110096,New Delhi,DELHI,Y,Y,Y,,
,143412,Tarn Taran Sahib,PUNJAB,Y,Y,N,,
,224227,Akbarpur,UTTAR PRADESH,Y,Y,N,,
,144216,Talwara,PUNJAB,N,N,N,,
,263151,SITARGANJ,UTTAR PRADESH,Y,Y,Y,,
,122016,Delhi NCR,DELHI,Y,Y,Y,,
,331701,RAJGARH,RAJASTHAN,N,N,N,,
,208002,Kanpur,UTTAR PRADESH,Y,Y,Y,,
,243639,Badayun,UTTAR PRADESH,Y,Y,Y,,
,122098,Delhi NCR,DELHI,Y,Y,N,,
,303005,Phagi,RAJASTHAN,Y,Y,N,,
,342002,Jodhpur,RAJASTHAN,Y,Y,Y,,
,263146,Rudrapur,UTTARAKHAND,Y,Y,Y,,
,305001,Ajmer,RAJASTHAN,Y,Y,Y,,
,332708,Kawat,RAJASTHAN,Y,Y,N,,
,231220,Shakti Nagar,UTTAR PRADESH,Y,Y,Y,,
,249202,Rishikesh,UTTARAKHAND,Y,Y,N,,
,323604,Lakheri,RAJASTHAN,Y,Y,N,,
,328026,BARI RJ,RAJASTHAN,Y,Y,N,,
,125049,Narnaund,HARYANA,Y,Y,Y,,
,327604,Bagidora,RAJASTHAN,Y,Y,N,,
,244801,Moradabad,UTTAR PRADESH,Y,Y,Y,,
,333041,Bada Ganv,RAJASTHAN,Y,Y,Y,,
,141016,Ludhiana,PUNJAB,N,N,N,,
,176200,Jassur,HIMACHAL PRADESH,Y,Y,Y,,
,192122,Awantipur,JAMMU AND KASHMIR,Y,Y,Y,,
,192121,Srinagar,JAMMU AND KASHMIR,Y,Y,Y,,
,141006,Ludhiana,PUNJAB,Y,Y,Y,,
,321301,Uchain,RAJASTHAN,Y,Y,N,,
,209101,AKBARPUR KANPUR DEHAT,UTTAR PRADESH,N,N,N,,
,147101,Patiala,PUNJAB,Y,Y,N,,
,184204,Basoli JK,JAMMU AND KASHMIR,Y,Y,Y,,
,311803,RAIPUR BHILWARA,RAJASTHAN,Y,Y,N,,
,132022,Karnal,HARYANA,Y,Y,Y,,
,122018,Gurugram,HARYANA,Y,Y,Y,,
,344021,Samdari,RAJASTHAN,Y,Y,Y,,
,263147,LALKUAN,UTTARAKHAND,Y,Y,N,,
,208012,Kanpur,UTTAR PRADESH,Y,Y,Y,,
,140115,Anandpur Sahib,PUNJAB,Y,Y,N,,
,306303,Jaitaran,RAJASTHAN,Y,Y,N,,
,305007,Ajmer,RAJASTHAN,Y,Y,Y,,
,110109,New Delhi,DELHI,Y,Y,Y,,
,263152,Rudrapur,UTTARAKHAND,Y,Y,Y,,
,332703,Dantaramgarh,RAJASTHAN,Y,Y,N,,
,124004,Rohtak,HARYANA,Y,Y,Y,,
,141316,Jalandhar,PUNJAB,Y,Y,Y,,
,160046,Chandigarh,CHANDIGARH,Y,Y,Y,,
,173022,Sirmaur,HIMACHAL PRADESH,Y,Y,N,,
,341546,Merta,RAJASTHAN,N,N,N,,
,262001,Pilibhit,UTTAR PRADESH,Y,Y,Y,,
,344020,Balotra,RAJASTHAN,Y,Y,N,,
,160049,Chandigarh,CHANDIGARH,Y,Y,Y,,
,302012,Jaipur,RAJASTHAN,Y,Y,Y,,
,305403,KEKRI,RAJASTHAN,Y,Y,N,,
,341508,Kuchaman City,RAJASTHAN,Y,Y,Y,,
,277403,Sahtawar,UTTAR PRADESH,Y,Y,N,,
,261401,Naimisharanya,UTTAR PRADESH,N,N,Y,,
,208005,Kanpur,UTTAR PRADESH,Y,Y,Y,,
,131309,Gohana,HARYANA,Y,Y,Y,,
,231207,Obra,UTTAR PRADESH,Y,Y,N,,
,123402,Rewari,HARYANA,Y,Y,Y,,
,147105,Patran,PUNJAB,Y,Y,Y,,
,230301,Pratapgarh,UTTAR PRADESH,N,N,N,,
,180003,Miran Sahib,JAMMU AND KASHMIR,Y,Y,Y,,
,185132,Rajouri,JAMMU AND KASHMIR,Y,Y,Y,,
,145002,Pathankot,PUNJAB,Y,Y,Y,,
,271201,Balrampur,UTTAR PRADESH,Y,Y,N,,
,177220,Haroli,HIMACHAL PRADESH,Y,Y,N,,
,204216,Hathras,UTTAR PRADESH,Y,Y,N,,
,205145,Firozabad,UTTAR PRADESH,Y,Y,Y,,
,224302,Shambhal,UTTAR PRADESH,N,N,N,,
,184146,Heera Nagar,JAMMU AND KASHMIR,Y,Y,Y,,
,332301,Jhunjhunu,RAJASTHAN,Y,Y,Y,,
,328024,MANIYA,RAJASTHAN,N,N,N,,
,209311,AKBARPUR KANPUR DEHAT,UTTAR PRADESH,N,N,N,,
,248002,Dehradun,UTTARAKHAND,Y,Y,Y,,
,274808,SALEMPUR,UTTAR PRADESH,Y,Y,N,,
,110056,New Delhi,DELHI,Y,Y,Y,,
,124507,Bahadurgarh,HARYANA,Y,Y,Y,,
,302008,Jaipur,RAJASTHAN,Y,Y,N,,
,246732,NAJIBABAD,UTTAR PRADESH,Y,Y,N,,
,110016,New Delhi,DELHI,Y,Y,Y,,
,332027,Sikar,RAJASTHAN,Y,Y,Y,,
,145022,Basoli JK,JAMMU AND KASHMIR,N,N,Y,,
,212165,Allahabad,UTTAR PRADESH,Y,Y,N,,
,160092,MOHALI,CHANDIGARH,Y,Y,Y,,
,201013,Delhi NCR,DELHI,Y,Y,Y,,
,110001,New Delhi,DELHI,Y,Y,Y,,
,171220,Shimla,HIMACHAL PRADESH,Y,Y,N,,
,202412,Chandausi,UTTAR PRADESH,Y,Y,N,,
,331403,Sardarshahar,RAJASTHAN,Y,Y,N,,
,262405,SITARGANJ,UTTAR PRADESH,Y,Y,N,,
,141411,Mandigovindgarh,PUNJAB,Y,Y,N,,
,110000,New Delhi,DELHI,Y,Y,Y,,
,320010,Dungarpur,RAJASTHAN,Y,Y,N,,
,224132,Khajuri Chauraha,UTTAR PRADESH,Y,Y,N,,
,313303,Nathdwara,RAJASTHAN,Y,Y,N,,
,177401,HAMIRPUR,HIMACHAL PRADESH,Y,Y,Y,,
,144020,Jalandhar,PUNJAB,N,N,Y,,
,277208,BAIRIA,UTTAR PRADESH,N,N,N,,
,143415,Tarn Taran Sahib,PUNJAB,Y,Y,Y,,
,311001,Bhilwara,RAJASTHAN,Y,Y,Y,,
,221002,VARANASI,UTTAR PRADESH,Y,Y,Y,,
,181131,Miran Sahib,JAMMU AND KASHMIR,Y,Y,Y,,
,136131,KURUKSHETRA,HARYANA,Y,Y,Y,,
,326521,RAMGANJ MANDI,RAJASTHAN,Y,Y,N,,
,210204,Karwi,UTTAR PRADESH,Y,Y,N,,
,276204,Azamgarh,UTTAR PRADESH,N,N,N,,
,231304,Chunar,UTTAR PRADESH,N,N,N,,
,321603,Bharatpur,RAJASTHAN,Y,Y,N,,
,303121,Sahpura,RAJASTHAN,Y,Y,Y,,
,331404,Sardarshahar,RAJASTHAN,Y,Y,N,,
,203391,ANUPSHAHAR,UTTAR PRADESH,Y,Y,N,,
,174015,Naina Devi,HIMACHAL PRADESH,N,N,N,,
,160002,Chandigarh,CHANDIGARH,Y,Y,Y,,
,262802,GOLA UP,UTTAR PRADESH,Y,Y,Y,,
,184101,Kathua,JAMMU AND KASHMIR,Y,Y,Y,,
,124111,Meham,HARYANA,Y,Y,N,,
,124022,Meham,HARYANA,Y,Y,N,,
,227000,Lucknow,UTTAR PRADESH,Y,Y,N,,
,147001,Patiala,PUNJAB,Y,Y,Y,,
,210431,HAMIRPUR,UTTAR PRADESH,Y,Y,Y,,
,171008,Shimla,HIMACHAL PRADESH,Y,Y,N,,
,136118,KURUKSHETRA,HARYANA,Y,Y,Y,,
,311408,Sahpura Bhilwara,RAJASTHAN,Y,Y,N,,
,229120,Lalganj,UTTAR PRADESH,Y,Y,N,,
,276207,Azamgarh,UTTAR PRADESH,Y,Y,N,,
,134151,PANCHKULA,HARYANA,N,N,N,,
,306027,Sumerpur,RAJASTHAN,N,N,N,,
,184104,Kathua,JAMMU AND KASHMIR,Y,Y,Y,,
,176060,PARAUR,HIMACHAL PRADESH,Y,Y,Y,,
,304001,Tonk,RAJASTHAN,Y,Y,Y,,
,176093,Daroh,HIMACHAL PRADESH,Y,Y,N,,
,201017,Delhi NCR,DELHI,Y,Y,Y,,
,327025,Partapur,RAJASTHAN,N,N,N,,
,180016,Jammu,JAMMU AND KASHMIR,Y,Y,Y,,
,122013,Gurugram,HARYANA,Y,Y,Y,,
,325208,Sultanpur,RAJASTHAN,Y,Y,N,,
,148102,Bhatinda,PUNJAB,Y,Y,N,,
,144019,Jalandhar,PUNJAB,Y,Y,Y,,
,160095,MOHALI,CHANDIGARH,Y,Y,N,,
,143505,Batala,PUNJAB,Y,Y,Y,,
,332035,Sikar,RAJASTHAN,Y,Y,N,,
,152032,Muktsar,PUNJAB,Y,Y,Y,,
,326503,RAMGANJ MANDI,RAJASTHAN,Y,Y,N,,
,312609,Nimbahera,RAJASTHAN,Y,Y,N,,
,204102,Hathras,UTTAR PRADESH,Y,Y,Y,,
,146106,MAHALPUR,PUNJAB,Y,Y,Y,,
,177110,UNA,HIMACHAL PRADESH,Y,Y,N,,
,110095,Delhi NCR,DELHI,Y,Y,Y,,
,221201,Babatpur,UTTAR PRADESH,N,N,N,,
,172102,JEORI,HIMACHAL PRADESH,Y,Y,N,,
,204103,Hathras,UTTAR PRADESH,Y,Y,Y,,
,321610,Balaji,RAJASTHAN,Y,Y,N,,
,274303,Kushinagar,UTTAR PRADESH,Y,Y,N,,
,152114,MALOUT,PUNJAB,Y,Y,Y,,
,322031,Lalsot,RAJASTHAN,Y,Y,N,,
,180009,Miran Sahib,JAMMU AND KASHMIR,Y,Y,Y,,
,303610,Nawa RJ,RAJASTHAN,N,N,N,,
,301706,Shahjhapur RJ,RAJASTHAN,Y,Y,Y,,
,201020,Delhi NCR,DELHI,Y,Y,N,,
,148008,Sangrur,PUNJAB,Y,Y,Y,,
,204106,Hathras,UTTAR PRADESH,Y,Y,Y,,
,332038,Sikar,RAJASTHAN,Y,Y,N,,
,221603,Madhuban UP,UTTAR PRADESH,Y,Y,Y,,
,110038,New Delhi,DELHI,Y,Y,Y,,
,321419,Bayana,RAJASTHAN,Y,Y,N,,
,332305,Mandawa,RAJASTHAN,Y,Y,Y,,
,171005,Shimla,HIMACHAL PRADESH,Y,Y,Y,,
,343002,Jalore,RAJASTHAN,N,N,N,,
,273009,Gorakhpur,UTTAR PRADESH,Y,Y,Y,,
,132046,Assandh,HARYANA,N,N,N,,
,110092,New Delhi,DELHI,Y,Y,Y,,
,311013,Bhilwara,RAJASTHAN,Y,Y,Y,,
,225002,Barabanki,UTTAR PRADESH,Y,Y,N,,
,151212,Faridkot,PUNJAB,Y,Y,N,,
,277205,BAIRIA,UTTAR PRADESH,N,N,N,,
,305820,Kishangarh,RAJASTHAN,Y,Y,N,,
,125051,Fatehabad HR,HARYANA,Y,Y,Y,,
,323001,Bundi,RAJASTHAN,Y,Y,Y,,
,144301,Bhogpur,PUNJAB,Y,Y,N,,
,244901,Rampur,UTTAR PRADESH,Y,Y,Y,,
,249406,Haridwar,UTTARAKHAND,Y,Y,Y,,
,151502,Mansa,PUNJAB,Y,Y,Y,,
,143411,Tarn Taran Sahib,PUNJAB,Y,Y,N,,
,146023,Hoshiarpur,PUNJAB,Y,Y,Y,,
,231309,Mirzapur,UTTAR PRADESH,N,N,N,,
,344013,BARMER,RAJASTHAN,Y,Y,N,,
,321403,Rupbas,RAJASTHAN,N,N,N,,
,326501,RAMGANJ MANDI,RAJASTHAN,Y,Y,N,,
,160031,Chandigarh,CHANDIGARH,Y,Y,Y,,
,135001,Yamunanagar,HARYANA,Y,Y,Y,,
,327022,Partapur,RAJASTHAN,N,N,N,,
,277121,Garwar,UTTAR PRADESH,Y,Y,Y,,
,122204,Delhi NCR,DELHI,N,N,Y,,
,303104,Sahpura,RAJASTHAN,Y,Y,Y,,
,141203,Dehlon,PUNJAB,Y,Y,N,,
,301419,BHIWADI,RAJASTHAN,Y,Y,N,,
,175004,Jahu,HIMACHAL PRADESH,Y,Y,N,,
,325003,Kota,RAJASTHAN,Y,Y,N,,
,145101,Pathankot,PUNJAB,Y,Y,Y,,
,222002,Jaunpur,UTTAR PRADESH,Y,Y,Y,,
,209862,Unnao,UTTAR PRADESH,Y,Y,N,,
,274309,Kushinagar,UTTAR PRADESH,Y,Y,N,,
,226022,Lucknow,UTTAR PRADESH,Y,Y,Y,,
,125052,Agroha,HARYANA,Y,Y,Y,,
,325214,Mangrol,RAJASTHAN,Y,Y,N,,
,313030,Udaipur,RAJASTHAN,Y,Y,N,,
,211010,Naini,UTTAR PRADESH,Y,Y,N,,
,160089,MOHALI,CHANDIGARH,Y,Y,Y,,
,341024,Kuchera,RAJASTHAN,Y,Y,N,,
,246428,Chamoli,UTTARAKHAND,Y,Y,N,,
,124104,Jhajjar,HARYANA,Y,Y,Y,,
,143508,Batala,PUNJAB,N,N,N,,
,321428,Bayana,RAJASTHAN,Y,Y,N,,
,141113,MACHIWARA,PUNJAB,Y,Y,Y,,
,110081,Delhi NCR,DELHI,Y,Y,Y,,
,125050,Fatehabad HR,HARYANA,Y,Y,Y,,
,125041,Meham,HARYANA,Y,Y,N,,
,143119,Tarn Taran Sahib,PUNJAB,Y,Y,Y,,
,209800,Unnao,UTTAR PRADESH,Y,Y,N,,
,208022,Kanpur,UTTAR PRADESH,Y,Y,Y,,
,193221,Handwara,JAMMU AND KASHMIR,Y,Y,N,,
,131029,Sonipat,HARYANA,Y,Y,Y,,
,225001,Barabanki,UTTAR PRADESH,Y,Y,Y,,
,211016,Allahabad,UTTAR PRADESH,Y,Y,Y,,
,331033,Jhunjhunu,RAJASTHAN,Y,Y,N,,
,134113,PANCHKULA,HARYANA,Y,Y,Y,,
,208017,Kanpur,UTTAR PRADESH,Y,Y,Y,,
,122007,Gurugram,HARYANA,Y,Y,Y,,
,230138,Patti UP,UTTAR PRADESH,N,N,N,,
,322228,Hindaun,RAJASTHAN,Y,Y,N,,
,273165,Gorakhpur,UTTAR PRADESH,Y,Y,N,,
,144053,Nakodar,PUNJAB,Y,Y,Y,,
,122104,Firozapur Jirka,HARYANA,N,N,N,,
,125056,Sirsa,HARYANA,Y,Y,Y,,
,321208,Deeg,RAJASTHAN,N,N,N,,
,321422,Bayana,RAJASTHAN,Y,Y,N,,
,261207,Sitapur,UTTAR PRADESH,Y,Y,N,,
,144209,Hoshiarpur,PUNJAB,Y,Y,N,,
,141304,Jalandhar,PUNJAB,Y,Y,Y,,
,243006,Bareilly,UTTAR PRADESH,Y,Y,Y,,
,284401,Jhansi,UTTAR PRADESH,Y,Y,N,,
,124107,Jhajjar,HARYANA,Y,Y,N,,
,262308,Khatima,UTTARAKHAND,Y,Y,Y,,
,176024,Nagrota Suriyan,HIMACHAL PRADESH,Y,Y,N,,
,177045,Nadaun,HIMACHAL PRADESH,Y,Y,N,,
,320007,Dungarpur,RAJASTHAN,Y,Y,N,,
,333032,GUDHA GORJI,RAJASTHAN,Y,Y,N,,
,132152,Karnal,HARYANA,Y,Y,N,,
,276304,Saraimeer,UTTAR PRADESH,Y,Y,N,,
,144034,NoorMahal,PUNJAB,Y,Y,Y,,
,144206,Hoshiarpur,PUNJAB,N,N,Y,,
,277123,Garwar,UTTAR PRADESH,Y,Y,Y,,
,160086,MOHALI,CHANDIGARH,Y,Y,Y,,
,227115,Malihabad,UTTAR PRADESH,N,N,N,,
,141413,MACHIWARA,PUNJAB,N,N,N,,
,144106,ADAMPUR,PUNJAB,Y,Y,Y,,
,110032,Delhi NCR,DELHI,Y,Y,Y,,
,342018,Mandor RJ,RAJASTHAN,Y,Y,Y,,
,147201,Patiala,PUNJAB,Y,Y,Y,,
,144103,ADAMPUR,PUNJAB,Y,Y,Y,,
,190018,Srinagar,JAMMU AND KASHMIR,Y,Y,Y,,
,312602,Mandphiya,RAJASTHAN,Y,Y,N,,
,251315,Khatauli,UTTAR PRADESH,N,N,N,,
,333701,Mandawa,RAJASTHAN,N,N,Y,,
,241204,Sandila,UTTAR PRADESH,Y,Y,N,,
,125043,Bhuna,HARYANA,Y,Y,Y,,
,332031,Dadiya,RAJASTHAN,Y,Y,Y,,
,313211,Railmagra,RAJASTHAN,Y,Y,N,,
,332044,Sikar,RAJASTHAN,Y,Y,N,,
,122054,Delhi NCR,DELHI,Y,Y,N,,
,344024,Balotra,RAJASTHAN,Y,Y,N,,
,143514,Gurdaspur,PUNJAB,Y,Y,N,,
,332701,Ajeetgarh,RAJASTHAN,Y,Y,Y,,
,144602,KAPURTHALA,PUNJAB,Y,Y,N,,
,171011,Shimla,HIMACHAL PRADESH,Y,Y,Y,,
,172031,KUMARSAIN,HIMACHAL PRADESH,Y,Y,N,,
,122207,Delhi NCR,DELHI,Y,Y,Y,,
,143304,Tarn Taran Sahib,PUNJAB,Y,Y,Y,,
,261136,Sitapur,UTTAR PRADESH,Y,Y,N,,
,247001,SAHARANPUR,UTTAR PRADESH,Y,Y,Y,,
,222139,Jaunpur,UTTAR PRADESH,N,N,N,,
,326023,Jhalawar,RAJASTHAN,Y,Y,Y,,
,322231,Hindaun,RAJASTHAN,Y,Y,N,,
,275305,Ghosi,UTTAR PRADESH,Y,Y,Y,,
,177042,Nadaun,HIMACHAL PRADESH,Y,Y,N,,
,127031,Bhiwani,HARYANA,Y,Y,Y,,
,243003,Bareilly,UTTAR PRADESH,Y,Y,Y,,
,226024,Lucknow,UTTAR PRADESH,Y,Y,Y,,
,141416,MACHIWARA,PUNJAB,N,N,Y,,
,176002,Nagrota Bagwan,HIMACHAL PRADESH,Y,Y,N,,
,122231,Gurugram,HARYANA,Y,Y,Y,,
,321211,Deeg,RAJASTHAN,N,N,N,,
,274509,SALEMPUR,UTTAR PRADESH,Y,Y,Y,,
,132041,Karnal,HARYANA,Y,Y,N,,
,190004,Srinagar,JAMMU AND KASHMIR,Y,Y,Y,,
,122229,Delhi NCR,DELHI,Y,Y,Y,,
,144603,KAPURTHALA,PUNJAB,Y,Y,Y,,
,133007,AMBALA,HARYANA,Y,Y,N,,
,144050,Nakodar,PUNJAB,Y,Y,Y,,
,493770,Dhamtari,CHHATTISGARH,N,N,N,,
,452003,Indore,MADHYA PRADESH,Y,Y,Y,,
,480105,Sausar,MADHYA PRADESH,Y,Y,Y,,
,493111,Raipur,CHHATTISGARH,N,N,Y,,
,462024,Bhopal,MADHYA PRADESH,Y,Y,Y,,
,484224,Anuppur,MADHYA PRADESH,N,N,N,,
,474011,Gwalior,MADHYA PRADESH,Y,Y,Y,,
,457665,Jhabua,MADHYA PRADESH,Y,Y,N,,
,495224,Bilaspur,CHHATTISGARH,N,N,N,,
,473101,Guna,MADHYA PRADESH,Y,Y,N,,
,492001,Raipur,CHHATTISGARH,Y,Y,Y,,
,481051,Ukwa,MADHYA PRADESH,Y,Y,N,,
,455115,Dewas,MADHYA PRADESH,N,N,N,,
,462014,Bhopal,MADHYA PRADESH,Y,Y,N,,
,492007,Raipur,CHHATTISGARH,Y,Y,Y,,
,481105,Ukwa,MADHYA PRADESH,Y,Y,N,,
,480551,Chindwara,MADHYA PRADESH,Y,Y,Y,,
,476133,Morena,MADHYA PRADESH,Y,Y,N,,
,494444,Bijapur CG,CHHATTISGARH,N,N,N,,
,490013,DURG,CHHATTISGARH,N,N,N,,
,465680,Pachore,MADHYA PRADESH,Y,Y,N,,
,497448,Manendragarh,CHHATTISGARH,Y,Y,N,,
,451667,Sendhwa,MADHYA PRADESH,Y,Y,Y,,
,465674,Biaora,MADHYA PRADESH,Y,Y,Y,,
,470006,Sagar,MADHYA PRADESH,Y,Y,N,,
,490012,Bhilai,CHHATTISGARH,Y,Y,N,,
,485004,Satna,MADHYA PRADESH,N,N,N,,
,458338,Mandsaur,MADHYA PRADESH,N,N,N,,
,493196,Balodabazar,CHHATTISGARH,Y,Y,N,,
,473229,Guna,MADHYA PRADESH,Y,Y,Y,,
,458581,Mandsaur,MADHYA PRADESH,N,N,N,,
,460663,Multai,MADHYA PRADESH,Y,Y,N,,
,485001,Satna,MADHYA PRADESH,Y,Y,Y,,
,483225,SIHORA MP,MADHYA PRADESH,Y,Y,Y,,
,481990,SHAHPURA SER,MADHYA PRADESH,N,N,N,,
,472118,Tikamgarh,MADHYA PRADESH,Y,Y,N,,
,454441,Dhar,MADHYA PRADESH,N,N,N,,
,451557,Barwani,MADHYA PRADESH,Y,Y,N,,
,460004,Betul,MADHYA PRADESH,Y,Y,N,,
,451111,Bediya,MADHYA PRADESH,Y,Y,N,,
,480881,Kurai,MADHYA PRADESH,Y,Y,N,,
,490004,Bhilai,CHHATTISGARH,Y,Y,Y,,
,480887,Lakhnadon,MADHYA PRADESH,Y,Y,N,,
,452004,Indore,MADHYA PRADESH,Y,Y,Y,,
,490021,Bhilai,CHHATTISGARH,Y,Y,N,,
,462042,Bhopal,MADHYA PRADESH,Y,Y,Y,,
,497335,Baikunthpur,CHHATTISGARH,Y,Y,Y,,
,488050,Panna,MADHYA PRADESH,Y,Y,Y,,
,462011,Bhopal,MADHYA PRADESH,Y,Y,Y,,
,492100,Raipur,CHHATTISGARH,Y,Y,N,,
,482050,GARHA,MADHYA PRADESH,N,N,N,,
,452006,Indore,MADHYA PRADESH,Y,Y,Y,,
,486333,Mauganj,MADHYA PRADESH,N,N,N,,
,496004,Raigarh,CHHATTISGARH,Y,Y,N,,
,491228,Balod,CHHATTISGARH,Y,Y,N,,
,486445,Semariya,MADHYA PRADESH,Y,Y,Y,,
,472445,Niwari,MADHYA PRADESH,N,N,N,,
,485772,Maihar,MADHYA PRADESH,Y,Y,N,,
,484447,Kotma,MADHYA PRADESH,N,N,N,,
,496220,Pathalgaon,CHHATTISGARH,N,N,N,,
,457553,Ratlam,MADHYA PRADESH,Y,Y,N,,
,491001,DURG,CHHATTISGARH,Y,Y,Y,,
,450117,Khirkiya,MADHYA PRADESH,N,N,N,,
,451773,Pansemal,MADHYA PRADESH,N,N,N,,
,452009,Indore,MADHYA PRADESH,Y,Y,N,,
,495119,Bilaspur,CHHATTISGARH,Y,Y,N,,
,462033,Bhopal,MADHYA PRADESH,Y,Y,Y,,
,495677,Korba,CHHATTISGARH,Y,Y,Y,,
,453661,Manpur,MADHYA PRADESH,N,N,N,,
,470882,TENDUKHEDA,MADHYA PRADESH,N,N,N,,
,458982,Mandsaur,MADHYA PRADESH,Y,Y,N,,
,460226,BHAINSDEHI,MADHYA PRADESH,N,N,N,,
,464112,VIDISHA,MADHYA PRADESH,Y,Y,N,,
,460001,Betul,MADHYA PRADESH,Y,Y,Y,,
,490024,Bhilai Jamul,CHHATTISGARH,Y,Y,N,,
,450017,Khandwa,MADHYA PRADESH,Y,Y,N,,
,475682,BHIND,MADHYA PRADESH,Y,Y,Y,,
,457994,Jobat,MADHYA PRADESH,Y,Y,N,,
,495674,Korba,CHHATTISGARH,N,N,N,,
,497117,LAKHANPUR CH,CHHATTISGARH,N,N,N,,
,481667,Nainpur,MADHYA PRADESH,N,N,N,,
,457227,Jaora,MADHYA PRADESH,N,N,N,,
,456010,Ujjain,MADHYA PRADESH,Y,Y,Y,,
,493881,ABHANPUR,CHHATTISGARH,Y,Y,N,,
,495006,Bilaspur,CHHATTISGARH,Y,Y,Y,,
,492004,Raipur,CHHATTISGARH,Y,Y,Y,,
,464556,Raisen,MADHYA PRADESH,Y,Y,N,,
,464221,Ganj Basoda,MADHYA PRADESH,Y,Y,Y,,
,464671,Udaipura,MADHYA PRADESH,Y,Y,N,,
,464229,Ganj Basoda,MADHYA PRADESH,Y,Y,N,,
,464114,Maksudangarh,MADHYA PRADESH,N,N,N,,
,490054,Bhilai,CHHATTISGARH,Y,Y,N,,
,451435,Khragone,MADHYA PRADESH,Y,Y,N,,
,471001,Chatarpur,MADHYA PRADESH,Y,Y,Y,,
,492101,Raipur,CHHATTISGARH,Y,Y,N,,
,493195,Bhatapara,CHHATTISGARH,Y,Y,N,,
,487225,Kareli,MADHYA PRADESH,Y,Y,N,,
,452012,Indore,MADHYA PRADESH,Y,Y,Y,,
,458335,Jiran,MADHYA PRADESH,N,N,N,,
,492107,Raipur,CHHATTISGARH,Y,Y,N,,
,490028,Bhilai Jamul,CHHATTISGARH,N,N,N,,
,483105,GARHA,MADHYA PRADESH,N,N,N,,
,454276,Kukshi,MADHYA PRADESH,Y,Y,N,,
,495686,Sakti,CHHATTISGARH,Y,Y,N,,
,495449,KASDOL,CHHATTISGARH,Y,Y,N,,
,474005,Gwalior,MADHYA PRADESH,Y,Y,Y,,
,480994,Nainpur,MADHYA PRADESH,N,N,N,,
,451451,Sendhwa,MADHYA PRADESH,Y,Y,N,,
,493776,Dhamtari,CHHATTISGARH,Y,Y,N,,
,458676,Mandsaur,MADHYA PRADESH,Y,Y,N,,
,470114,Sagar,MADHYA PRADESH,Y,Y,N,,
,486888,Waidhan,MADHYA PRADESH,Y,Y,Y,,
,477001,BHIND,MADHYA PRADESH,Y,Y,Y,,
,465335,Shujalpur,MADHYA PRADESH,N,N,N,,
,493331,Balodabazar,CHHATTISGARH,Y,Y,Y,,
,451770,Pansemal,MADHYA PRADESH,Y,Y,Y,,
,451660,THIKRI,MADHYA PRADESH,Y,Y,Y,,
,456440,Mahidpur,MADHYA PRADESH,Y,Y,N,,
,470675,Damoh,MADHYA PRADESH,Y,Y,N,,
,460661,Multai,MADHYA PRADESH,Y,Y,N,,
,481224,Lanji,MADHYA PRADESH,Y,Y,Y,,
,480441,Parasiya,MADHYA PRADESH,Y,Y,Y,,
,497235,BHATAGAON,CHHATTISGARH,N,N,N,,
,464776,Udaipura,MADHYA PRADESH,Y,Y,N,,
,481879,Dindori,MADHYA PRADESH,Y,Y,Y,,
,451376,Khragone,MADHYA PRADESH,Y,Y,N,,
,495553,Bilaspur,CHHATTISGARH,Y,Y,N,,
,474001,Gwalior,MADHYA PRADESH,Y,Y,Y,,
,485666,BIRSHINGHPUR,MADHYA PRADESH,N,N,N,,
,483501,Katni,MADHYA PRADESH,Y,Y,Y,,
,482005,Jabalpur,MADHYA PRADESH,Y,Y,Y,,
,495002,Bilaspur,CHHATTISGARH,Y,Y,Y,,
,470005,MAKRONIYA,MADHYA PRADESH,Y,Y,Y,,
,451664,Sendhwa,MADHYA PRADESH,Y,Y,N,,
,466331,Nasrullagunj,MADHYA PRADESH,Y,Y,N,,
,493335,KASDOL,CHHATTISGARH,N,N,N,,
,481339,WARASEONI,MADHYA PRADESH,Y,Y,N,,
,470773,Hatta,MADHYA PRADESH,N,N,N,,
,464651,Raisen,MADHYA PRADESH,Y,Y,N,,
,486450,Rewa,MADHYA PRADESH,N,N,N,,
,457891,Alirajpur,MADHYA PRADESH,Y,Y,N,,
,460447,Betul,MADHYA PRADESH,Y,Y,N,,
,466011,Sehore,MADHYA PRADESH,Y,Y,N,,
,477660,Morena,MADHYA PRADESH,N,N,N,,
,470120,Rahatgarh,MADHYA PRADESH,N,N,N,,
,460111,BHAINSDEHI,MADHYA PRADESH,N,N,N,,
,472337,Prithvipur,MADHYA PRADESH,Y,Y,N,,
,488220,Chandla,MADHYA PRADESH,Y,Y,N,,
,457332,Jaora,MADHYA PRADESH,Y,Y,N,,
,495690,DABHARA,CHHATTISGARH,Y,Y,Y,,
,495688,DABHARA,CHHATTISGARH,Y,Y,Y,,
,492021,Raipur,CHHATTISGARH,Y,Y,N,,
,483332,PAN UMARIYA,MADHYA PRADESH,Y,Y,N,,
,458474,Jawad,MADHYA PRADESH,Y,Y,Y,,
,461338,Harda,MADHYA PRADESH,Y,Y,N,,
,482009,Jabalpur,MADHYA PRADESH,Y,Y,Y,,
,466446,Nasrullagunj,MADHYA PRADESH,Y,Y,N,,
,465106,Shajapur,MADHYA PRADESH,Y,Y,N,,
,464881,Gairatganj,MADHYA PRADESH,Y,Y,N,,
,470013,Sagar,MADHYA PRADESH,Y,Y,N,,
,476134,Morena,MADHYA PRADESH,Y,Y,Y,,
,480337,Pandhurna,MADHYA PRADESH,Y,Y,N,,
,457336,Jaora,MADHYA PRADESH,Y,Y,N,,
,481995,BICHIYA,MADHYA PRADESH,N,N,N,,
,496553,SARANGARH,CHHATTISGARH,Y,Y,N,,
,451440,Khragone,MADHYA PRADESH,Y,Y,N,,
,455118,Dewas,MADHYA PRADESH,N,N,N,,
,456003,Ujjain,MADHYA PRADESH,Y,Y,Y,,
,493445,MAHASAMUND,CHHATTISGARH,Y,Y,N,,
,494331,Keshkal,CHHATTISGARH,N,N,N,,
,464668,BARELI MP,MADHYA PRADESH,Y,Y,N,,
,465223,Shujalpur,MADHYA PRADESH,Y,Y,N,,
,471301,Tikamgarh,MADHYA PRADESH,N,N,N,,
,451881,Shahada,MAHARASHTRA,Y,Y,N,,
,494442,Jagdalpur,CHHATTISGARH,N,N,N,,
,466666,Ashta,MADHYA PRADESH,N,N,N,,
,470662,Hatta,MADHYA PRADESH,Y,Y,N,,
,476219,Morena,MADHYA PRADESH,N,N,N,,
,483770,Barhi,MADHYA PRADESH,Y,Y,N,,
,457340,Jaora,MADHYA PRADESH,Y,Y,N,,
,493558,Basna,CHHATTISGARH,Y,Y,Y,,
,465550,Alot,MADHYA PRADESH,N,N,N,,
,462000,Bhopal,MADHYA PRADESH,Y,Y,Y,,
,461001,Hoshangabad,MADHYA PRADESH,Y,Y,N,,
,457333,Jaora,MADHYA PRADESH,Y,Y,N,,
,457550,PIPLODA,MADHYA PRADESH,Y,Y,Y,,
,480884,Lakhnadon,MADHYA PRADESH,Y,Y,N,,
,495113,RATANPURPALI,CHHATTISGARH,Y,Y,N,,
,463662,Dhamtari,CHHATTISGARH,Y,Y,N,,
,457335,Jaora,MADHYA PRADESH,Y,Y,N,,
,462010,Bhopal,MADHYA PRADESH,Y,Y,Y,,
,496665,Karshia,CHHATTISGARH,N,N,N,,
,476031,Morena,MADHYA PRADESH,Y,Y,N,,
,460551,Amla,MADHYA PRADESH,Y,Y,N,,
,465333,Shujalpur,MADHYA PRADESH,Y,Y,Y,,
,494449,Dantewada,CHHATTISGARH,N,N,N,,
,458777,Bhanpura,MADHYA PRADESH,Y,Y,N,,
,453115,Dhar,MADHYA PRADESH,Y,Y,N,,
,454448,Kukshi,MADHYA PRADESH,Y,Y,N,,
,481331,WARASEONI,MADHYA PRADESH,Y,Y,Y,,
,458660,Mandsaur,MADHYA PRADESH,N,N,N,,
,481001,BUDBUDA,MADHYA PRADESH,Y,Y,Y,,
,458116,Manasa,MADHYA PRADESH,Y,Y,N,,
,451221,THIKRI,MADHYA PRADESH,N,N,N,,
,460660,Multai,MADHYA PRADESH,Y,Y,N,,
,462041,Bhopal,MADHYA PRADESH,Y,Y,Y,,
,461445,Itarsi,MADHYA PRADESH,Y,Y,N,,
,475671,Bhander,MADHYA PRADESH,N,N,N,,
,480554,Chindwara,MADHYA PRADESH,Y,Y,Y,,
,461110,Hoshangabad,MADHYA PRADESH,N,N,N,,
,474004,Gwalior,MADHYA PRADESH,Y,Y,Y,,
,484665,ManpurMP,MADHYA PRADESH,Y,Y,Y,,
,465448,Shajapur,MADHYA PRADESH,Y,Y,N,,
,481222,Lanji,MADHYA PRADESH,Y,Y,N,,
,491002,DURG,CHHATTISGARH,N,N,N,,
,481880,Dindori,MADHYA PRADESH,Y,Y,Y,,
,484001,Shahdol,MADHYA PRADESH,Y,Y,N,,
,483503,Katni,MADHYA PRADESH,Y,Y,N,,
,462017,Bhopal,MADHYA PRADESH,Y,Y,N,,
,488441,Panna,MADHYA PRADESH,Y,Y,N,,
,490020,Bhilai,CHHATTISGARH,Y,Y,Y,,
,490007,Bhilai,CHHATTISGARH,Y,Y,Y,,
,458110,Manasa,MADHYA PRADESH,Y,Y,Y,,
,493889,Gariyabandh,CHHATTISGARH,Y,Y,Y,,
,492103,Bhilai,CHHATTISGARH,Y,Y,N,,
,484220,Anuppur,MADHYA PRADESH,N,N,N,,
,480559,Parasiya,MADHYA PRADESH,N,N,N,,
,450003,Khandwa,MADHYA PRADESH,Y,Y,N,,
,494225,Kondagaon,CHHATTISGARH,Y,Y,N,,
,457661,Jhabua,MADHYA PRADESH,Y,Y,N,,
,481556,Paraswada,MADHYA PRADESH,N,N,N,,
,458667,Mandsaur,MADHYA PRADESH,N,N,N,,
,492885,Khairagarh,CHHATTISGARH,N,N,N,,
,491221,Utaipatan,CHHATTISGARH,Y,Y,N,,
,470112,MAKRONIYA,MADHYA PRADESH,Y,Y,Y,,
,465447,Shajapur,MADHYA PRADESH,Y,Y,N,,
,480109,Sausar,MADHYA PRADESH,N,N,N,,
,450116,Khirkiya,MADHYA PRADESH,N,N,N,,
,480661,Seoni,MADHYA PRADESH,Y,Y,N,,
,493888,Mainpur,CHHATTISGARH,Y,Y,Y,,
,454001,Dhar,MADHYA PRADESH,Y,Y,Y,,
,487330,Kareli,MADHYA PRADESH,Y,Y,N,,
,455111,Dewas,MADHYA PRADESH,Y,Y,Y,,
,462021,Bhopal,MADHYA PRADESH,Y,Y,Y,,
,474007,Gwalior,MADHYA PRADESH,Y,Y,Y,,
,495684,Korba,CHHATTISGARH,Y,Y,N,,
,458770,Bhanpura,MADHYA PRADESH,Y,Y,N,,
,458558,Mandsaur,MADHYA PRADESH,N,N,N,,
,497229,Bishrampur,CHHATTISGARH,Y,Y,Y,,
,458470,Jawad,MADHYA PRADESH,Y,Y,Y,,
,456006,Ujjain,MADHYA PRADESH,Y,Y,Y,,
,496445,SARANGARH,CHHATTISGARH,Y,Y,Y,,
,477555,BHIND,MADHYA PRADESH,Y,Y,Y,,
,453555,Sanwer,MADHYA PRADESH,Y,Y,Y,,
,482006,Jabalpur,MADHYA PRADESH,Y,Y,Y,,
,495334,Mungeli,CHHATTISGARH,Y,Y,Y,,
,454334,Khandwa,MADHYA PRADESH,N,N,N,,
,474010,Gwalior,MADHYA PRADESH,Y,Y,Y,,
,461115,Itarsi,MADHYA PRADESH,Y,Y,N,,
,455344,KHATEGAON,MADHYA PRADESH,N,N,N,,
,491107,Utaipatan,CHHATTISGARH,Y,Y,Y,,
,456009,Ujjain,MADHYA PRADESH,Y,Y,Y,,
,451115,Bediya,MADHYA PRADESH,Y,Y,N,,
,458113,Manasa,MADHYA PRADESH,Y,Y,N,,
,450221,Burhanpur,MADHYA PRADESH,Y,Y,N,,
,455002,Dewas,MADHYA PRADESH,N,N,N,,
,473551,SHIVPURI,MADHYA PRADESH,Y,Y,Y,,
,457002,Ratlam,MADHYA PRADESH,N,N,N,,
,452015,Indore,MADHYA PRADESH,Y,Y,Y,,
,477105,BHIND,MADHYA PRADESH,Y,Y,Y,,
,451442,Julwania,MADHYA PRADESH,Y,Y,N,,
,493211,Raipur,CHHATTISGARH,N,N,N,,
,470002,Sagar,MADHYA PRADESH,Y,Y,Y,,
,470124,Bina,MADHYA PRADESH,Y,Y,N,,
,457777,Thandla,MADHYA PRADESH,N,N,N,,
,485774,Amarpatan,MADHYA PRADESH,N,N,N,,
,491340,Tilda,CHHATTISGARH,N,N,N,,
,462005,Bhopal,MADHYA PRADESH,Y,Y,N,,
,458664,Mandsaur,MADHYA PRADESH,Y,Y,N,,
,485661,Maihar,MADHYA PRADESH,Y,Y,N,,
,458393,Mandsaur,MADHYA PRADESH,Y,Y,N,,
,482001,Jabalpur,MADHYA PRADESH,Y,Y,Y,,
,458771,Bhanpura,MADHYA PRADESH,Y,Y,N,,
,466115,ICHHAWAR,MADHYA PRADESH,N,N,N,,
,484002,Shahdol,MADHYA PRADESH,Y,Y,Y,,
,490022,Bhilai Jamul,CHHATTISGARH,N,N,N,,
,451553,Barwani,MADHYA PRADESH,Y,Y,N,,
,471202,Chatarpur,MADHYA PRADESH,Y,Y,N,,
,491885,Khairagarh,CHHATTISGARH,N,N,N,,
,457119,Mahidpur,MADHYA PRADESH,Y,Y,N,,
,496334,Kunkari,CHHATTISGARH,N,N,N,,
,451558,Barwani,MADHYA PRADESH,Y,Y,N,,
,452001,Indore,MADHYA PRADESH,Y,Y,Y,,
,496001,Raigarh,CHHATTISGARH,Y,Y,Y,,
,486890,Waidhan,MADHYA PRADESH,Y,Y,Y,,
,494553,BACHELI,CHHATTISGARH,N,N,N,,
,484660,Umaria,MADHYA PRADESH,Y,Y,N,,
,481885,SHAHPURA SER,MADHYA PRADESH,N,N,N,,
,456004,Ujjain,MADHYA PRADESH,N,N,N,,
,470666,Sagar,MADHYA PRADESH,Y,Y,N,,
,462028,Bhopal,MADHYA PRADESH,Y,Y,N,,
,457771,Thandla,MADHYA PRADESH,N,N,N,,
,490003,Bhilai,CHHATTISGARH,N,N,N,,
,450445,Burhanpur,MADHYA PRADESH,Y,Y,N,,
,495683,Korba,CHHATTISGARH,N,N,N,,
,486009,Rewa,MADHYA PRADESH,Y,Y,N,,
,458595,Mandsaur,MADHYA PRADESH,Y,Y,N,,
,465418,Shujalpur,MADHYA PRADESH,Y,Y,N,,
,495554,Bilaspur,CHHATTISGARH,Y,Y,N,,
,464001,VIDISHA,MADHYA PRADESH,Y,Y,Y,,
,471501,Chatarpur,MADHYA PRADESH,Y,Y,N,,
,466001,Sehore,MADHYA PRADESH,Y,Y,Y,,
,461166,Itarsi,MADHYA PRADESH,Y,Y,N,,
,454552,THIKRI,MADHYA PRADESH,N,N,N,,
,476001,Morena,MADHYA PRADESH,Y,Y,Y,,
,457887,Alirajpur,MADHYA PRADESH,Y,Y,N,,
,466117,Ashta,MADHYA PRADESH,N,N,N,,
,457223,Jaora,MADHYA PRADESH,Y,Y,N,,
,454773,Dhar,MADHYA PRADESH,Y,Y,Y,,
,486885,Waidhan,MADHYA PRADESH,Y,Y,Y,,
,494223,Bastar,CHHATTISGARH,Y,Y,Y,,
,484555,Umaria,MADHYA PRADESH,Y,Y,N,,
,493101,Tilda,CHHATTISGARH,Y,Y,Y,,
,454345,Kukshi,MADHYA PRADESH,N,N,N,,
,451665,Sendhwa,MADHYA PRADESH,Y,Y,N,,
,455224,Dewas,MADHYA PRADESH,N,N,N,,
,470000,Sagar,MADHYA PRADESH,Y,Y,N,,
,466445,Hoshangabad,MADHYA PRADESH,Y,Y,N,,
,491004,DURG,CHHATTISGARH,Y,Y,N,,
,466448,Hoshangabad,MADHYA PRADESH,N,N,N,,
,462032,Bhopal,MADHYA PRADESH,Y,Y,Y,,
,484664,ManpurMP,MADHYA PRADESH,Y,Y,N,,
,470119,Rahatgarh,MADHYA PRADESH,N,N,N,,
,486008,Rewa,MADHYA PRADESH,N,N,N,,
,461005,Hoshangabad,MADHYA PRADESH,Y,Y,N,,
,486005,Rewa,MADHYA PRADESH,N,N,N,,
,496101,DABHARA,CHHATTISGARH,Y,Y,N,,
,492104,Raipur,CHHATTISGARH,N,N,N,,
,483110,SHAHPURA SER,MADHYA PRADESH,N,N,N,,
,490023,Bhilai,CHHATTISGARH,Y,Y,Y,,
,495444,Katgora,CHHATTISGARH,N,N,N,,
,480449,Parasiya,MADHYA PRADESH,Y,Y,Y,,
,482011,Jabalpur,MADHYA PRADESH,Y,Y,Y,,
,458333,Jiran,MADHYA PRADESH,N,N,N,,
,452007,Indore,MADHYA PRADESH,Y,Y,Y,,
,492009,Raipur,CHHATTISGARH,Y,Y,Y,,
,460553,Amla,MADHYA PRADESH,Y,Y,N,,
,480888,Lakhnadon,MADHYA PRADESH,Y,Y,N,,
,492102,Raipur,CHHATTISGARH,Y,Y,N,,
,484336,Kotma,MADHYA PRADESH,N,N,N,,
,458886,Mandsaur,MADHYA PRADESH,Y,Y,N,,
,495671,Champa,CHHATTISGARH,Y,Y,N,,
,492011,Raipur,CHHATTISGARH,Y,Y,N,,
,480001,Chindwara,MADHYA PRADESH,Y,Y,Y,,
,494003,Jagdalpur,CHHATTISGARH,Y,Y,N,,
,454350,Kukshi,MADHYA PRADESH,N,N,N,,
,458272,Manasa,MADHYA PRADESH,Y,Y,N,,
,480102,Chindwara,MADHYA PRADESH,Y,Y,Y,,
,471525,Chandla,MADHYA PRADESH,Y,Y,Y,,
,474020,Gwalior,MADHYA PRADESH,Y,Y,Y,,
,490026,Bhilai,CHHATTISGARH,Y,Y,Y,,
,461668,Hoshangabad,MADHYA PRADESH,N,N,N,,
,480003,Chindwara,MADHYA PRADESH,Y,Y,Y,,
,490006,Bhilai,CHHATTISGARH,Y,Y,Y,,
,461381,Harda,MADHYA PRADESH,Y,Y,N,,
,461222,Seoni Malwa,MADHYA PRADESH,Y,Y,N,,
,472001,Tikamgarh,MADHYA PRADESH,Y,Y,N,,
,485771,Maihar,MADHYA PRADESH,Y,Y,Y,,
,495559,Champa,CHHATTISGARH,Y,Y,Y,,
,495551,Bilaspur,CHHATTISGARH,Y,Y,N,,
,473445,GADARWARA,MADHYA PRADESH,N,N,N,,
,497447,Manendragarh,CHHATTISGARH,Y,Y,N,,
,455004,Dewas,MADHYA PRADESH,N,N,N,,
,474015,Gwalior,MADHYA PRADESH,Y,Y,Y,,
,490001,Bhilai,CHHATTISGARH,Y,Y,Y,,
,494556,BACHELI,CHHATTISGARH,N,N,N,,
,462025,Bhopal,MADHYA PRADESH,Y,Y,N,,
,470008,Sagar,MADHYA PRADESH,Y,Y,N,,
,451661,Barwani,MADHYA PRADESH,Y,Y,N,,
,485002,Satna,MADHYA PRADESH,Y,Y,N,,
,457001,Ratlam,MADHYA PRADESH,Y,Y,N,,
,480104,Sausar,MADHYA PRADESH,Y,Y,N,,
,473002,Guna,MADHYA PRADESH,N,N,N,,
,492014,Raipur,CHHATTISGARH,Y,Y,N,,
,454435,Dhar,MADHYA PRADESH,Y,Y,N,,
,451332,Bhikangaon,MADHYA PRADESH,N,N,N,,
,456007,Ujjain,MADHYA PRADESH,Y,Y,Y,,
,453562,Sanwer,MADHYA PRADESH,Y,Y,N,,
,487770,GADARWARA,MADHYA PRADESH,Y,Y,N,,
,451381,Khragone,MADHYA PRADESH,Y,Y,N,,
,464240,Bina,MADHYA PRADESH,Y,Y,N,,
,493113,Bhatapara,CHHATTISGARH,Y,Y,N,,
,465661,Biaora,MADHYA PRADESH,Y,Y,N,,
,457775,Petlawad,MADHYA PRADESH,Y,Y,N,,
,466644,Sehore,MADHYA PRADESH,Y,Y,N,,
,492015,Raipur,CHHATTISGARH,Y,Y,Y,,
,477445,BHIND,MADHYA PRADESH,Y,Y,Y,,
,480108,Sausar,MADHYA PRADESH,Y,Y,N,,
,495678,Korba,CHHATTISGARH,Y,Y,Y,,
,470771,Damoh,MADHYA PRADESH,Y,Y,N,,
,471028,Deori,MADHYA PRADESH,Y,Y,N,,
,481022,BUDBUDA,MADHYA PRADESH,Y,Y,N,,
,465697,Sarangpur,MADHYA PRADESH,Y,Y,Y,,
,485111,Rampur Baghelan MP,MADHYA PRADESH,Y,Y,N,,
,456300,Nagda,MADHYA PRADESH,Y,Y,N,,
,494224,Bastar,CHHATTISGARH,Y,Y,N,,
,458002,Mandsaur,MADHYA PRADESH,Y,Y,N,,
,465221,Shajapur,MADHYA PRADESH,Y,Y,N,,
,487221,Kareli,MADHYA PRADESH,Y,Y,N,,
,472338,Prithvipur,MADHYA PRADESH,Y,Y,N,,
,453777,Indore,MADHYA PRADESH,N,N,Y,,
,472115,Tikamgarh,MADHYA PRADESH,Y,Y,N,,
,465677,Maksudangarh,MADHYA PRADESH,N,N,N,,
,490010,DURG,CHHATTISGARH,N,N,N,,
,491336,Kavarda,CHHATTISGARH,Y,Y,Y,,
,486338,Deotalab,MADHYA PRADESH,N,N,N,,
,465110,Shajapur,MADHYA PRADESH,Y,Y,N,,
,455113,Dewas,MADHYA PRADESH,Y,Y,Y,,
,460443,Betul,MADHYA PRADESH,Y,Y,Y,,
,457552,Jaora,MADHYA PRADESH,Y,Y,Y,,
,480669,Seoni,MADHYA PRADESH,Y,Y,N,,
,454331,Kukshi,MADHYA PRADESH,N,N,N,,
,465687,Pachore,MADHYA PRADESH,Y,Y,Y,,
,480664,Seoni,MADHYA PRADESH,Y,Y,N,,
,471606,Khajurao MP,MADHYA PRADESH,Y,Y,N,,
,493332,Balodabazar,CHHATTISGARH,Y,Y,N,,
,481669,Mandla,MADHYA PRADESH,Y,Y,N,,
,454775,Manpur,MADHYA PRADESH,Y,Y,Y,,
,455116,Dewas,MADHYA PRADESH,N,N,N,,
,481551,Paraswada,MADHYA PRADESH,N,N,N,,
,484885,RAJENDRAGRAM,MADHYA PRADESH,N,N,N,,
,493890,Devbhog,CHHATTISGARH,Y,Y,Y,,
,495001,Bilaspur,CHHATTISGARH,Y,Y,Y,,
,462100,Bhopal,MADHYA PRADESH,Y,Y,N,,
,456001,Ujjain,MADHYA PRADESH,Y,Y,Y,,
,462038,Bhopal,MADHYA PRADESH,Y,Y,Y,,
,482002,Jabalpur,MADHYA PRADESH,Y,Y,Y,,
,481445,Katangi,MADHYA PRADESH,Y,Y,Y,,
,493773,Dhamtari,CHHATTISGARH,Y,Y,Y,,
,480106,Sausar,MADHYA PRADESH,Y,Y,N,,
,462023,Bhopal,MADHYA PRADESH,Y,Y,Y,,
,454116,Dhar,MADHYA PRADESH,N,N,N,,
,495692,DABHARA,CHHATTISGARH,Y,Y,N,,
,476006,Morena,MADHYA PRADESH,Y,Y,N,,
,462039,Bhopal,MADHYA PRADESH,Y,Y,Y,,
,494221,Bastar,CHHATTISGARH,Y,Y,Y,,
,451335,Khragone,MADHYA PRADESH,Y,Y,N,,
,454280,Kukshi,MADHYA PRADESH,Y,Y,N,,
,484114,Shahdol,MADHYA PRADESH,Y,Y,N,,
,451001,Khragone,MADHYA PRADESH,Y,Y,Y,,
,492016,Raipur,CHHATTISGARH,Y,Y,N,,
,451443,Khragone,MADHYA PRADESH,Y,Y,N,,
,462035,Bhopal,MADHYA PRADESH,Y,Y,Y,,
,457772,Thandla,MADHYA PRADESH,N,N,N,,
,464551,Raisen,MADHYA PRADESH,Y,Y,N,,
,481102,BUDBUDA,MADHYA PRADESH,Y,Y,N,,
,453643,Indore,MADHYA PRADESH,Y,Y,Y,,
,457118,Alot,MADHYA PRADESH,Y,Y,N,,
,494227,Kondagaon,CHHATTISGARH,Y,Y,N,,
,486003,Rewa,MADHYA PRADESH,Y,Y,Y,,
,457337,Jaora,MADHYA PRADESH,Y,Y,N,,
,461118,Itarsi,MADHYA PRADESH,Y,Y,N,,
,474006,Gwalior,MADHYA PRADESH,Y,Y,Y,,
,462003,Bhopal,MADHYA PRADESH,Y,Y,Y,,
,472336,Prithvipur,MADHYA PRADESH,Y,Y,N,,
,484774,Beohari,MADHYA PRADESH,N,N,N,,
,465441,Agarmalwa,MADHYA PRADESH,N,N,N,,
,454730,Badnawar,MADHYA PRADESH,N,N,N,,
,495682,Korba,CHHATTISGARH,N,N,N,,
,453831,Indore,MADHYA PRADESH,Y,Y,Y,,
,487441,Kareli,MADHYA PRADESH,Y,Y,N,,
,484110,Shahdol,MADHYA PRADESH,Y,Y,N,,
,451550,Barwani,MADHYA PRADESH,Y,Y,N,,
,454111,Dhar,MADHYA PRADESH,N,N,N,,
,497559,Chirimiri,MADHYA PRADESH,Y,Y,N,,
,476026,Morena,MADHYA PRADESH,Y,Y,N,,
,493526,KASDOL,CHHATTISGARH,N,N,N,,
,485113,Satna,MADHYA PRADESH,Y,Y,Y,,
,457774,Petlawad,MADHYA PRADESH,Y,Y,N,,
,495337,Mungeli,CHHATTISGARH,Y,Y,N,,
,492002,Raipur,CHHATTISGARH,Y,Y,N,,
,483880,Barhi,MADHYA PRADESH,Y,Y,N,,
,486335,Mauganj,MADHYA PRADESH,N,N,N,,
,465336,Shujalpur,MADHYA PRADESH,Y,Y,N,,
,458441,Neemuch,MADHYA PRADESH,Y,Y,N,,
,470004,MAKRONIYA,MADHYA PRADESH,Y,Y,Y,,
,493114,Tilda,CHHATTISGARH,Y,Y,N,,
,485446,NAGOD,MADHYA PRADESH,N,N,N,,
,458224,Manasa,MADHYA PRADESH,Y,Y,N,,
,463106,Berasia,MADHYA PRADESH,Y,Y,N,,
,487551,GADARWARA,MADHYA PRADESH,Y,Y,N,,
,465001,Shajapur,MADHYA PRADESH,Y,Y,Y,,
,452002,Indore,MADHYA PRADESH,Y,Y,Y,,
,464010,Sagar,MADHYA PRADESH,Y,Y,N,,
,454660,Dhar,MADHYA PRADESH,Y,Y,Y,,
,486341,Deotalab,MADHYA PRADESH,N,N,N,,
,460444,Betul,MADHYA PRADESH,Y,Y,Y,,
,485005,Satna,MADHYA PRADESH,Y,Y,Y,,
,496118,Pathalgaon,CHHATTISGARH,N,N,N,,
,480882,Seoni,MADHYA PRADESH,Y,Y,N,,
,224138,Burhanpur,MADHYA PRADESH,N,N,N,,
,483445,PAN UMARIYA,MADHYA PRADESH,Y,Y,N,,
,493996,Gariyabandh,CHHATTISGARH,Y,Y,N,,
,484334,Kotma,MADHYA PRADESH,N,N,N,,
,452016,Indore,MADHYA PRADESH,Y,Y,Y,,
,492000,Raipur,CHHATTISGARH,Y,Y,N,,
,470118,Bina,MADHYA PRADESH,Y,Y,N,,
,455335,KHATEGAON,MADHYA PRADESH,N,N,N,,
,486886,Waidhan,MADHYA PRADESH,Y,Y,Y,,
,460449,Betul,MADHYA PRADESH,Y,Y,N,,
,487110,NARSINGPUR,MADHYA PRADESH,Y,Y,N,,
,471405,Tikamgarh,MADHYA PRADESH,Y,Y,Y,,
,462046,Mandideep,MADHYA PRADESH,N,N,N,,
,457551,PIPLODA,MADHYA PRADESH,Y,Y,Y,,
,457773,Petlawad,MADHYA PRADESH,Y,Y,N,,
,457334,Jaora,MADHYA PRADESH,Y,Y,N,,
,456443,Mahidpur,MADHYA PRADESH,Y,Y,N,,
,462047,Mandideep,MADHYA PRADESH,N,N,N,,
,458389,Mandsaur,MADHYA PRADESH,N,N,N,,
,497553,Chirimiri,MADHYA PRADESH,Y,Y,N,,
,496661,Karshia,CHHATTISGARH,Y,Y,Y,,
,475110,Dabra,MADHYA PRADESH,Y,Y,Y,,
,483334,PAN UMARIYA,MADHYA PRADESH,Y,Y,N,,
,480442,Parasiya,MADHYA PRADESH,Y,Y,Y,,
,495004,Bilaspur,CHHATTISGARH,Y,Y,Y,,
,458576,Mandsaur,MADHYA PRADESH,Y,Y,N,,
,461551,Itarsi,MADHYA PRADESH,Y,Y,N,,
,493229,Balodabazar,CHHATTISGARH,Y,Y,Y,,
,415014,Satara,MAHARASHTRA,N,N,N,,
,471318,Buxwaha,MADHYA PRADESH,N,N,N,,
,466651,Kurawar,MADHYA PRADESH,Y,Y,N,,
,485441,NAGOD,MADHYA PRADESH,N,N,N,,
,497773,Chirimiri,MADHYA PRADESH,Y,Y,N,,
,465689,Zirapur,MADHYA PRADESH,Y,Y,N,,
,486002,Rewa,MADHYA PRADESH,Y,Y,Y,,
,456335,Nagda,MADHYA PRADESH,Y,Y,Y,,
,464110,VIDISHA,MADHYA PRADESH,Y,Y,N,,
,495454,Korba,CHHATTISGARH,Y,Y,Y,,
,455348,KHATEGAON,MADHYA PRADESH,N,N,N,,
,457426,Jaora,MADHYA PRADESH,Y,Y,N,,
,461772,Pipariya,MADHYA PRADESH,Y,Y,N,,
,470226,Deori,MADHYA PRADESH,Y,Y,Y,,
,457893,Alirajpur,MADHYA PRADESH,N,N,N,,
,458772,Bhanpura,MADHYA PRADESH,Y,Y,N,,
,456662,Ujjain,MADHYA PRADESH,N,N,N,,
,480334,Pandhurna,MADHYA PRADESH,Y,Y,N,,
,465230,Agarmalwa,MADHYA PRADESH,N,N,N,,
,458895,Mandsaur,MADHYA PRADESH,N,N,N,,
,454010,Dhar,MADHYA PRADESH,N,N,N,,
,458668,Mandsaur,MADHYA PRADESH,Y,Y,N,,
,458232,Manasa,MADHYA PRADESH,Y,Y,N,,
,461553,Itarsi,MADHYA PRADESH,Y,Y,N,,
,491444,Khairagarh,CHHATTISGARH,N,N,N,,
,473287,Maksudangarh,MADHYA PRADESH,N,N,N,,
,480557,Parasiya,MADHYA PRADESH,N,N,N,,
,454668,Badnawar,MADHYA PRADESH,N,N,N,,
,465679,Zirapur,MADHYA PRADESH,Y,Y,N,,
,451552,Barwani,MADHYA PRADESH,Y,Y,N,,
,481998,BICHIYA,MADHYA PRADESH,N,N,N,,
,457583,Thandla,MADHYA PRADESH,Y,Y,N,,
,464676,SILWANI,MADHYA PRADESH,N,N,N,,
,482020,Jabalpur,MADHYA PRADESH,Y,Y,Y,,
,454729,Badnawar,MADHYA PRADESH,N,N,N,,
,458775,Bhanpura,MADHYA PRADESH,Y,Y,N,,
,470001,Sagar,MADHYA PRADESH,Y,Y,Y,,
,475335,Bhander,MADHYA PRADESH,Y,Y,Y,,
,461446,Itarsi,MADHYA PRADESH,Y,Y,N,,
,486007,Rewa,MADHYA PRADESH,Y,Y,N,,
,487881,GADARWARA,MADHYA PRADESH,Y,Y,N,,
,481338,WARASEONI,MADHYA PRADESH,Y,Y,N,,
,485775,Amarpatan,MADHYA PRADESH,Y,Y,N,,
,492105,Raipur,CHHATTISGARH,Y,Y,N,,
,457890,Alirajpur,MADHYA PRADESH,Y,Y,N,,
,493892,Devbhog,CHHATTISGARH,Y,Y,N,,
,494229,Kondagaon,CHHATTISGARH,Y,Y,N,,
,482000,Jabalpur,MADHYA PRADESH,Y,Y,N,,
,486884,Waidhan,MADHYA PRADESH,Y,Y,Y,,
,495009,Bilaspur,CHHATTISGARH,Y,Y,Y,,
,464016,Sagar,MADHYA PRADESH,Y,Y,N,,
,475005,Dabra,MADHYA PRADESH,Y,Y,N,,
,495660,Champa,CHHATTISGARH,N,N,N,,
,462006,Bhopal,MADHYA PRADESH,Y,Y,N,,
,462019,Bhopal,MADHYA PRADESH,Y,Y,N,,
,496225,Kunkari,CHHATTISGARH,N,N,N,,
,470775,Hatta,MADHYA PRADESH,N,N,N,,
,490009,Bhilai,CHHATTISGARH,Y,Y,Y,,
,466221,Ashta,MADHYA PRADESH,Y,Y,N,,
,451771,Pansemal,MADHYA PRADESH,N,N,N,,
,457003,Ratlam,MADHYA PRADESH,Y,Y,N,,
,462027,Bhopal,MADHYA PRADESH,Y,Y,Y,,
,481771,Mandla,MADHYA PRADESH,Y,Y,N,,
,460445,Betul,MADHYA PRADESH,Y,Y,Y,,
,457770,Petlawad,MADHYA PRADESH,Y,Y,N,,
,462008,Bhopal,MADHYA PRADESH,Y,Y,Y,,
,484661,Umaria,MADHYA PRADESH,Y,Y,N,,
,470880,DEORI JAMADAR,MADHYA PRADESH,N,N,N,,
,465444,Agarmalwa,MADHYA PRADESH,N,N,N,,
,458688,Mandsaur,MADHYA PRADESH,N,N,N,,
,452014,Indore,MADHYA PRADESH,Y,Y,Y,,
,466003,Sehore,MADHYA PRADESH,Y,Y,N,,
,493663,Dhamtari,CHHATTISGARH,N,N,N,,
,464990,Mandideep,MADHYA PRADESH,N,N,N,,
,481441,WARASEONI,MADHYA PRADESH,Y,Y,N,,
,493116,Tilda,CHHATTISGARH,Y,Y,N,,
,464770,Udaipura,MADHYA PRADESH,Y,Y,N,,
,458330,Jawad,MADHYA PRADESH,Y,Y,N,,
,486331,Mauganj,MADHYA PRADESH,N,N,N,,
,462016,Bhopal,MADHYA PRADESH,Y,Y,Y,,
,481449,Katangi,MADHYA PRADESH,Y,Y,Y,,
,497451,Chirimiri,MADHYA PRADESH,Y,Y,Y,,
,495555,Bilaspur,CHHATTISGARH,Y,Y,Y,,
,456005,Ujjain,MADHYA PRADESH,Y,Y,Y,,
,458265,Manasa,MADHYA PRADESH,Y,Y,N,,
,491111,Utaipatan,CHHATTISGARH,Y,Y,Y,,
,486010,Rewa,MADHYA PRADESH,Y,Y,N,,
,485226,BIRSHINGHPUR,MADHYA PRADESH,Y,Y,Y,,
,450554,Bediya,MADHYA PRADESH,Y,Y,N,,
,495689,Sakti,CHHATTISGARH,Y,Y,N,,
,451341,Khragone,MADHYA PRADESH,Y,Y,N,,
,462001,Bhopal,MADHYA PRADESH,Y,Y,Y,,
,454333,Kukshi,MADHYA PRADESH,Y,Y,N,,
,465445,Shajapur,MADHYA PRADESH,Y,Y,N,,
,476337,Sheopur,MADHYA PRADESH,Y,Y,Y,,
,481101,BUDBUDA,MADHYA PRADESH,Y,Y,N,,
,471515,Lavkushnagar,MADHYA PRADESH,Y,Y,N,,
,484552,Umaria,MADHYA PRADESH,Y,Y,N,,
,458553,Mandsaur,MADHYA PRADESH,Y,Y,N,,
,476115,Morena,MADHYA PRADESH,Y,Y,Y,,
,466554,Hoshangabad,MADHYA PRADESH,N,N,N,,
,461223,Seoni Malwa,MADHYA PRADESH,Y,Y,N,,
,457331,PIPLODA,MADHYA PRADESH,Y,Y,Y,,
,462031,Bhopal,MADHYA PRADESH,Y,Y,Y,,
,461661,Hoshangabad,MADHYA PRADESH,Y,Y,N,,
,451559,Barwani,MADHYA PRADESH,Y,Y,N,,
,480339,Pandhurna,MADHYA PRADESH,Y,Y,N,,
,464886,SILWANI,MADHYA PRADESH,N,N,N,,
,493662,Gariyabandh,CHHATTISGARH,N,N,N,,
,482007,Jabalpur,MADHYA PRADESH,Y,Y,Y,,
,494226,Kondagaon,CHHATTISGARH,Y,Y,Y,,
,470003,MAKRONIYA,MADHYA PRADESH,Y,Y,Y,,
,493002,Raipur,CHHATTISGARH,Y,Y,N,,
,464228,SIRONJ,MADHYA PRADESH,Y,Y,N,,
,491995,Kavarda,CHHATTISGARH,Y,Y,N,,
,480553,Chindwara,MADHYA PRADESH,Y,Y,Y,,
,452056,Indore,MADHYA PRADESH,Y,Y,N,,
,483336,SIHORA MP,MADHYA PRADESH,N,N,N,,
,481266,BUDBUDA,MADHYA PRADESH,Y,Y,N,,
,492109,Gariyabandh,CHHATTISGARH,Y,Y,N,,
,497226,Bishrampur,CHHATTISGARH,N,N,N,,
,462030,Bhopal,MADHYA PRADESH,Y,Y,Y,,
,454221,Kukshi,MADHYA PRADESH,N,N,N,,
,497442,Manendragarh,CHHATTISGARH,Y,Y,N,,
,495330,TAKHATPUR,CHHATTISGARH,Y,Y,N,,
,462034,Bhopal,MADHYA PRADESH,Y,Y,Y,,
,466119,Ashta,MADHYA PRADESH,N,N,N,,
,453441,Pithampur,MADHYA PRADESH,Y,Y,Y,,
,458990,Mandsaur,MADHYA PRADESH,N,N,N,,
,492559,Mungeli,CHHATTISGARH,Y,Y,N,,
,485778,Amarpatan,MADHYA PRADESH,Y,Y,Y,,
,491232,Balod,CHHATTISGARH,Y,Y,N,,
,457662,Jhabua,MADHYA PRADESH,Y,Y,N,,
,487885,GADARWARA,MADHYA PRADESH,Y,Y,N,,
,495687,Sakti,CHHATTISGARH,Y,Y,N,,
,472111,Tikamgarh,MADHYA PRADESH,Y,Y,N,,
,456002,Ujjain,MADHYA PRADESH,Y,Y,Y,,
,465691,Zirapur,MADHYA PRADESH,Y,Y,N,,
,483775,Barhi,MADHYA PRADESH,Y,Y,N,,
,470116,Bina,MADHYA PRADESH,Y,Y,Y,,
,460665,Multai,MADHYA PRADESH,Y,Y,N,,
,483333,PAN UMARIYA,MADHYA PRADESH,Y,Y,N,,
,494004,Jagdalpur,CHHATTISGARH,Y,Y,N,,
,491227,Dhamtari,CHHATTISGARH,Y,Y,N,,
,461331,Harda,MADHYA PRADESH,Y,Y,Y,,
,491225,Balod,CHHATTISGARH,Y,Y,N,,
,488059,Panna,MADHYA PRADESH,Y,Y,N,,
,457112,Alot,MADHYA PRADESH,Y,Y,N,,
,451556,Barwani,MADHYA PRADESH,Y,Y,N,,
,460220,BHAINSDEHI,MADHYA PRADESH,N,N,N,,
,486001,Rewa,MADHYA PRADESH,Y,Y,Y,,
,491337,Mungeli,CHHATTISGARH,N,N,N,,
,462101,Berasia,MADHYA PRADESH,Y,Y,Y,,
,492042,Utaipatan,CHHATTISGARH,Y,Y,N,,
,485221,BIRSHINGHPUR,MADHYA PRADESH,Y,Y,Y,,
,471111,Harpalpur,MADHYA PRADESH,Y,Y,N,,
,457780,Jhabua,MADHYA PRADESH,Y,Y,N,,
,476224,Kailaras,MADHYA PRADESH,Y,Y,N,,
,455342,KHATEGAON,MADHYA PRADESH,N,N,N,,
,472221,Tikamgarh,MADHYA PRADESH,Y,Y,N,,
,493225,KHARORA,CHHATTISGARH,Y,Y,N,,
,466118,Ashta,MADHYA PRADESH,N,N,N,,
,454446,Kukshi,MADHYA PRADESH,Y,Y,N,,
,462012,Bhopal,MADHYA PRADESH,Y,Y,N,,
,457995,Jobat,MADHYA PRADESH,Y,Y,N,,
,480667,Seoni,MADHYA PRADESH,Y,Y,N,,
,473331,Ashoknagar,MADHYA PRADESH,Y,Y,Y,,
,451338,Khragone,MADHYA PRADESH,Y,Y,N,,
,485003,Satna,MADHYA PRADESH,Y,Y,N,,
,462015,Bhopal,MADHYA PRADESH,Y,Y,N,,
,492017,Raipur,CHHATTISGARH,Y,Y,Y,,
,484776,Beohari,MADHYA PRADESH,N,N,N,,
,453112,Sanwer,MADHYA PRADESH,Y,Y,N,,
,470113,Bina,MADHYA PRADESH,Y,Y,Y,,
,486550,Rewa,MADHYA PRADESH,N,N,N,,
,488058,Panna,MADHYA PRADESH,Y,Y,Y,,
,457778,Thandla,MADHYA PRADESH,N,N,N,,
,495695,Sakti,CHHATTISGARH,N,N,N,,
,491445,Dongargarh,CHHATTISGARH,Y,Y,Y,,
,462004,Bhopal,MADHYA PRADESH,Y,Y,Y,,
,452005,Indore,MADHYA PRADESH,Y,Y,Y,,
,495223,Bilaspur,CHHATTISGARH,N,N,N,,
,474050,Gwalior,MADHYA PRADESH,Y,Y,N,,
,454648,Badnawar,MADHYA PRADESH,N,N,N,,
,465667,Kurawar,MADHYA PRADESH,Y,Y,N,,
,458883,Mandsaur,MADHYA PRADESH,Y,Y,Y,,
,455114,Dewas,MADHYA PRADESH,Y,Y,Y,,
,465977,Sehore,MADHYA PRADESH,Y,Y,N,,
,474042,Malanpur,MADHYA PRADESH,N,N,N,,
,460002,Betul,MADHYA PRADESH,N,N,N,,
,470117,Bina,MADHYA PRADESH,Y,Y,Y,,
,471516,Lavkushnagar,MADHYA PRADESH,Y,Y,N,,
,495112,RATANPURPALI,CHHATTISGARH,Y,Y,N,,
,464220,Gyaraspur,MADHYA PRADESH,Y,Y,Y,,
,472005,Tikamgarh,MADHYA PRADESH,Y,Y,N,,
,496551,SARANGARH,CHHATTISGARH,Y,Y,N,,
,491223,Balod,CHHATTISGARH,Y,Y,Y,,
,450006,Khandwa,MADHYA PRADESH,Y,Y,N,,
,452013,Indore,MADHYA PRADESH,Y,Y,Y,,
,494222,Bastar,CHHATTISGARH,Y,Y,Y,,
,480002,Chindwara,MADHYA PRADESH,N,N,N,,
,475687,Pachore,MADHYA PRADESH,Y,Y,N,,
,456221,Mahidpur,MADHYA PRADESH,Y,Y,N,,
,451228,THIKRI,MADHYA PRADESH,N,N,N,,
,455005,Dewas,MADHYA PRADESH,N,N,N,,
,497446,Manendragarh,CHHATTISGARH,Y,Y,N,,
,464118,SIRONJ,MADHYA PRADESH,Y,Y,N,,
,473554,SHIVPURI,MADHYA PRADESH,N,N,N,,
,464672,SILWANI,MADHYA PRADESH,N,N,N,,
,493661,ABHANPUR,CHHATTISGARH,Y,Y,N,,
,465331,Shujalpur,MADHYA PRADESH,Y,Y,N,,
,461785,Pipariya,MADHYA PRADESH,Y,Y,N,,
,472339,Tikamgarh,MADHYA PRADESH,N,N,N,,
,481882,Dindori,MADHYA PRADESH,Y,Y,N,,
,491226,Balod,CHHATTISGARH,Y,Y,Y,,
,465685,Pachore,MADHYA PRADESH,Y,Y,N,,
,492010,Raipur,CHHATTISGARH,Y,Y,Y,,
,470227,Rehli,MADHYA PRADESH,N,N,N,,
,462036,Bhopal,MADHYA PRADESH,Y,Y,N,,
,487661,Udaipura,MADHYA PRADESH,Y,Y,N,,
,457440,Ratlam,MADHYA PRADESH,Y,Y,N,,
,473001,Guna,MADHYA PRADESH,Y,Y,Y,,
,491335,BEMETARA,CHHATTISGARH,Y,Y,N,,
,471201,Chatarpur,MADHYA PRADESH,Y,Y,N,,
,483222,SIHORA MP,MADHYA PRADESH,Y,Y,Y,,
,458778,Bhanpura,MADHYA PRADESH,Y,Y,N,,
,474040,Gwalior,MADHYA PRADESH,Y,Y,N,,
,458339,Mandsaur,MADHYA PRADESH,Y,Y,Y,,
,471003,Rehli,MADHYA PRADESH,N,N,N,,
,486004,Rewa,MADHYA PRADESH,Y,Y,N,,
,495661,Champa,CHHATTISGARH,Y,Y,Y,,
,486111,Deotalab,MADHYA PRADESH,N,N,N,,
,491881,Khairagarh,CHHATTISGARH,N,N,N,,
,488001,Panna,MADHYA PRADESH,Y,Y,N,,
,495552,Bilaspur,CHHATTISGARH,Y,Y,Y,,
,495003,Bilaspur,CHHATTISGARH,Y,Y,Y,,
,441501,Nagpur,MAHARASHTRA,Y,Y,Y,,
,481015,Ukwa,MADHYA PRADESH,Y,Y,N,,
,476221,Morena,MADHYA PRADESH,Y,Y,Y,,
,464101,VIDISHA,MADHYA PRADESH,Y,Y,N,,
,470230,Sagar,MADHYA PRADESH,Y,Y,N,,
,461335,Khirkiya,MADHYA PRADESH,Y,Y,N,,
,461775,Pipariya,MADHYA PRADESH,Y,Y,N,,
,470223,Deori,MADHYA PRADESH,Y,Y,N,,
,461114,Itarsi,MADHYA PRADESH,Y,Y,N,,
,457111,Ratlam,MADHYA PRADESH,Y,Y,N,,
,488101,Panna,MADHYA PRADESH,Y,Y,N,,
,457228,Jaora,MADHYA PRADESH,Y,Y,N,,
,493778,NAGARI,CHHATTISGARH,Y,Y,N,,
,454051,Dhar,MADHYA PRADESH,Y,Y,N,,
,465693,Zirapur,MADHYA PRADESH,Y,Y,N,,
,456331,Nagda,MADHYA PRADESH,Y,Y,N,,
,460008,Amla,MADHYA PRADESH,Y,Y,N,,
,456771,Dhar,MADHYA PRADESH,Y,Y,Y,,
,462018,Bhopal,MADHYA PRADESH,Y,Y,N,,
,454669,Badnawar,MADHYA PRADESH,N,N,N,,
,493221,Raipur,CHHATTISGARH,N,N,Y,,
,490008,Bhilai,CHHATTISGARH,Y,Y,Y,,
,457889,Alirajpur,MADHYA PRADESH,Y,Y,N,,
,458669,Mandsaur,MADHYA PRADESH,N,N,N,,
,462013,Bhopal,MADHYA PRADESH,Y,Y,Y,,
,494334,KANKER,CHHATTISGARH,Y,Y,N,,
,484120,Shahdol,MADHYA PRADESH,Y,Y,N,,
,476554,Morena,MADHYA PRADESH,N,N,N,,
,486114,Deotalab,MADHYA PRADESH,N,N,N,,
,457993,Jobat,MADHYA PRADESH,Y,Y,N,,
,490025,Bhilai,CHHATTISGARH,Y,Y,Y,,
,481337,WARASEONI,MADHYA PRADESH,Y,Y,N,,
,462037,Bhopal,MADHYA PRADESH,Y,Y,Y,,
,456661,Ujjain,MADHYA PRADESH,Y,Y,Y,,
,491338,BEMETARA,CHHATTISGARH,Y,Y,N,,
,224175,Burhanpur,MADHYA PRADESH,Y,Y,N,,
,484770,Jaisinghnagar,MADHYA PRADESH,N,N,N,,
,491441,Rajnandgaon,CHHATTISGARH,Y,Y,Y,,
,451447,Julwania,MADHYA PRADESH,Y,Y,N,,
,454774,Manpur,MADHYA PRADESH,N,N,Y,,
,481778,Dindori,MADHYA PRADESH,Y,Y,N,,
,458976,Mandsaur,MADHYA PRADESH,N,N,N,,
,457339,Jaora,MADHYA PRADESH,Y,Y,N,,
,492003,Raipur,CHHATTISGARH,N,N,Y,,
,496450,SARANGARH,CHHATTISGARH,Y,Y,Y,,
,461441,Khirkiya,MADHYA PRADESH,Y,Y,N,,
,452020,Indore,MADHYA PRADESH,Y,Y,Y,,
,495442,RATANPURPALI,CHHATTISGARH,Y,Y,Y,,
,458118,Manasa,MADHYA PRADESH,Y,Y,N,,
,464224,Bina,MADHYA PRADESH,Y,Y,Y,,
,492106,Raipur,CHHATTISGARH,Y,Y,Y,,
,465226,Sarangpur,MADHYA PRADESH,Y,Y,Y,,
,491009,DURG,CHHATTISGARH,Y,Y,N,,
,456224,Nagda,MADHYA PRADESH,Y,Y,N,,
,465446,Shajapur,MADHYA PRADESH,Y,Y,N,,
,495455,Korba,CHHATTISGARH,Y,Y,N,,
,452011,Indore,MADHYA PRADESH,Y,Y,Y,,
,496554,SARANGARH,CHHATTISGARH,Y,Y,N,,
,462043,Bhopal,MADHYA PRADESH,Y,Y,Y,,
,457556,Thandla,MADHYA PRADESH,N,N,N,,
,492099,Raipur,CHHATTISGARH,Y,Y,Y,,
,454772,Dhar,MADHYA PRADESH,Y,Y,N,,
,480555,Chindwara,MADHYA PRADESH,Y,Y,Y,,
,453220,Dhar,MADHYA PRADESH,Y,Y,N,,
,476027,Morena,MADHYA PRADESH,Y,Y,N,,
,453551,Sanwer,MADHYA PRADESH,N,N,Y,,
,452019,Indore,MADHYA PRADESH,Y,Y,Y,,
,451010,Indore,MADHYA PRADESH,Y,Y,N,,
,460667,Multai,MADHYA PRADESH,Y,Y,N,,
,470672,Damoh,MADHYA PRADESH,N,N,N,,
,457880,Jhabua,MADHYA PRADESH,Y,Y,N,,
,497557,Chirimiri,MADHYA PRADESH,Y,Y,Y,,
,495663,Bilaspur,CHHATTISGARH,Y,Y,N,,
,460552,Amla,MADHYA PRADESH,Y,Y,N,,
,480880,Kurai,MADHYA PRADESH,Y,Y,N,,
,474002,Gwalior,MADHYA PRADESH,Y,Y,Y,,
,457114,Alot,MADHYA PRADESH,Y,Y,Y,,
,493891,Devbhog,CHHATTISGARH,Y,Y,N,,
,464661,Gyaraspur,MADHYA PRADESH,N,N,N,,
,497116,LAKHANPUR CH,CHHATTISGARH,N,N,N,,
,475220,Dabra,MADHYA PRADESH,N,N,N,,
,451411,Khragone,MADHYA PRADESH,Y,Y,N,,
,490027,Bhilai,CHHATTISGARH,Y,Y,N,,
,464884,Gairatganj,MADHYA PRADESH,Y,Y,N,,
,492006,Raipur,CHHATTISGARH,Y,Y,Y,,
,454020,Dhar,MADHYA PRADESH,Y,Y,N,,
,470229,Sagar,MADHYA PRADESH,Y,Y,Y,,
,461555,Itarsi,MADHYA PRADESH,Y,Y,N,,
,457991,Alirajpur,MADHYA PRADESH,Y,Y,N,,
,460669,Multai,MADHYA PRADESH,Y,Y,N,,
,457776,Thandla,MADHYA PRADESH,N,N,N,,
,474041,Gwalior,MADHYA PRADESH,Y,Y,N,,
,495115,Lormi,CHHATTISGARH,Y,Y,N,,
,492112,Basna,CHHATTISGARH,N,N,N,,
,453556,Indore,MADHYA PRADESH,Y,Y,Y,,
,476111,Morena,MADHYA PRADESH,Y,Y,Y,,
,457769,Ratlam,MADHYA PRADESH,N,N,N,,
,451695,Sendhwa,MADHYA PRADESH,Y,Y,N,,
,495117,Bilaspur,CHHATTISGARH,Y,Y,N,,
,458334,Jawad,MADHYA PRADESH,Y,Y,Y,,
,481335,WARASEONI,MADHYA PRADESH,Y,Y,Y,,
,493554,Basna,CHHATTISGARH,Y,Y,Y,,
,457222,PIPLODA,MADHYA PRADESH,Y,Y,N,,
,451224,THIKRI,MADHYA PRADESH,N,N,N,,
,456313,Dhar,MADHYA PRADESH,Y,Y,Y,,
,488333,Panna,MADHYA PRADESH,Y,Y,N,,
,462020,Bhopal,MADHYA PRADESH,Y,Y,Y,,
,481111,Ukwa,MADHYA PRADESH,Y,Y,N,,
,451331,Bhikangaon,MADHYA PRADESH,N,N,N,,
,495005,Bilaspur,CHHATTISGARH,Y,Y,Y,,
,461771,Pipariya,MADHYA PRADESH,Y,Y,N,,
,481115,Lanji,MADHYA PRADESH,Y,Y,N,,
,495668,Champa,CHHATTISGARH,Y,Y,N,,
,458880,Mandsaur,MADHYA PRADESH,Y,Y,N,,
,458336,Jiran,MADHYA PRADESH,N,N,N,,
,458001,Mandsaur,MADHYA PRADESH,Y,Y,N,,
,481332,BUDBUDA,MADHYA PRADESH,Y,Y,N,,
,483440,PAN UMARIYA,MADHYA PRADESH,Y,Y,N,,
,481665,Mandla,MADHYA PRADESH,Y,Y,N,,
,481340,WARASEONI,MADHYA PRADESH,Y,Y,N,,
,483220,Jabalpur,MADHYA PRADESH,Y,Y,N,,
,453331,Indore,MADHYA PRADESH,Y,Y,Y,,
,460555,Amla,MADHYA PRADESH,Y,Y,N,,
,492008,Raipur,CHHATTISGARH,Y,Y,Y,,
,462002,Bhopal,MADHYA PRADESH,Y,Y,Y,,
,490011,Bhilai,CHHATTISGARH,Y,Y,Y,,
,494001,Jagdalpur,CHHATTISGARH,Y,Y,N,,
,470228,Rehli,MADHYA PRADESH,N,N,N,,
,484330,Anuppur,MADHYA PRADESH,N,N,N,,
,474008,Gwalior,MADHYA PRADESH,Y,Y,Y,,
,451555,THIKRI,MADHYA PRADESH,N,N,N,,
,485112,Satna,MADHYA PRADESH,Y,Y,N,,
,493441,MAHASAMUND,CHHATTISGARH,Y,Y,Y,,
,455001,Dewas,MADHYA PRADESH,Y,Y,Y,,
,451877,Pansemal,MADHYA PRADESH,N,N,N,,
,451666,Sendhwa,MADHYA PRADESH,Y,Y,Y,,
,472246,Prithvipur,MADHYA PRADESH,Y,Y,N,,
,483507,Katni,MADHYA PRADESH,Y,Y,N,,
,484117,Shahdol,MADHYA PRADESH,Y,Y,N,,
,493118,Bhatapura,CHHATTISGARH,Y,Y,Y,,
,481116,Ukwa,MADHYA PRADESH,Y,Y,N,,
,470889,TENDUKHEDA,MADHYA PRADESH,N,N,N,,
,487001,NARSINGPUR,MADHYA PRADESH,Y,Y,N,,
,491559,Mungeli,CHHATTISGARH,N,N,N,,
,490015,Bhilai Jamul,CHHATTISGARH,N,N,N,,
,450001,Khandwa,MADHYA PRADESH,Y,Y,Y,,
,455225,Dewas,MADHYA PRADESH,N,N,N,,
,491222,Balod,CHHATTISGARH,Y,Y,N,,
,481661,Mandla,MADHYA PRADESH,Y,Y,N,,
,452008,Indore,MADHYA PRADESH,Y,Y,Y,,
,471510,Lavkushnagar,MADHYA PRADESH,Y,Y,N,,
,494335,KANKER,CHHATTISGARH,Y,Y,Y,,
,451669,Sendhwa,MADHYA PRADESH,Y,Y,N,,
,458588,Mandsaur,MADHYA PRADESH,N,N,N,,
,497555,Chirimiri,MADHYA PRADESH,Y,Y,N,,
,497339,Baikunthpur,CHHATTISGARH,Y,Y,Y,,
,483050,Jabalpur,MADHYA PRADESH,Y,Y,N,,
,471625,Khajurao MP,MADHYA PRADESH,Y,Y,N,,
,466113,ICHHAWAR,MADHYA PRADESH,N,N,N,,
,455337,KHATEGAON,MADHYA PRADESH,N,N,N,,
,452010,Indore,MADHYA PRADESH,Y,Y,Y,,
,485115,Rampur Baghelan MP,MADHYA PRADESH,Y,Y,N,,
,464225,SIRONJ,MADHYA PRADESH,Y,Y,N,,
,474003,Gwalior,MADHYA PRADESH,Y,Y,Y,,
,451551,Barwani,MADHYA PRADESH,Y,Y,N,,
,483776,Barhi,MADHYA PRADESH,Y,Y,N,,
,483443,PAN UMARIYA,MADHYA PRADESH,Y,Y,N,,
,462022,Bhopal,MADHYA PRADESH,Y,Y,Y,,
,482008,Jabalpur,MADHYA PRADESH,Y,Y,Y,,
,474012,Gwalior,MADHYA PRADESH,Y,Y,Y,,
,470232,Sagar,MADHYA PRADESH,Y,Y,Y,,
,495447,Korba,CHHATTISGARH,Y,Y,N,,
,466114,Ashta,MADHYA PRADESH,Y,Y,N,,
,497449,Chirimiri,MADHYA PRADESH,N,N,N,,
,471411,Chatarpur,MADHYA PRADESH,Y,Y,N,,
,484116,Shahdol,MADHYA PRADESH,Y,Y,N,,
,497001,Ambikapur,CHHATTISGARH,Y,Y,Y,,
,482003,Jabalpur,MADHYA PRADESH,Y,Y,Y,,
,452017,Indore,MADHYA PRADESH,Y,Y,Y,,
,492013,Raipur,CHHATTISGARH,Y,Y,Y,,
,476339,Sheopur,MADHYA PRADESH,N,N,N,,
,483990,Rithi,MADHYA PRADESH,N,N,N,,
,457886,Alirajpur,MADHYA PRADESH,Y,Y,N,,
,461228,Harda,MADHYA PRADESH,Y,Y,N,,
,464226,VIDISHA,MADHYA PRADESH,N,N,N,,
,455112,Dewas,MADHYA PRADESH,Y,Y,Y,,
,476444,Morena,MADHYA PRADESH,Y,Y,N,,
,466002,Sehore,MADHYA PRADESH,Y,Y,N,,
,495450,Jamnipali,CHHATTISGARH,Y,Y,Y,,
,481776,Nainpur,MADHYA PRADESH,N,N,N,,
,457996,Jobat,MADHYA PRADESH,Y,Y,N,,
,458888,Mandsaur,MADHYA PRADESH,Y,Y,N,,
,486226,Sohagi,MADHYA PRADESH,Y,Y,N,,
,483504,Katni,MADHYA PRADESH,Y,Y,N,,
,462029,Bhopal,MADHYA PRADESH,Y,Y,N,,
,465339,Kurawar,MADHYA PRADESH,Y,Y,N,,
,450661,Khandwa,MADHYA PRADESH,Y,Y,N,,
,454341,Kukshi,MADHYA PRADESH,Y,Y,N,,
,470111,Bina,MADHYA PRADESH,Y,Y,N,,
,458468,Jawad,MADHYA PRADESH,N,N,N,,
,472331,Tikamgarh,MADHYA PRADESH,N,N,N,,
,464334,GADARWARA,MADHYA PRADESH,N,N,N,,
,482010,Jabalpur,MADHYA PRADESH,Y,Y,Y,,
,457892,Alirajpur,MADHYA PRADESH,Y,Y,N,,
,480886,Lakhnadon,MADHYA PRADESH,Y,Y,N,,
,491003,DURG,CHHATTISGARH,Y,Y,N,,
,461116,Hoshangabad,MADHYA PRADESH,Y,Y,Y,,
,462026,Bhopal,MADHYA PRADESH,Y,Y,Y,,
,466116,Ashta,MADHYA PRADESH,Y,Y,N,,
,493551,PITHORA,CHHATTISGARH,Y,Y,Y,,
,480338,Pandhurna,MADHYA PRADESH,Y,Y,N,,
,457990,Jobat,MADHYA PRADESH,Y,Y,N,,
,474009,Gwalior,MADHYA PRADESH,Y,Y,Y,,
,451449,Julwania,MADHYA PRADESH,Y,Y,N,,
,472442,Niwari,MADHYA PRADESH,N,N,N,,
,494005,Jagdalpur,CHHATTISGARH,Y,Y,N,,
,476229,Kailaras,MADHYA PRADESH,Y,Y,Y,,
,493885,ABHANPUR,CHHATTISGARH,Y,Y,N,,
,461122,Itarsi,MADHYA PRADESH,Y,Y,N,,
,495445,Katgora,CHHATTISGARH,Y,Y,Y,,
,486006,Rewa,MADHYA PRADESH,Y,Y,N,,
,487118,Gotegaon,MADHYA PRADESH,Y,Y,N,,
,457226,Jaora,MADHYA PRADESH,Y,Y,Y,,
,450331,Burhanpur,MADHYA PRADESH,Y,Y,Y,,
,482004,Jabalpur,MADHYA PRADESH,Y,Y,Y,,
,462007,Bhopal,MADHYA PRADESH,Y,Y,N,,
,480447,Parasiya,MADHYA PRADESH,Y,Y,Y,,
,461951,Pipariya,MADHYA PRADESH,Y,Y,N,,
,477441,BHIND,MADHYA PRADESH,Y,Y,Y,,
,481991,SHAHPURA SER,MADHYA PRADESH,N,N,N,,
,475115,Dabra,MADHYA PRADESH,Y,Y,N,,
,483446,PAN UMARIYA,MADHYA PRADESH,Y,Y,N,,
,451448,Julwania,MADHYA PRADESH,Y,Y,N,,
,494010,Bastar,CHHATTISGARH,Y,Y,N,,
,473338,Ashoknagar,MADHYA PRADESH,Y,Y,Y,,
,493228,Balodabazar,CHHATTISGARH,Y,Y,N,,
,456008,Ujjain,MADHYA PRADESH,Y,Y,Y,,
,456441,Mahidpur,MADHYA PRADESH,Y,Y,N,,
,480004,Chindwara,MADHYA PRADESH,N,N,N,,
,490042,Bhilai,CHHATTISGARH,Y,Y,Y,,
,487114,Gotegaon,MADHYA PRADESH,Y,Y,N,,
,492005,Raipur,CHHATTISGARH,Y,Y,Y,,
,455003,Dewas,MADHYA PRADESH,N,N,N,,
,451563,Barwani,MADHYA PRADESH,Y,Y,N,,
,493555,Basna,CHHATTISGARH,Y,Y,Y,,
,470772,Hatta,MADHYA PRADESH,N,N,N,,
,490002,Bhilai,CHHATTISGARH,Y,Y,Y,,
,470027,Deori,MADHYA PRADESH,Y,Y,N,,
,492012,Raipur,CHHATTISGARH,Y,Y,N,,
,458254,Manasa,MADHYA PRADESH,Y,Y,N,,
,465669,Kurawar,MADHYA PRADESH,Y,Y,N,,
,465683,Pachore,MADHYA PRADESH,Y,Y,Y,,
,496227,Kunkari,CHHATTISGARH,N,N,N,,
,497331,Baikunthpur,CHHATTISGARH,Y,Y,Y,,
,484551,Umaria,MADHYA PRADESH,Y,Y,N,,
,484771,Jaisinghnagar,MADHYA PRADESH,N,N,N,,
,484444,Kotma,MADHYA PRADESH,N,N,N,,
,496005,Raigarh,CHHATTISGARH,Y,Y,Y,,
,485881,Amarpatan,MADHYA PRADESH,N,N,N,,
,488446,Panna,MADHYA PRADESH,Y,Y,N,,
,488051,Panna,MADHYA PRADESH,N,N,N,,
,462045,Mandideep,MADHYA PRADESH,N,N,N,,
,486887,Waidhan,MADHYA PRADESH,Y,Y,Y,,
,457664,Jhabua,MADHYA PRADESH,Y,Y,N,,
,497020,Ambikapur,CHHATTISGARH,Y,Y,N,,
,460666,Multai,MADHYA PRADESH,Y,Y,N,,
,460554,Amla,MADHYA PRADESH,Y,Y,N,,
,470661,Damoh,MADHYA PRADESH,Y,Y,Y,,
,464116,VIDISHA,MADHYA PRADESH,Y,Y,N,,
,493887,ABHANPUR,CHHATTISGARH,Y,Y,N,,
,474055,Gwalior,MADHYA PRADESH,Y,Y,N,,
,481668,Nainpur,MADHYA PRADESH,N,N,N,,
,490005,Bhilai,CHHATTISGARH,Y,Y,Y,,
,494002,Jagdalpur,CHHATTISGARH,Y,Y,N,,
,461221,Seoni Malwa,MADHYA PRADESH,Y,Y,N,,
,457330,Jaora,MADHYA PRADESH,Y,Y,N,,
,461111,Itarsi,MADHYA PRADESH,Y,Y,Y,,
,493559,SARANGARH,CHHATTISGARH,N,N,N,,
,443106,Buldhana,MAHARASHTRA,Y,Y,Y,,
,495448,Katgora,CHHATTISGARH,Y,Y,Y,,
,452018,Indore,MADHYA PRADESH,Y,Y,Y,,
,495452,Korba,CHHATTISGARH,Y,Y,N,,
,482016,Jabalpur,MADHYA PRADESH,Y,Y,N,,
,464002,VIDISHA,MADHYA PRADESH,Y,Y,N,,
,453576,Indore,MADHYA PRADESH,Y,Y,Y,,
,473249,Guna,MADHYA PRADESH,Y,Y,Y,,
,495691,Sakti,CHHATTISGARH,Y,Y,N,,
,461881,Pipariya,MADHYA PRADESH,Y,Y,Y,,
,464331,Gyaraspur,MADHYA PRADESH,N,N,Y,,
,480996,LAMTA,MADHYA PRADESH,N,N,Y,,
,992026,Gurgaon,HARYANA,N,N,Y,,
,494330,Keshkal,CHHATTISGARH,N,N,Y,,
,453711,Indore,MADHYA PRADESH,N,N,Y,,
,453771,Indore,MADHYA PRADESH,N,N,Y,,
,495222,Bilha,CHHATTISGARH,N,N,Y,,
,496109,Gharghoda,CHHATTISGARH,N,N,Y,,
,494228,Kondagaon,CHHATTISGARH,N,N,Y,,
,484886,RAJENDRAGRAM,MADHYA PRADESH,N,N,Y,,
,455459,KHATEGAON,MADHYA PRADESH,N,N,Y,,
,460003,Betul,MADHYA PRADESH,N,N,Y,,
,133123,Rupahar,WEST BENGAL,N,N,Y,,
,585223,Shahapur,KARNATAKA,N,N,N,,
,576108,Manipal,KARNATAKA,N,N,Y,,
,561000,BANGALORE,KARNATAKA,N,N,Y,,
,637210,Thiruparankundram,TAMIL NADU,N,N,Y,,
,614019,PAPANASAM,TAMIL NADU,N,N,N,,
,683515,NORTH PARAVOOR,KERALA,N,N,Y,,
,689595,Allapey,KERALA,N,N,Y,,
,560074,BANGALORE,KARNATAKA,N,N,Y,,
,585309,Shahapur,KARNATAKA,N,N,Y,,
,614628,PERAVURANI,TAMIL NADU,N,N,Y,,
,678688,Vadakkenchery,KERALA,N,N,Y,,
,641687,Tirupur,TAMIL NADU,N,N,Y,,
,689614,Pathanamthitta,KERALA,N,N,Y,,
,573128,Hassan,KARNATAKA,N,N,Y,,
,602011,Tiruvallur,TAMIL NADU,N,N,Y,,
,642203,Udumalaipettai,TAMIL NADU,N,N,Y,,
,671533,PARAPPA,KERALA,N,N,Y,,
,682302,Cochin,KERALA,N,N,Y,,
,573118,Hassan,KARNATAKA,N,N,Y,,
,695026,Trivandrum,KERALA,N,N,Y,,
,577133,Chikkamagalur,KARNATAKA,N,N,Y,,
,685514,Kattapana,KERALA,N,N,Y,,
,637304,Sankagiri,TAMIL NADU,N,N,Y,,
,682313,Kolenchery,KERALA,N,N,Y,,
,641601,Tirupur,TAMIL NADU,N,N,Y,,
,638056,Erode,TAMIL NADU,N,N,Y,,
,587315,Banhatti,KARNATAKA,N,N,Y,,
,673029,KOZHIKODE,KERALA,N,N,Y,,
,562129,BANGALORE,KARNATAKA,N,N,Y,,
,679539,Thamarassery,KERALA,N,N,Y,,
,560063,BANGALORE,KARNATAKA,N,N,Y,,
,686594,Tiruvella,KERALA,N,N,Y,,
,689548,Tiruvella,KERALA,N,N,Y,,
,641605,Tirupur,TAMIL NADU,N,N,Y,,
,688508,Allapey,KERALA,N,N,Y,,
,683105,Cochin,KERALA,N,N,N,,
,641606,Tirupur,TAMIL NADU,N,N,Y,,
,678709,Vadakkenchery,KERALA,N,N,Y,,
,585224,SHORAPUR,KARNATAKA,N,N,Y,,
,625022,Madurai,TAMIL NADU,N,N,Y,,
,560149,BANGALORE,KARNATAKA,N,N,Y,,
,602010,Tiruvallur,TAMIL NADU,N,N,Y,,
,624306,Dindigul,TAMIL NADU,N,N,Y,,
,577557,CHITRADURGA,KARNATAKA,N,N,Y,,
,562110,BANGALORE,KARNATAKA,N,N,Y,,
,671542,Kasargode,KERALA,N,N,Y,,
,581344,ANKOLA,KARNATAKA,N,N,Y,,
,581212,Belguam,KARNATAKA,N,N,Y,,
,688503,Allapey,KERALA,N,N,Y,,
,574220,Uppinangady,KARNATAKA,N,N,N,,
,573219,Hassan,KARNATAKA,N,N,Y,,
,587311,Banhatti,KARNATAKA,N,N,N,,
,585220,SHORAPUR,KARNATAKA,N,N,Y,,
,583220,Hagaribommanahalli,KARNATAKA,N,N,Y,,
,641608,Tirupur,TAMIL NADU,N,N,Y,,
,573212,Hassan,KARNATAKA,N,N,Y,,
,562157,BANGALORE,KARNATAKA,N,N,Y,,
,562162,Nelamangala,KARNATAKA,N,N,Y,,
,641604,Tirupur,TAMIL NADU,N,N,Y,,
,637201,Thiruparankundram,TAMIL NADU,N,N,Y,,
,577526,CHITRADURGA,KARNATAKA,Y,Y,Y,,
,562149,BANGALORE,KARNATAKA,N,N,Y,,
,670705,Kannur,KERALA,N,N,Y,,
,626115,Muthuramanapatti,TAMIL NADU,N,N,Y,,
,562123,Nelamangala,KARNATAKA,N,N,Y,,
,560105,BANGALORE,KARNATAKA,Y,Y,Y,,
,624304,Dindigul,TAMIL NADU,N,N,Y,,
,670004,Kannur,KERALA,N,N,Y,,
,683556,PULLUVAZHI,KERALA,N,N,Y,,
,573217,Hassan,KARNATAKA,N,N,Y,,
,678548,Vadakkenchery,KERALA,N,N,Y,,
,370655,Naliya,GUJARAT,N,N,N,,
,999112,Rewari,HARYANA,N,N,Y,,
,425115,Erandol,MAHARASHTRA,N,N,N,,
,396235,Vapi,GUJARAT,N,N,Y,,
,394305,Surat,GUJARAT,Y,Y,Y,,
,400004,Mumbai,MAHARASHTRA,N,N,Y,,
,363642,Rajkot,GUJARAT,Y,Y,N,,
,999103,PUNE,MAHARASHTRA,N,N,Y,,
,361160,Kalavad,GUJARAT,N,N,Y,,
,394440,Mandvi,GUJARAT,N,N,Y,,
,396155,Vapi,GUJARAT,N,N,Y,,
,391340,VADODARA,GUJARAT,N,N,Y,,
,400036,Mumbai,MAHARASHTRA,N,N,Y,,
,410001,PUNE,MAHARASHTRA,N,N,Y,,
,401105,Thane,MAHARASHTRA,Y,Y,Y,,
,412220,Ranjangaon,MAHARASHTRA,N,N,Y,,
,400026,Mumbai,MAHARASHTRA,N,N,Y,,
,396430,Navsari,GUJARAT,N,N,Y,,
,394327,Surat,GUJARAT,Y,Y,Y,,
,424305,Sakri,MAHARASHTRA,N,N,Y,,
,402302,Mangaon,MAHARASHTRA,Y,Y,Y,,
,396240,Vapi,GUJARAT,N,N,Y,,
,412110,LONI,MAHARASHTRA,N,N,N,,
,360055,Jasdan,GUJARAT,N,N,Y,,
,388888,Ahmedabad,GUJARAT,N,N,N,,
,382425,Ahmedabad,GUJARAT,N,N,N,,
,391770,VADODARA,GUJARAT,N,N,Y,,
,413310,Piliv,MAHARASHTRA,N,N,Y,,
,431117,Sillod,MAHARASHTRA,N,N,Y,,
,413221,Mohol,MAHARASHTRA,N,N,Y,,
,396105,Vapi,GUJARAT,N,N,N,,
,431114,Sillod,MAHARASHTRA,N,N,Y,,
,425407,Dondaicha,MAHARASHTRA,N,N,Y,,
,400007,Mumbai,MAHARASHTRA,N,N,Y,,
,364720,Botad,GUJARAT,N,N,Y,,
,999101,PUNE,MAHARASHTRA,Y,Y,Y,,
,382110,Ahmedabad,GUJARAT,N,N,N,,
,425408,Dondaicha,MAHARASHTRA,N,N,Y,,
,424304,Sakri,MAHARASHTRA,Y,Y,Y,,
,387560,Ahmedabad,GUJARAT,N,N,N,,
,382170,Ahmedabad,GUJARAT,N,N,N,,
,444404,MANORA,MAHARASHTRA,N,N,Y,,
,999102,PUNE,MAHARASHTRA,N,N,Y,,
,425406,Dondaicha,MAHARASHTRA,N,N,Y,,
,431133,AURANGABAD,MAHARASHTRA,N,N,N,,
,382340,Ahmedabad,GUJARAT,N,N,N,,
,365535,Amreli,GUJARAT,N,N,Y,,
,431136,AURANGABAD,MAHARASHTRA,N,N,N,,
,400086,Thane,MAHARASHTRA,N,N,N,,
,394325,Surat,GUJARAT,N,N,Y,,
,424306,Sakri,MAHARASHTRA,Y,Y,Y,,
,401101,Thane,MAHARASHTRA,Y,Y,Y,,
,431121,Pachod,MAHARASHTRA,N,N,Y,,
,400009,Mumbai,MAHARASHTRA,Y,Y,Y,,
,401106,Mumbai,MAHARASHTRA,Y,Y,Y,,
,391107,VADODARA,GUJARAT,N,N,Y,,
,400003,Mumbai,MAHARASHTRA,Y,Y,Y,,
,421311,Bhiwandi,MAHARASHTRA,Y,Y,Y,,
,783393,Chirang,ASSAM,N,N,Y,,
,785603,Barpathar,ASSAM,N,N,Y,,
,990401,Hyderabad,TELANGANA,N,N,Y,,
,782461,Diphu,ASSAM,N,N,Y,,
,788018,SILCOORIE,ASSAM,N,N,Y,,
,524152,NORTH RAJUPALEM,ANDHRA PRADESH,N,N,Y,,
,601212,Tiruvallur,TAMIL NADU,N,N,Y,,
,641659,Tirupur,TAMIL NADU,Y,Y,Y,,
,601203,Tiruvallur,TAMIL NADU,Y,Y,Y,,
,522615,PIDUGURALLA,ANDHRA PRADESH,N,N,Y,,
,603103,Tiruvallur,TAMIL NADU,N,N,Y,,
,501111,SHANKARPALLI,TELANGANA,N,N,Y,,
,555555,BANGALORE,KARNATAKA,N,N,Y,,
,502319,Hyderabad,TELANGANA,N,N,Y,,
,643103,Coonoor,TAMIL NADU,N,N,N,,
,507120,Enkoor,TELANGANA,N,N,Y,,
,524311,Nellore,ANDHRA PRADESH,N,N,Y,,
,601209,Tiruvallur,TAMIL NADU,N,N,Y,,
,600067,Tiruvallur,TAMIL NADU,N,N,Y,,
,601104,Tiruvallur,TAMIL NADU,N,N,Y,,
,602117,Tiruvallur,TAMIL NADU,N,N,Y,,
,521136,KUCHIPUDI,ANDHRA PRADESH,N,N,Y,,
,524344,Nellore,ANDHRA PRADESH,N,N,Y,,
,601207,Tiruvallur,TAMIL NADU,N,N,Y,,
,603109,Chengalpet,TAMIL NADU,N,N,Y,,
,502286,NARAYANKHED,TELANGANA,N,N,Y,,
,522663,Vinukonda,ANDHRA PRADESH,N,N,Y,,
,502300,ISNAPUR,TELANGANA,N,N,Y,,
,601101,Tiruvallur,TAMIL NADU,N,N,Y,,
,641670,Tirupur,TAMIL NADU,N,N,Y,,
,605502,KURUCHIKUPPAM,TAMIL NADU,N,N,Y,,
,608702,Chidambaram,TAMIL NADU,N,N,Y,,
,517007,Chittoor,ANDHRA PRADESH,N,N,Y,,
,601102,Tiruvallur,TAMIL NADU,N,N,Y,,
,602107,Tiruvallur,TAMIL NADU,N,N,Y,,
,500078,Hyderabad,TELANGANA,N,N,N,,
,641655,Tirupur,TAMIL NADU,N,N,Y,,
,508258,ACHAMPETA,TELANGANA,N,N,Y,,
,507166,Enkoor,TELANGANA,N,N,Y,,
,600004,Tiruvallur,TAMIL NADU,Y,Y,Y,,
,603105,Tiruvallur,TAMIL NADU,N,N,Y,,
,524239,VINJAMUR,ANDHRA PRADESH,N,N,Y,,
,602105,Tiruvallur,TAMIL NADU,N,N,Y,,
,601202,Tiruvallur,TAMIL NADU,N,N,N,,
,502329,Hyderabad,TELANGANA,N,N,Y,,
,601206,Tiruvallur,TAMIL NADU,Y,Y,Y,,
,600123,Tiruvallur,TAMIL NADU,N,N,Y,,
,609116,SIRKAZHI,TAMIL NADU,N,N,Y,,
,602029,Tiruvallur,TAMIL NADU,N,N,Y,,
,605503,KURUCHIKUPPAM,TAMIL NADU,N,N,Y,,
,606803,Arani,TAMIL NADU,N,N,Y,,
,532428,KOTTURU,ANDHRA PRADESH,Y,Y,Y,,
,601204,Tiruvallur,TAMIL NADU,Y,Y,Y,,
,601214,Tiruvallur,TAMIL NADU,N,N,Y,,
,508254,Nalgonda,TELANGANA,N,N,Y,,
,507163,Khammam,TELANGANA,N,N,Y,,
,601211,Tiruvallur,TAMIL NADU,N,N,Y,,
,602102,Tiruvallur,TAMIL NADU,N,N,Y,,
,601210,Tiruvallur,TAMIL NADU,N,N,Y,,
,500100,Hyderabad,TELANGANA,N,N,Y,,
,601103,Tiruvallur,TAMIL NADU,N,N,N,,
,601208,Tiruvallur,TAMIL NADU,N,N,Y,,
,507316,Enkoor,TELANGANA,N,N,Y,,
,643213,Coonoor,TAMIL NADU,N,N,Y,,
,509207,SHADNAGAR,TELANGANA,N,N,Y,,
,600124,Tiruvallur,TAMIL NADU,N,N,Y,,
,533406,ANNAVARAM,ANDHRA PRADESH,N,N,Y,,
,517132,Chittoor,ANDHRA PRADESH,N,N,Y,,
,603115,Tiruvallur,TAMIL NADU,N,N,Y,,
,601295,Tiruvallur,TAMIL NADU,N,N,Y,,
,605118,KURUCHIKUPPAM,TAMIL NADU,N,N,Y,,
,508126,Bhongir,TELANGANA,N,N,Y,,
,600028,Tiruvallur,TAMIL NADU,Y,Y,Y,,
,511100,Hyderabad,TELANGANA,N,N,Y,,
,601105,Tiruvallur,TAMIL NADU,N,N,Y,,
,601201,Tiruvallur,TAMIL NADU,N,N,N,,
,508285,Bhongir,TELANGANA,N,N,Y,,
,641665,Tirupur,TAMIL NADU,N,N,Y,,
,524346,Nellore,ANDHRA PRADESH,N,N,Y,,
,638660,Tirupur,TAMIL NADU,Y,Y,Y,,
,533408,ANNAVARAM,ANDHRA PRADESH,N,N,Y,,
,601213,Tiruvallur,TAMIL NADU,N,N,Y,,
,605116,KURUCHIKUPPAM,TAMIL NADU,N,N,Y,,
,601205,Tiruvallur,TAMIL NADU,Y,Y,Y,,
,607403,KURUCHIKUPPAM,TAMIL NADU,N,N,Y,,
,500014,Hyderabad,TELANGANA,N,N,N,,
,600000,Tiruvallur,TAMIL NADU,N,N,Y,,
,602103,Tiruvallur,TAMIL NADU,N,N,Y,,
,341301,DEGANA,RAJASTHAN,N,N,Y,,
,111000,Delhi NCR,DELHI,N,N,Y,,
,160000,Chandigarh,CHANDIGARH,N,N,Y,,
,201302,Delhi NCR,DELHI,N,N,Y,,
,122105,Gurgaon,HARYANA,N,N,Y,,
,303905,Jaipur,RAJASTHAN,N,N,Y,,
,151101,Bhatinda,PUNJAB,N,N,Y,,
,181203,Akhnoor,JAMMU AND KASHMIR,Y,Y,Y,,
,301702,Ajarka,RAJASTHAN,Y,Y,Y,,
,160066,Chandigarh,CHANDIGARH,N,N,Y,,
,302049,Jaipur,RAJASTHAN,N,N,Y,,
,250645,Baraut,UTTAR PRADESH,N,N,Y,,
,283152,Etah,UTTAR PRADESH,N,N,Y,,
,160081,Chandigarh,CHANDIGARH,N,N,Y,,
,335502,Lalgarh Jattan,RAJASTHAN,N,N,Y,,
,210302,HAMIRPUR,HIMACHAL PRADESH,N,N,Y,,
,122504,Gurgaon,HARYANA,Y,Y,Y,,
,134205,PANCHKULA,HARYANA,N,N,Y,,
,123503,Delhi NCR,DELHI,N,N,Y,,
,229303,Raebareli,UTTAR PRADESH,N,N,Y,,
,181204,Akhnoor,JAMMU AND KASHMIR,Y,Y,Y,,
,999025,Gurgaon,HARYANA,N,N,Y,,
,144002,Jalandhar,PUNJAB,Y,Y,Y,,
,202121,Hathras,UTTAR PRADESH,N,N,N,,
,305408,KEKRI,RAJASTHAN,N,N,Y,,
,222113,Badlapur,UTTAR PRADESH,N,N,Y,,
,140301,Chandigarh,CHANDIGARH,Y,Y,N,,
,123505,Gurgaon,HARYANA,N,N,Y,,
,140306,Chandigarh,CHANDIGARH,N,N,Y,,
,284121,Jhansi,UTTAR PRADESH,N,N,Y,,
,247661,Roorkee,UTTARAKHAND,N,N,N,,
,123506,Gurgaon,HARYANA,N,N,Y,,
,281206,Hathras,UTTAR PRADESH,N,N,Y,,
,202145,Hathras,UTTAR PRADESH,N,N,Y,,
,140201,Chandigarh,CHANDIGARH,N,N,N,,
,144004,Jalandhar,PUNJAB,N,N,Y,,
,144021,Jalandhar,PUNJAB,Y,Y,Y,,
,202124,Hathras,UTTAR PRADESH,N,N,N,,
,144008,Jalandhar,PUNJAB,Y,Y,Y,,
,184141,Heera Nagar,JAMMU AND KASHMIR,N,N,Y,,
,111110,Delhi NCR,DELHI,N,N,Y,,
,160083,Chandigarh,CHANDIGARH,N,N,Y,,
,209305,Kanpur,UTTAR PRADESH,N,N,Y,,
,132000,Panipat,HARYANA,N,N,Y,,
,248009,Dehradun,UTTARAKHAND,N,N,Y,,
,123110,Dharuhera,HARYANA,N,N,N,,
,160065,Chandigarh,CHANDIGARH,N,N,Y,,
,201015,Delhi NCR,DELHI,N,N,Y,,
,283145,SHIKOHABAD,UTTAR PRADESH,Y,Y,Y,,
,122506,Gurgaon,HARYANA,N,N,Y,,
,111100,Delhi NCR,DELHI,N,N,Y,,
,111111,Delhi NCR,DELHI,N,N,Y,,
,301411,Tapukara,RAJASTHAN,Y,Y,Y,,
,201101,Delhi NCR,DELHI,N,N,Y,,
,140104,Chandigarh,CHANDIGARH,Y,Y,N,,
,247668,Roorkee,UTTARAKHAND,N,N,Y,,
,250104,Meerut,UTTAR PRADESH,N,N,N,,
,331305,RAJGARH,RAJASTHAN,Y,Y,Y,,
,247665,Roorkee,UTTARAKHAND,N,N,Y,,
,207125,Etah,UTTAR PRADESH,N,N,Y,,
,281123,Mathura,UTTAR PRADESH,Y,Y,Y,,
,140307,MOHALI,CHANDIGARH,Y,Y,N,,
,192305,Anantnag,JAMMU AND KASHMIR,N,N,N,,
,151501,Patran,PUNJAB,N,N,Y,,
,160082,Chandigarh,CHANDIGARH,N,N,Y,,
,243301,AONLA,UTTAR PRADESH,Y,Y,Y,,
,243751,Chandausi,UTTAR PRADESH,N,N,Y,,
,815312,GIRIDIH,JHARKHAND,Y,Y,Y,,
,712305,MAJINAN,WEST BENGAL,N,N,Y,,
,713330,Domahani,WEST BENGAL,N,N,N,,
,721437,Paschim Medinipur,WEST BENGAL,N,N,N,,
,713334,Domahani,WEST BENGAL,N,N,N,,
,754134,Nanpur,Odisha,N,N,Y,,
,813221,Sultanganj,BIHAR,Y,Y,Y,,
,734000,SILIGURI,WEST BENGAL,N,N,Y,,
,713344,Domahani,WEST BENGAL,N,N,N,,
,723202,JHALDA,WEST BENGAL,Y,Y,Y,,
,765028,Rayagada,Odisha,N,N,Y,,
,841212,EKMA,BIHAR,N,N,Y,,
,768029,Barpali,Odisha,N,N,N,,
,713310,Domahani,WEST BENGAL,N,N,N,,
,722137,Bankura,WEST BENGAL,Y,Y,Y,,
,835208,Gumla,JHARKHAND,N,N,Y,,
,713336,Domahani,WEST BENGAL,N,N,N,,
,713368,Domahani,WEST BENGAL,N,N,N,,
,721124,DEBRA,WEST BENGAL,N,N,Y,,
,713332,Domahani,WEST BENGAL,N,N,N,,
,723212,JHALDA,WEST BENGAL,Y,Y,Y,,
,752000,Bhubaneswar,Odisha,N,N,Y,,
,711000,Kolkata,WEST BENGAL,N,N,Y,,
,845302,Raxual,BIHAR,N,N,Y,,
,811308,Jhajha,BIHAR,Y,Y,N,,
,825109,JAINAGAR JH,JHARKHAND,N,N,N,,
,764002,Jeypore,Odisha,N,N,Y,,
,843130,Kanti,BIHAR,N,N,Y,,
,803206,Patna,BIHAR,N,N,Y,,
,754295,Athagarh,Odisha,N,N,Y,,
,713315,Domahani,WEST BENGAL,N,N,N,,
,723213,JHALDA,WEST BENGAL,N,N,N,,
,721126,DEBRA,WEST BENGAL,N,N,Y,,
,831000,Jamshedpur,JHARKHAND,N,N,Y,,
,721160,DEBRA,WEST BENGAL,N,N,Y,,
,765056,Borigumma,BIHAR,N,N,Y,,
,224190,TANDA,PUNJAB,Y,Y,Y,,
,202125,Atrauli,UTTAR PRADESH,Y,Y,Y,,
,501506,Hyderabad,TELANGANA,Y,Y,N,,
,416317,Tasgaon,MAHARASHTRA,Y,Y,Y,,
,425506,KARHALE,MAHARASHTRA,Y,Y,N,,
,425508,KARHALE,MAHARASHTRA,Y,Y,N,,
,425501,KARHALE,MAHARASHTRA,Y,Y,N,,
,425502,KARHALE,MAHARASHTRA,Y,Y,N,,
,424303,Sakri,MAHARASHTRA,N,N,N,,
,425507,KARHALE,MAHARASHTRA,Y,Y,N,,
,425503,KARHALE,MAHARASHTRA,Y,Y,N,,
,416311,Tasgaon,MAHARASHTRA,Y,Y,Y,,
,425504,KARHALE,MAHARASHTRA,Y,Y,N,,
,425505,KARHALE,MAHARASHTRA,Y,Y,N,,
,123035,KOSLI,HARYANA,N,N,N,,
,333515,Buhana,RAJASTHAN,N,N,N,,
,303348,Phulera,RAJASTHAN,Y,Y,N,,
,311024,Raila,RAJASTHAN,N,N,N,,
,227411,Gauriganj,UTTAR PRADESH,N,N,N,,
,122502,Rewari,HARYANA,N,N,N,,
,321613,Mahwa,RAJASTHAN,Y,Y,N,,
,209870,Unnao,UTTAR PRADESH,N,N,N,,
,322702,Chouth Ka Barwara,RAJASTHAN,Y,Y,N,,
,321628,Mahwa,RAJASTHAN,Y,Y,N,,
,342014,Boranada,RAJASTHAN,N,N,N,,
,321609,Mahwa,RAJASTHAN,Y,Y,N,,
,312205,Fatehnagar,RAJASTHAN,N,N,N,,
,321630,Mahwa,RAJASTHAN,Y,Y,N,,
,212657,BINDKI,UTTAR PRADESH,N,N,N,,
,314034,Aspur,RAJASTHAN,N,N,N,,
,313038,Salumber,RAJASTHAN,N,N,N,,
,228131,Kadipur,UTTAR PRADESH,Y,Y,N,,
,227412,Gauriganj,UTTAR PRADESH,Y,Y,N,,
,227409,Gauriganj,UTTAR PRADESH,Y,Y,N,,
,797001,Kohima,NAGALAND,Y,Y,N,,
,797011,Kohima,NAGALAND,Y,Y,Y,,
,797004,Kohima,NAGALAND,Y,Y,Y,,
,797021,Kohima,NAGALAND,Y,Y,Y,,
,797003,Kohima,NAGALAND,Y,Y,N,,
,797120,Kohima,NAGALAND,Y,Y,Y,,
,797006,Kohima,NAGALAND,Y,Y,Y,,
,797121,Kohima,NAGALAND,Y,Y,Y,,
,797005,Kohima,NAGALAND,Y,Y,Y,,
,797002,Kohima,NAGALAND,Y,Y,N,,
,721211,GHATAL,WEST BENGAL,Y,Y,Y,,
,721254,Chandrakona,WEST BENGAL,Y,Y,Y,,
,735304,MEKHLIGANJ,WEST BENGAL,Y,Y,Y,,
,824123,Aurangabad BH,BIHAR,N,N,N,,
,824301,Aurangabad BH,BIHAR,N,N,N,,
,721256,Chandrakona,WEST BENGAL,Y,Y,Y,,
,721165,Chandrakona,WEST BENGAL,Y,Y,Y,,
,721212,GHATAL,WEST BENGAL,Y,Y,Y,,
,721260,Chandrakona,WEST BENGAL,N,N,N,,
,721201,Chandrakona,WEST BENGAL,Y,Y,Y,,
,721123,Chandrakona,WEST BENGAL,N,N,N,,
,501508,IBRAHIMPATNAM,TELANGANA,Y,Y,N,,
,506310,WARDHANNAPET,TELANGANA,Y,Y,N,,
,506313,WARDHANNAPET,TELANGANA,Y,Y,N,,
,506365,WARDHANNAPET,TELANGANA,N,N,N,,
,585217,Afzalpura,KARNATAKA,Y,Y,N,,
,673585,Kannur,KERALA,N,N,N,,
,635654,THIRUPPATHUR,TAMIL NADU,Y,Y,Y,,
,585308,Kalaburagi,KARNATAKA,Y,Y,N,,
,635901,THIRUPPATHUR,TAMIL NADU,Y,Y,Y,,
,635602,THIRUPPATHUR,TAMIL NADU,Y,Y,Y,,
,635651,THIRUPPATHUR,TAMIL NADU,Y,Y,Y,,
,175124,Mandi,HIMACHAL PRADESH,Y,Y,Y,,
,572212,Tumkur,KARNATAKA,N,N,N,,
,572224,Tumkur,KARNATAKA,N,N,N,,
,685604,Kattapana,KERALA,N,N,N,,
,695105,Edava,KERALA,Y,Y,Y,,
,583275,Toranagallu,KARNATAKA,N,N,N,,
,572215,Tumkur,KARNATAKA,N,N,N,,
,583123,Toranagallu,KARNATAKA,N,N,N,,
,574151,GURUPURA,KARNATAKA,Y,Y,N,,
,574144,GURUPURA,KARNATAKA,Y,Y,N,,
,424109,Manmad,MAHARASHTRA,Y,Y,N,,
,423106,Manmad,MAHARASHTRA,Y,Y,N,,
,845436,Motipur,BIHAR,N,N,N,,
,845452,BENIPATTI,BIHAR,N,N,N,,
,755009,Jajpur Town,Odisha,Y,Y,Y,,
,755003,Jajpur Town,Odisha,Y,Y,Y,,
,768216,Brajrajnagar,Odisha,N,N,N,,
,843331,SITAMARHI,BIHAR,Y,Y,Y,,
,755010,Jajpur Town,Odisha,N,N,N,,
,768233,Brajrajnagar,Odisha,N,N,N,,
,755017,Jajpur Town,Odisha,Y,Y,Y,,
,845453,BENIPATTI,BIHAR,N,N,N,,
,755005,Jajpur Town,Odisha,Y,Y,Y,,
,263128,Nainital,UTTARAKHAND,N,N,N,,
,301712,Bibirani,RAJASTHAN,Y,Y,Y,,
,273308,Nautanwa,UTTAR PRADESH,Y,Y,Y,,
,303901,Khotkhawda,RAJASTHAN,Y,Y,Y,,
,263156,Nainital,UTTARAKHAND,Y,Y,Y,,
,606704,Tiruvannamalai,TAMIL NADU,N,N,N,,
,523241,PODILI,ANDHRA PRADESH,Y,Y,N,,
,606808,Tiruvannamalai,TAMIL NADU,N,N,N,,
,606706,Tiruvannamalai,TAMIL NADU,N,N,N,,
,534217,Tadepalligudem,ANDHRA PRADESH,Y,Y,Y,,
,534328,Tadepalligudem,ANDHRA PRADESH,Y,Y,Y,,
,523246,PODILI,ANDHRA PRADESH,N,N,N,,
,534215,Tadepalligudem,ANDHRA PRADESH,Y,Y,Y,,
,606707,Tiruvannamalai,TAMIL NADU,N,N,N,,
,606603,Tiruvannamalai,TAMIL NADU,N,N,N,,
,606805,Tiruvannamalai,TAMIL NADU,N,N,N,,
,534218,Tadepalligudem,ANDHRA PRADESH,Y,Y,Y,,
,606802,Tiruvannamalai,TAMIL NADU,N,N,N,,
,534329,Tadepalligudem,ANDHRA PRADESH,Y,Y,Y,,
,606611,Tiruvannamalai,TAMIL NADU,N,N,N,,
,606604,Tiruvannamalai,TAMIL NADU,N,N,N,,
,606804,Tiruvannamalai,TAMIL NADU,N,N,N,,
,534227,Tadepalligudem,ANDHRA PRADESH,Y,Y,Y,,
,534331,Tadepalligudem,ANDHRA PRADESH,Y,Y,Y,,
,524315,ALLURU,ANDHRA PRADESH,N,N,N,,
,534211,Tadepalligudem,ANDHRA PRADESH,Y,Y,Y,,
,604601,Tiruvannamalai,TAMIL NADU,N,N,N,,
,606752,Tiruvannamalai,TAMIL NADU,N,N,N,,
,606601,Tiruvannamalai,TAMIL NADU,N,N,N,,
,606806,Tiruvannamalai,TAMIL NADU,N,N,N,,
,606602,Tiruvannamalai,TAMIL NADU,N,N,N,,
,606753,Tiruvannamalai,TAMIL NADU,N,N,N,,
,502336,Medchal,TELANGANA,Y,Y,N,,
,523253,PODILI,ANDHRA PRADESH,Y,Y,N,,
,606811,Tiruvannamalai,TAMIL NADU,N,N,N,,
,534216,Tadepalligudem,ANDHRA PRADESH,Y,Y,Y,,
,534222,Tadepalligudem,ANDHRA PRADESH,Y,Y,Y,,
,855101,Kishanganj BIH,BIHAR,N,N,N,,
,497450,Chirmiri,CHHATTISGARH,N,N,N,,
,191113,Chadoora,JAMMU AND KASHMIR,Y,Y,Y,,
,271882,Behraich,UTTAR PRADESH,Y,Y,N,,
,271851,Chandpara,UTTAR PRADESH,N,N,N,,
,322219,Wazirpur,RAJASTHAN,N,N,N,,
,229801,Amethi,UTTAR PRADESH,Y,Y,N,,
,142034,SUDHAR,PUNJAB,Y,Y,N,,
,227811,Amethi,UTTAR PRADESH,Y,Y,N,,
,271825,Chandpara,UTTAR PRADESH,N,N,N,,
,191112,Chadoora,JAMMU AND KASHMIR,Y,Y,N,,
,341518,Merta,RAJASTHAN,N,N,N,,
,123501,Rewari,HARYANA,Y,Y,N,,
,685515,Kattapana,KERALA,N,N,N,,
,572225,Tumkur,KARNATAKA,N,N,N,,
,507135,Chinturu,TELANGANA,Y,Y,N,,
,507126,Chinturu,TELANGANA,Y,Y,N,,
,507113,Chinturu,TELANGANA,Y,Y,N,,
,632604,AMBUR,TAMIL NADU,N,N,Y,,
,802237,Motihari,BIHAR,N,N,N,,
,854202,Bhawanipur Rajdham,BIHAR,N,N,N,,
,854205,Bhawanipur Rajdham,BIHAR,N,N,N,,
,852214,SUPAUL,BIHAR,N,N,N,,
,843324,SITAMARHI,BIHAR,N,N,N,,
,854203,Bhawanipur Rajdham,BIHAR,N,N,N,,
,852139,SUPAUL,BIHAR,N,N,N,,
,821309,Motihari,BIHAR,N,N,N,,
,723147,JHALDA,WEST BENGAL,N,N,N,,
,848116,Begusarai,BIHAR,N,N,N,,
,761212,Paralakhemundi,Odisha,N,N,N,,
,799153,AGARTALA,TRIPURA,Y,Y,Y,,
,842507,Begusarai,BIHAR,N,N,N,,
,723201,JHALDA,WEST BENGAL,N,N,N,,
,766027,BISSAMCUTTACK,Odisha,Y,Y,Y,,
,723154,JHALDA,WEST BENGAL,N,N,N,,
,858503,Begusarai,BIHAR,N,N,N,,
,723215,JHALDA,WEST BENGAL,N,N,N,,
,765020,BISSAMCUTTACK,Odisha,Y,Y,Y,,
,843319,SITAMARHI,BIHAR,Y,Y,Y,,
,799157,AGARTALA,TRIPURA,Y,Y,Y,,
,855115,Kishanganj BIH,BIHAR,N,N,N,,
,765019,BISSAMCUTTACK,Odisha,Y,Y,Y,,
,723149,JHALDA,WEST BENGAL,N,N,N,,
,477446,BHIND,MADHYA PRADESH,Y,Y,Y,,
,323304,Rawatbhata,RAJASTHAN,Y,Y,N,,
,425105,Erandol,MAHARASHTRA,Y,Y,Y,,
,413112,VELAPUR,MAHARASHTRA,Y,Y,Y,,
,362251,Mangrol,GUJARAT,Y,Y,N,,
,522626,CHILAKALURIPETA,ANDHRA PRADESH,Y,Y,Y,,
,522616,CHILAKALURIPETA,ANDHRA PRADESH,Y,Y,Y,,
,522611,CHILAKALURIPETA,ANDHRA PRADESH,Y,Y,Y,,
,845440,Raxual,BIHAR,Y,Y,Y,,
,845433,Raxual,BIHAR,Y,Y,Y,,
,574145,GURUPURA,KARNATAKA,Y,Y,N,,
,413203,Jeur,MAHARASHTRA,Y,Y,N,,
,413501,Osmanabad,MAHARASHTRA,Y,Y,N,,
,193411,Magam,JAMMU AND KASHMIR,Y,Y,N,,
,223226,MARTINGANJ,UTTAR PRADESH,Y,Y,Y,,
,273405,Gorakhpur,UTTAR PRADESH,N,N,N,,
,273007,Gorakhpur,UTTAR PRADESH,Y,Y,N,,
,227801,MUSAFIRKHANA,UTTAR PRADESH,N,N,N,,
,223224,MARTINGANJ,UTTAR PRADESH,Y,Y,N,,
,229311,Bachhrawan,UTTAR PRADESH,Y,Y,N,,
,193403,Magam,JAMMU AND KASHMIR,N,N,N,,
,231206,Robertsganj,UTTAR PRADESH,Y,Y,Y,,
,250609,BAGHPAT,UTTAR PRADESH,Y,Y,Y,,
,793104,Shillong,MEGHALAYA,Y,Y,Y,,
,509228,SHADNAGAR,TELANGANA,N,N,N,,
,413605,Murum,MAHARASHTRA,Y,Y,N,,
,192221,Anantnag,JAMMU AND KASHMIR,Y,Y,N,,
,133104,Dhakola,HARYANA,Y,Y,N,,
,133101,Dhakola,HARYANA,Y,Y,N,,
,244104,Moradabad,UTTAR PRADESH,Y,Y,Y,,
,532429,Srikakulam,ANDHRA PRADESH,Y,Y,Y,,
,532432,Srikakulam,ANDHRA PRADESH,Y,Y,Y,,
,532421,Srikakulam,ANDHRA PRADESH,Y,Y,Y,,
,532425,Srikakulam,ANDHRA PRADESH,Y,Y,Y,,
,370645,Naliya,GUJARAT,N,N,N,,
,370640,Naliya,GUJARAT,N,N,N,,
,370660,Naliya,GUJARAT,N,N,N,,
,786158,Tinsukia,ASSAM,Y,Y,Y,,
,755043,Jajpur Town,Odisha,Y,Y,Y,,
,737136,Rangpo,SIKKIM,Y,Y,Y,,
,841235,Siwan,BIHAR,Y,Y,Y,,
,755030,Jajpur Town,Odisha,Y,Y,Y,,
,737132,Rangpo,SIKKIM,Y,Y,Y,,
,841435,Siwan,BIHAR,Y,Y,Y,,
,752106,Konark,Odisha,Y,Y,Y,,
,841239,Siwan,BIHAR,Y,Y,Y,,
,125104,MANDI DABWALI,HARYANA,Y,Y,Y,,
,125103,MANDI DABWALI,HARYANA,Y,Y,Y,,
,151211,MANDI DABWALI,HARYANA,Y,Y,Y,,
,509325,SHADNAGAR,TELANGANA,N,N,Y,,
,416229,Kolhapur,MAHARASHTRA,Y,Y,N,,
,783391,Chirang,ASSAM,Y,Y,N,,
,797116,DIMAPUR,NAGALAND,Y,Y,N,,
,797115,DIMAPUR,NAGALAND,Y,Y,N,,
,783390,Chirang,ASSAM,Y,Y,N,,
,517247,Madanapalli,ANDHRA PRADESH,Y,Y,Y,,
,508223,Suryapet,TELANGANA,Y,Y,N,,
,223221,Burhanpur UP,UTTAR PRADESH,Y,Y,N,,
,223223,Burhanpur UP,UTTAR PRADESH,Y,Y,N,,
,276138,Jiyanpur,UTTAR PRADESH,Y,Y,N,,
,276140,Jiyanpur,UTTAR PRADESH,Y,Y,N,,
,276142,Burhanpur UP,UTTAR PRADESH,Y,Y,N,,
,424105,Pachora,MAHARASHTRA,Y,Y,N,,
,424201,Pachora,MAHARASHTRA,Y,Y,N,,
,686515,Kottayam,KERALA,Y,Y,Y,,
,581204,Kalghatgi,KARNATAKA,Y,Y,N,,
,813321,Sultanganj,BIHAR,Y,Y,N,,
,210202,Atarra,UTTAR PRADESH,Y,Y,N,,
,221116,Cholapur,UTTAR PRADESH,Y,Y,N,,
,221104,Cholapur,UTTAR PRADESH,Y,Y,N,,
,283151,SHIKOHABAD,UTTAR PRADESH,Y,Y,Y,,
,210201,Atarra,UTTAR PRADESH,Y,Y,N,,
,202127,Atrauli,UTTAR PRADESH,Y,Y,Y,,
,205151,SHIKOHABAD,UTTAR PRADESH,Y,Y,Y,,
,202128,Atrauli,UTTAR PRADESH,Y,Y,Y,,
,203409,Bulandshahr,UTTAR PRADESH,Y,Y,Y,,
,313011,Udaipur,RAJASTHAN,Y,Y,N,,
,402309,Mahad,MAHARASHTRA,Y,Y,N,,
,421308,Thane,MAHARASHTRA,Y,Y,N,,
,422213,Nashik,MAHARASHTRA,Y,Y,N,,
,402305,Mahad,MAHARASHTRA,Y,Y,N,,
,388255,Balasinor,GUJARAT,Y,Y,N,,
,413737,TALEGAON DHIGE,MAHARASHTRA,Y,Y,N,,
,422212,Nashik,MAHARASHTRA,Y,Y,N,,
,388235,Balasinor,GUJARAT,Y,Y,N,,
,402301,Mahad,MAHARASHTRA,Y,Y,N,,
,402306,Mahad,MAHARASHTRA,Y,Y,N,,
,685532,Edakunnam,KERALA,Y,Y,Y,,
,585416,Basavakalyan,KARNATAKA,Y,Y,N,,
,563162,Kolar,KARNATAKA,Y,Y,N,,
,754144,Jagatsinghpur,Odisha,Y,Y,N,,
,416109,Kolhapur,MAHARASHTRA,Y,Y,N,,
,416118,Kolhapur,MAHARASHTRA,Y,Y,N,,
,425104,Erandol,MAHARASHTRA,Y,Y,N,,
,144202,Dhilwan,PUNJAB,Y,Y,Y,,
,274202,Gauribazar,UTTAR PRADESH,Y,Y,Y,,
,221712,RASRA,UTTAR PRADESH,Y,Y,Y,,
,245408,Gulawati,UTTAR PRADESH,Y,Y,Y,,
,202140,Khair UP,UTTAR PRADESH,Y,Y,N,,
,331301,Churu,RAJASTHAN,Y,Y,N,,
,203408,Gulawati,UTTAR PRADESH,Y,Y,Y,,
,798603,ABOI,NAGALAND,Y,Y,Y,,
,786174,Doomdooma,ASSAM,Y,Y,N,,
,736172,MATHABHANGA,WEST BENGAL,Y,Y,N,,
,736146,MATHABHANGA,WEST BENGAL,Y,Y,N,,
,722181,Bankura,WEST BENGAL,Y,Y,N,,
,713433,Purba Bardhaman,WEST BENGAL,Y,Y,N,,
,736157,MATHABHANGA,WEST BENGAL,Y,Y,N,,
,181202,Jammu,JAMMU AND KASHMIR,Y,Y,Y,,
,277210,Ballia,UTTAR PRADESH,Y,Y,Y,,
,277219,Ballia,UTTAR PRADESH,Y,Y,Y,,
,244924,Rampur,UTTAR PRADESH,Y,Y,N,,
,244927,Rampur,UTTAR PRADESH,Y,Y,N,,
,244925,Rampur,UTTAR PRADESH,Y,Y,N,,
,277202,Ballia,UTTAR PRADESH,Y,Y,Y,,
,522329,CHERUKUPALLI,ANDHRA PRADESH,Y,Y,Y,,
,523346,Semariya,ANDHRA PRADESH,Y,Y,N,,
,508224,ARVAPALLY,TELANGANA,Y,Y,Y,,
,522314,CHERUKUPALLI,ANDHRA PRADESH,Y,Y,Y,,
,522268,CHERUKUPALLI,ANDHRA PRADESH,Y,Y,Y,,
,522309,CHERUKUPALLI,ANDHRA PRADESH,Y,Y,Y,,
,388520,ANAND,GUJARAT,Y,Y,N,,
,400612,Mumbai,MAHARASHTRA,Y,Y,N,,
,403114,Goa,GOA,Y,Y,N,,
,441101,Saoner,MAHARASHTRA,Y,Y,Y,,
,682036,Cochin,KERALA,Y,Y,Y,,
,691504,MUKATHALA,KERALA,Y,Y,Y,,
